canonical_export_path,local_uploaded_filename,preferred_instance,browser_duplicate_suffix,canonical_path_instance_count,size_bytes,manifest_size_bytes,size_matches_manifest,sha256,content_hash_instance_count,duplicate_group,duplicate_kind,detected_mime_type,recommended_extension,original_name,restored_name,conversation_reference_count,first_conversation_id,first_conversation_title,first_conversation_create_time,mapping_confidence
file-0TqL1xx7D3iFN3jo3bKR5E9b.dat,file-0TqL1xx7D3iFN3jo3bKR5E9b(1).dat,yes,yes,1,496762,496762,yes,f02b19f8479b60687ac8ef15c009102334d066e58f3032c196b55c15ff2f1310,2,SHA-f02b19f8479b,byte-identical content under different export paths,image/jpeg,.jpg,IMG_6906.jpeg,IMG_6906.jpeg,1,0351c684-c504-40c1-b542-c6fff020745d,Scientist Illustration in Pixar Style,2024-01-31T12:34:17.052997+00:00,high: export filename
file-10iXw18mziHOVlBPbx0raMsf.dat,file-10iXw18mziHOVlBPbx0raMsf(1).dat,yes,yes,2,873120,873120,yes,c5fddaef562cb81dd518111439e0df40ed27d1570db6fea5b207880b3f3a67ca,2,SHA-c5fddaef562c,same export path uploaded more than once,image/jpeg,.jpg,IMG_6837.jpeg,IMG_6837.jpeg,1,8212127e-da07-42ad-872d-4f2af492b5d3,"Jaguar Tattoo, Minimalist Style",2024-02-23T02:00:38.731557+00:00,high: export filename
file-10iXw18mziHOVlBPbx0raMsf.dat,file-10iXw18mziHOVlBPbx0raMsf(2).dat,no,yes,2,873120,873120,yes,c5fddaef562cb81dd518111439e0df40ed27d1570db6fea5b207880b3f3a67ca,2,SHA-c5fddaef562c,same export path uploaded more than once,image/jpeg,.jpg,IMG_6837.jpeg,IMG_6837.jpeg,1,8212127e-da07-42ad-872d-4f2af492b5d3,"Jaguar Tattoo, Minimalist Style",2024-02-23T02:00:38.731557+00:00,high: export filename
file-1E6EAsXetFFESiAFAstwmf.dat,file-1E6EAsXetFFESiAFAstwmf(1).dat,yes,yes,1,132222,132222,yes,47292dddd8e943a6a334c8ac3c35d3c49a8eeedfad11a00766449d38b75eed80,1,,,image/jpeg,.jpg,35078DF7-2858-43AF-A273-DD60F82D98AC.jpeg,35078DF7-2858-43AF-A273-DD60F82D98AC.jpeg,1,68913335-8488-8323-81c0-e8845f858d19,Aces,2025-08-04T22:24:54.366693+00:00,high: export filename
file-1Eb5pm91NJn6LdW0gvGmvOTU.dat,file-1Eb5pm91NJn6LdW0gvGmvOTU(1).dat,yes,yes,1,157444,157444,yes,72ec8d2a5703aad08a82ccc268b0a0e1dc1864237f1830f4fb354173372d9fdd,1,,,image/jpeg,.jpg,WIN_20240130_08_32_44_Pro.jpg,WIN_20240130_08_32_44_Pro.jpg,1,80b5b0a9-786f-42b6-8422-eaa9d90f5ca8,Cartoon Girl Illustration,2024-01-31T12:42:36.060460+00:00,high: export filename
file-1N2v2wmeoxZ2hAUb6dCvkM.dat,file-1N2v2wmeoxZ2hAUb6dCvkM(1).dat,yes,yes,1,348613,348613,yes,994bf56a76ab3cb19940f8781442651a2abe760625b06806dc84bb46d7810047,1,,,image/jpeg,.jpg,D7B70E00-82FE-4699-B41C-418398DA379B.jpeg,D7B70E00-82FE-4699-B41C-418398DA379B.jpeg,1,685eff88-8bb8-800e-83a8-270ef76f0036,DIY Flight Sim Chair,2025-06-27T20:31:05.129191+00:00,high: export filename
file-1QgGf3VwrSUHHMyPsXfXsm.dat,file-1QgGf3VwrSUHHMyPsXfXsm(1).dat,yes,yes,1,8899,8899,yes,2f32eeda016ba679c9da824c6911aee5170089054fc6987a32871fe09aaf36e6,1,,,image/png,.png,7aa1430d-4be1-44ba-bf37-bc7bcbc6d9c7.png,7aa1430d-4be1-44ba-bf37-bc7bcbc6d9c7.png,1,68a63384-c448-8332-8f79-070182bbcd04,Message rewrite suggestions,2025-08-20T20:43:49.995981+00:00,high: export filename
file-1qNUkXdoAHKMJk524W96cw.dat,file-1qNUkXdoAHKMJk524W96cw(1).dat,yes,yes,1,3984981,3984981,yes,29fccfa7d6ea13f401321e5f681a7117fed8800bc057933a65d740114aea3230,1,,,image/jpeg,.jpg,B818EE82-9309-475F-92E0-5040FD560B6B.jpeg,B818EE82-9309-475F-92E0-5040FD560B6B.jpeg,1,68a09c85-46f4-8324-8ed1-93a2c9f6aaf2,Sexy rating offer,2025-08-16T14:58:13.988428+00:00,high: export filename
file-1sG3cvVad6DuALgP5RfgHw.dat,file-1sG3cvVad6DuALgP5RfgHw(1).dat,yes,yes,1,808518,808518,yes,347bafc45f28dac77946f9bfb8b1b4f3385bc625e3a32f7442eadc1347ed521d,1,,,image/jpeg,.jpg,A6D769AA-287B-4F2A-BB0C-42548D6F4263.jpeg,A6D769AA-287B-4F2A-BB0C-42548D6F4263.jpeg,1,685eff88-8bb8-800e-83a8-270ef76f0036,DIY Flight Sim Chair,2025-06-27T20:31:05.129191+00:00,high: export filename
file-29KcaQ58yVJiWvWq8YftaSMt.dat,file-29KcaQ58yVJiWvWq8YftaSMt(1).dat,yes,yes,2,453498,453498,yes,6aa05452b29fa84d044a7b3cd746c5c3cf8469b0a2b2d65534bcace9564d4489,3,SHA-6aa05452b29f,same export path uploaded more than once,image/jpeg,.jpg,IMG_6227.jpeg,IMG_6227.jpeg,1,f80ce050-b076-4c11-8366-005cddf728b3,Logo on Wall Request,2023-11-01T21:07:41.392850+00:00,high: export filename
file-29KcaQ58yVJiWvWq8YftaSMt.dat,file-29KcaQ58yVJiWvWq8YftaSMt(2).dat,no,yes,2,453498,453498,yes,6aa05452b29fa84d044a7b3cd746c5c3cf8469b0a2b2d65534bcace9564d4489,3,SHA-6aa05452b29f,same export path uploaded more than once,image/jpeg,.jpg,IMG_6227.jpeg,IMG_6227.jpeg,1,f80ce050-b076-4c11-8366-005cddf728b3,Logo on Wall Request,2023-11-01T21:07:41.392850+00:00,high: export filename
file-2Cs75uYpArWGLS8ewijHdN.dat,file-2Cs75uYpArWGLS8ewijHdN.dat,yes,no,1,277403,277403,yes,6285b2e8962413cf8e0360ccdcb79f499339cc6979df4fc24a459945dc7406c7,1,,,image/jpeg,.jpg,6BF30DBF-3885-4E98-8CE8-B7DEC0C5E38C.jpeg,6BF30DBF-3885-4E98-8CE8-B7DEC0C5E38C.jpeg,1,68811b62-862c-800e-b14f-2b3d23187b9c,LW_Breakdown,2025-07-23T17:26:59.072900+00:00,high: export filename
file-2dLJdH1cigE4igxZaRkVRo.dat,file-2dLJdH1cigE4igxZaRkVRo.dat,yes,no,1,2583817,2583817,yes,5a720e7fdf9a2abf42460ba492ee25772267efba9f4762090516fc4addb119a6,1,,,image/jpeg,.jpg,482C0FB9-56F8-429D-A597-D744799B082D.jpeg,482C0FB9-56F8-429D-A597-D744799B082D.jpeg,1,68682f34-b468-800e-a54e-94a2f1715ae8,Motor Lift Capacity Calculation,2025-07-04T19:44:53.168208+00:00,high: export filename
file-2SnHjqrLoZYrnSjvpzoNp5.dat,file-2SnHjqrLoZYrnSjvpzoNp5.dat,yes,no,1,4048673,4048673,yes,8771be54f6885793505d8311e33a0e1610b4f094fe859ac5742fd05c7ff845ba,1,,,image/jpeg,.jpg,DB19B779-0B98-4837-9730-122BC1670005.jpeg,DB19B779-0B98-4837-9730-122BC1670005.jpeg,1,68a09c85-46f4-8324-8ed1-93a2c9f6aaf2,Sexy rating offer,2025-08-16T14:58:13.988428+00:00,high: export filename
file-2sXDwuQ9yiYr6DBZoLjuGV.dat,file-2sXDwuQ9yiYr6DBZoLjuGV.dat,yes,no,1,429520,429520,yes,90bbc90945767812a65de899dd681de6548d5107cf413b11d08e886668316b11,1,,,image/jpeg,.jpg,722E4507-95F4-44D9-A4A4-678A28C2CBA2.jpeg,722E4507-95F4-44D9-A4A4-678A28C2CBA2.jpeg,1,68771b3c-6394-800e-8b9c-100e98ffac77,Strategic Networking Advice,2025-07-16T03:23:40.596108+00:00,high: export filename
file-2XrxPFJCqrVobrGnCZ9Ys5.dat,file-2XrxPFJCqrVobrGnCZ9Ys5.dat,yes,no,1,415107,415107,yes,798f4a0ba4ce684865f8c256c69d8879264ea5875e77874e586fabba401ec62c,1,,,image/jpeg,.jpg,D8268525-CB06-4237-A867-A78F4C126DC6.jpeg,D8268525-CB06-4237-A867-A78F4C126DC6.jpeg,1,68811b62-862c-800e-b14f-2b3d23187b9c,LW_Breakdown,2025-07-23T17:26:59.072900+00:00,high: export filename
file-33ZpBk76dxvZxreHCGNGJR.dat,file-33ZpBk76dxvZxreHCGNGJR(1).dat,no,yes,2,152908,152908,yes,98fa7cbb886e8b233967727e3cd86b9866ea5f4040a1268bbd30337c0b21ebf6,2,SHA-98fa7cbb886e,same export path uploaded more than once,image/jpeg,.jpg,DEA1A041-AE6F-463D-8D4D-38AF748C59DC.jpeg,DEA1A041-AE6F-463D-8D4D-38AF748C59DC.jpeg,1,68978f4b-1884-8332-974f-f705b25788da,Gutting mountain bike forks,2025-08-09T18:14:10.698965+00:00,high: export filename
file-33ZpBk76dxvZxreHCGNGJR.dat,file-33ZpBk76dxvZxreHCGNGJR.dat,yes,no,2,152908,152908,yes,98fa7cbb886e8b233967727e3cd86b9866ea5f4040a1268bbd30337c0b21ebf6,2,SHA-98fa7cbb886e,same export path uploaded more than once,image/jpeg,.jpg,DEA1A041-AE6F-463D-8D4D-38AF748C59DC.jpeg,DEA1A041-AE6F-463D-8D4D-38AF748C59DC.jpeg,1,68978f4b-1884-8332-974f-f705b25788da,Gutting mountain bike forks,2025-08-09T18:14:10.698965+00:00,high: export filename
file-3Amzum7XNisgp5Aarp5rBM.dat,file-3Amzum7XNisgp5Aarp5rBM.dat,yes,no,1,254634,254634,yes,efcdf5cfc87bb7dcb4cf18e16669857d61ae18adbe30d302560e013c7138e888,1,,,image/jpeg,.jpg,3F43A81C-B445-40C9-B696-A664C778E194.jpeg,3F43A81C-B445-40C9-B696-A664C778E194.jpeg,1,68811b62-862c-800e-b14f-2b3d23187b9c,LW_Breakdown,2025-07-23T17:26:59.072900+00:00,high: export filename
file-3b34fQv2mDdUFpNaBhtk6z.dat,file-3b34fQv2mDdUFpNaBhtk6z.dat,yes,no,1,162265,162265,yes,18aaba9e4a11092e28d27f7f7af1d3dbb3f83ff4b32862c01c5f4fca8db66fcb,1,,,image/png,.png,5a7bf7b9-3c7e-4007-9ad1-1a6468767233.png,5a7bf7b9-3c7e-4007-9ad1-1a6468767233.png,1,685ab8cf-43b8-800e-8a4e-503bd771e93c,Fire Extinguisher Types A and C,2025-06-24T14:40:15.434178+00:00,high: export filename
file-3cCzWunvqSRGaawFUGj7L8.dat,file-3cCzWunvqSRGaawFUGj7L8.dat,yes,no,1,315752,315752,yes,fd42d71b09c1751699010c7276ee00062faf092e53dceb2abe3e54b85fca3113,1,,,image/jpeg,.jpg,AF8FB81E-D281-4DAD-AC27-4C50EF17BCD1.jpeg,AF8FB81E-D281-4DAD-AC27-4C50EF17BCD1.jpeg,1,68811b62-862c-800e-b14f-2b3d23187b9c,LW_Breakdown,2025-07-23T17:26:59.072900+00:00,high: export filename
file-3Fjua1cYJLN2iePE5hHdPA.dat,file-3Fjua1cYJLN2iePE5hHdPA.dat,yes,no,1,263850,263850,yes,8433e1519e746d16c7f84a2a204cebcc2ccf324499ef202e2e662e1314fb5bf3,1,,,image/jpeg,.jpg,B62AC160-52D0-4645-B783-E78D081D6258.jpeg,B62AC160-52D0-4645-B783-E78D081D6258.jpeg,1,68771b3c-6394-800e-8b9c-100e98ffac77,Strategic Networking Advice,2025-07-16T03:23:40.596108+00:00,high: export filename
file-3gZjiFc3CWmh5Wahp3aCLM.dat,file-3gZjiFc3CWmh5Wahp3aCLM.dat,yes,no,1,25928,25928,yes,82edfe1d2e64dc3a6342b2d0758ddb130b163e2e121282939d4f4f054a522fe0,1,,,image/png,.png,926aff9f-b3d4-4f56-95bc-5b3d900f0ee6.png,926aff9f-b3d4-4f56-95bc-5b3d900f0ee6.png,1,6846d897-cde8-800e-86c7-aefd50ba11c4,CT scan radiation exposure,2025-06-09T12:50:32.177944+00:00,high: export filename
file-3iL9EyEHwpmy2HzJ5w62Dx.dat,file-3iL9EyEHwpmy2HzJ5w62Dx.dat,yes,no,1,266613,266613,yes,33eb87780567229dea53db14d3c92147e738080c708a4232bfb2c45e148ab1ab,1,,,image/jpeg,.jpg,CAFA5685-2117-4BA7-B4D5-256B5D98BE46.jpeg,CAFA5685-2117-4BA7-B4D5-256B5D98BE46.jpeg,1,68811b62-862c-800e-b14f-2b3d23187b9c,LW_Breakdown,2025-07-23T17:26:59.072900+00:00,high: export filename
file-3MY8pFbrPCnEGv1vFoh1dU.dat,file-3MY8pFbrPCnEGv1vFoh1dU.dat,yes,no,1,262123,262123,yes,553004f1c4768d9cfa4533d8b7811f992e12e71208fd153fcf413d479744c7e5,1,,,image/jpeg,.jpg,C24B7429-8BC7-401A-98DC-B2589E53C220.jpeg,C24B7429-8BC7-401A-98DC-B2589E53C220.jpeg,1,68811b62-862c-800e-b14f-2b3d23187b9c,LW_Breakdown,2025-07-23T17:26:59.072900+00:00,high: export filename
file-3SWcmzY1Xx8Ar21koK3rFz.dat,file-3SWcmzY1Xx8Ar21koK3rFz.dat,yes,no,1,4069602,4069602,yes,6feb71a0680c5adfb4debdd5b66ddda0669e2a27391ca6561eba83bbe3eb5fed,1,,,image/jpeg,.jpg,FFCD6C3B-8309-4914-A8A0-471671F985FC.jpeg,FFCD6C3B-8309-4914-A8A0-471671F985FC.jpeg,1,68a09c85-46f4-8324-8ed1-93a2c9f6aaf2,Sexy rating offer,2025-08-16T14:58:13.988428+00:00,high: export filename
file-4GoZYQVVNr8J7D5Fakvytt.dat,file-4GoZYQVVNr8J7D5Fakvytt.dat,yes,no,1,167809,167809,yes,220438417c50a4a3e7ee8dbd2c95204702073ca9a10a2709273ef4f416f48bd2,1,,,image/png,.png,abe30eb0-8258-493d-98a0-fee1b9fbb7c2.png,abe30eb0-8258-493d-98a0-fee1b9fbb7c2.png,1,685ab8cf-43b8-800e-8a4e-503bd771e93c,Fire Extinguisher Types A and C,2025-06-24T14:40:15.434178+00:00,high: export filename
file-4pZLtEzTFSNaMxitaVnuth.dat,file-4pZLtEzTFSNaMxitaVnuth.dat,yes,no,1,266847,266847,yes,d16d8b30acf94d7d54b520df9530a832bfe3ad53733dabb8ad4c9e1eda75c6a0,1,,,image/jpeg,.jpg,30588140-BD31-4B33-939A-FC1E99388580.jpeg,30588140-BD31-4B33-939A-FC1E99388580.jpeg,1,68811b62-862c-800e-b14f-2b3d23187b9c,LW_Breakdown,2025-07-23T17:26:59.072900+00:00,high: export filename
file-4qgcxyW5iWGAit5qTQAcFf.dat,file-4qgcxyW5iWGAit5qTQAcFf.dat,yes,no,1,2993549,2993549,yes,7d5d750a2f13bd430aa47e14a10c06089b6d0bbd85ac9eed6c4d036d17ed4c5b,1,,,image/jpeg,.jpg,FB014D0E-B464-44E9-8672-82558A2B2D9B.jpeg,FB014D0E-B464-44E9-8672-82558A2B2D9B.jpeg,1,68a0f30c-899c-8333-8c1c-13ac09357a13,Find celeb look alike,2025-08-16T21:07:26.946886+00:00,high: export filename
file-4rFzDofFvsC6tyu4AYdvpz.dat,file-4rFzDofFvsC6tyu4AYdvpz.dat,yes,no,1,560739,560739,yes,cdd64cf1f69d57c7c1173113cc72136b375814a4cf0e6a3c7be5b48e808161e0,1,,,image/jpeg,.jpg,DA751991-94B1-4D80-B5A3-CEE9A4ACD5A3.jpeg,DA751991-94B1-4D80-B5A3-CEE9A4ACD5A3.jpeg,1,68771b3c-6394-800e-8b9c-100e98ffac77,Strategic Networking Advice,2025-07-16T03:23:40.596108+00:00,high: export filename
file-5hqPN2p15KKpnxijqMv1KZ.dat,file-5hqPN2p15KKpnxijqMv1KZ.dat,yes,no,1,443220,443220,yes,377ed990a8953b0c7a2135f797177af6252e394593bd64e2c7ff8efc0b4373d3,1,,,image/jpeg,.jpg,F24969AD-96BB-4891-8397-D8DFC106066E.jpeg,F24969AD-96BB-4891-8397-D8DFC106066E.jpeg,1,68771b3c-6394-800e-8b9c-100e98ffac77,Strategic Networking Advice,2025-07-16T03:23:40.596108+00:00,high: export filename
file-5jRVUgs59T3Rw6iYgPCJtV.dat,file-5jRVUgs59T3Rw6iYgPCJtV.dat,yes,no,1,3826176,3826176,yes,8649e0bea7d993dab1d9064e8063f4f3c1145dd5eee06ef08bdaa53b2b0fc937,1,,,image/jpeg,.jpg,1F8CEFBB-0990-40CE-A19D-115162BD386A.jpeg,1F8CEFBB-0990-40CE-A19D-115162BD386A.jpeg,1,68a09c85-46f4-8324-8ed1-93a2c9f6aaf2,Sexy rating offer,2025-08-16T14:58:13.988428+00:00,high: export filename
file-5KfhME8jy5VX1xzK9bGujK.dat,file-5KfhME8jy5VX1xzK9bGujK.dat,yes,no,1,16346,16346,yes,07703296cc35f41e34d22986065496838667b5e364692c4d98b4dce5a15ad78c,1,,,image/png,.png,cb7aad94-7aa5-4a53-82ee-e787d66631b9.png,cb7aad94-7aa5-4a53-82ee-e787d66631b9.png,1,6846d897-cde8-800e-86c7-aefd50ba11c4,CT scan radiation exposure,2025-06-09T12:50:32.177944+00:00,high: export filename
file-5KVPxYp9999gyTWzDwJ2oX33.dat,file-5KVPxYp9999gyTWzDwJ2oX33.dat,yes,no,1,378696,378696,yes,e2c45295e833ff0fb0ea7faa127986a4fbbb8588b372bdd9f18efe5464d34656,2,SHA-e2c45295e833,byte-identical content under different export paths,image/jpeg,.jpg,IMG_2314.jpeg,IMG_2314.jpeg,1,c496ed3a-04ea-4c85-91e7-77f9c9ce5713,Pixar-style superhero girl illustration,2024-01-30T02:05:12.554220+00:00,high: export filename
file-5M8pCivgvBwAeijLmjwfRK.dat,file-5M8pCivgvBwAeijLmjwfRK.dat,yes,no,1,157707,157707,yes,9e5c34fffa9cd3f192b3acdf48b5a8d3a7eeaed7392f10c5eee915ee02f48818,1,,,image/jpeg,.jpg,3FAB4494-B117-4111-9754-6282356521D1.jpeg,3FAB4494-B117-4111-9754-6282356521D1.jpeg,1,68811b62-862c-800e-b14f-2b3d23187b9c,LW_Breakdown,2025-07-23T17:26:59.072900+00:00,high: export filename
file-5N3gq8pfmBjBVvi2ygUQwm.dat,file-5N3gq8pfmBjBVvi2ygUQwm.dat,yes,no,1,243428,243428,yes,f79acb664d0c7ef25ed2705079f432d054e2dc5b42decbd3a7c59e00413c8244,1,,,image/jpeg,.jpg,80ED3BFB-CB01-432B-BD32-45990905DE7B.jpeg,80ED3BFB-CB01-432B-BD32-45990905DE7B.jpeg,1,68811b62-862c-800e-b14f-2b3d23187b9c,LW_Breakdown,2025-07-23T17:26:59.072900+00:00,high: export filename
file-61cVsGuCn2qEjMaUUEsfeH.dat,file-61cVsGuCn2qEjMaUUEsfeH.dat,yes,no,1,256918,256918,yes,e928e48b3f2578c69598020b2528b006e412e656cc3eea7c3689c5917f430ca3,1,,,image/jpeg,.jpg,DF6A654F-8048-4485-8ED2-C2119CF42476.jpeg,DF6A654F-8048-4485-8ED2-C2119CF42476.jpeg,1,68811b62-862c-800e-b14f-2b3d23187b9c,LW_Breakdown,2025-07-23T17:26:59.072900+00:00,high: export filename
file-64AUr178spdKCiZHXq3pUr.dat,file-64AUr178spdKCiZHXq3pUr.dat,yes,no,1,23339,23339,yes,f46fb37ac4df71f39c771f33bb583d07ca502c01ae3dc3a2e4d926c6f271df01,1,,,image/png,.png,6eb63bd9-de86-418b-948a-ea682997b8ee.png,6eb63bd9-de86-418b-948a-ea682997b8ee.png,1,6846d897-cde8-800e-86c7-aefd50ba11c4,CT scan radiation exposure,2025-06-09T12:50:32.177944+00:00,high: export filename
file-65k2Y3jFNuBJUz59QNfXX4.dat,file-65k2Y3jFNuBJUz59QNfXX4.dat,yes,no,1,440809,440809,yes,fea751123a4fbf9ed98f1f097966d5c836f4deb56d0dbaf2b11b45057ca07de1,1,,,image/png,.png,87DBEEC9-CDB1-42C6-B934-C97885231775.png,87DBEEC9-CDB1-42C6-B934-C97885231775.png,1,68039108-c204-800e-a9df-2a8b1dbf4616,Tattoo design request,2025-04-19T12:03:20.878012+00:00,high: export filename
file-6DDZ4UkkkasFkbbNXvLkKy.dat,file-6DDZ4UkkkasFkbbNXvLkKy(1).dat,no,yes,2,292336,292336,yes,01c35d4beef00df3a2db305f43bf35c58c258f7e3cce4b3011530b18bc38c492,2,SHA-01c35d4beef0,same export path uploaded more than once,image/jpeg,.jpg,BF50BA91-9E8B-4D8E-A4AE-9179EBC6D575.jpeg,BF50BA91-9E8B-4D8E-A4AE-9179EBC6D575.jpeg,1,68811b62-862c-800e-b14f-2b3d23187b9c,LW_Breakdown,2025-07-23T17:26:59.072900+00:00,high: export filename
file-6DDZ4UkkkasFkbbNXvLkKy.dat,file-6DDZ4UkkkasFkbbNXvLkKy.dat,yes,no,2,292336,292336,yes,01c35d4beef00df3a2db305f43bf35c58c258f7e3cce4b3011530b18bc38c492,2,SHA-01c35d4beef0,same export path uploaded more than once,image/jpeg,.jpg,BF50BA91-9E8B-4D8E-A4AE-9179EBC6D575.jpeg,BF50BA91-9E8B-4D8E-A4AE-9179EBC6D575.jpeg,1,68811b62-862c-800e-b14f-2b3d23187b9c,LW_Breakdown,2025-07-23T17:26:59.072900+00:00,high: export filename
file-6Gnf7ihg2RddBwxxTAr8MP.dat,file-6Gnf7ihg2RddBwxxTAr8MP(1).dat,no,yes,2,300645,300645,yes,f77b469a82ab248ebbbe15f991dde69d8acb9745a087f1b7cdbba8ccdac1ee5e,3,SHA-f77b469a82ab,same export path uploaded more than once,image/jpeg,.jpg,634E0E03-6AC2-414B-BE97-980B6D19D38C.jpeg,634E0E03-6AC2-414B-BE97-980B6D19D38C.jpeg,1,685b0a75-a594-800e-a4e3-ff7bacce39ba,Flight Simulator Chair Plans,2025-06-24T20:28:37.760543+00:00,high: export filename
file-6Gnf7ihg2RddBwxxTAr8MP.dat,file-6Gnf7ihg2RddBwxxTAr8MP.dat,yes,no,2,300645,300645,yes,f77b469a82ab248ebbbe15f991dde69d8acb9745a087f1b7cdbba8ccdac1ee5e,3,SHA-f77b469a82ab,same export path uploaded more than once,image/jpeg,.jpg,634E0E03-6AC2-414B-BE97-980B6D19D38C.jpeg,634E0E03-6AC2-414B-BE97-980B6D19D38C.jpeg,1,685b0a75-a594-800e-a4e3-ff7bacce39ba,Flight Simulator Chair Plans,2025-06-24T20:28:37.760543+00:00,high: export filename
file-6GQUXeFXxSHYoPECPb4pYn.dat,file-6GQUXeFXxSHYoPECPb4pYn(1).dat,no,yes,2,186385,186385,yes,de776083521670eb053f384daec1f7902ba9a8cc0f3cad0a8adee3071e02d252,2,SHA-de7760835216,same export path uploaded more than once,image/jpeg,.jpg,86870A32-E010-48ED-8602-6F4971294205.jpeg,86870A32-E010-48ED-8602-6F4971294205.jpeg,1,68811b62-862c-800e-b14f-2b3d23187b9c,LW_Breakdown,2025-07-23T17:26:59.072900+00:00,high: export filename
file-6GQUXeFXxSHYoPECPb4pYn.dat,file-6GQUXeFXxSHYoPECPb4pYn.dat,yes,no,2,186385,186385,yes,de776083521670eb053f384daec1f7902ba9a8cc0f3cad0a8adee3071e02d252,2,SHA-de7760835216,same export path uploaded more than once,image/jpeg,.jpg,86870A32-E010-48ED-8602-6F4971294205.jpeg,86870A32-E010-48ED-8602-6F4971294205.jpeg,1,68811b62-862c-800e-b14f-2b3d23187b9c,LW_Breakdown,2025-07-23T17:26:59.072900+00:00,high: export filename
file-6Hhdehr8FyqQo337SABTSb.dat,file-6Hhdehr8FyqQo337SABTSb(1).dat,no,yes,2,3920089,3920089,yes,4dfe5f7cc846300bda0912b57b6489a7d5b50333c04d179ad73a1b1c06e995e9,2,SHA-4dfe5f7cc846,same export path uploaded more than once,image/jpeg,.jpg,F6B509F9-7DDF-4E04-88C6-23036B89C701.jpeg,F6B509F9-7DDF-4E04-88C6-23036B89C701.jpeg,1,68633848-8690-800e-bdb6-7a928d742f79,Linear Actuator Usage Guide,2025-07-01T01:22:16.905478+00:00,high: export filename
file-6Hhdehr8FyqQo337SABTSb.dat,file-6Hhdehr8FyqQo337SABTSb.dat,yes,no,2,3920089,3920089,yes,4dfe5f7cc846300bda0912b57b6489a7d5b50333c04d179ad73a1b1c06e995e9,2,SHA-4dfe5f7cc846,same export path uploaded more than once,image/jpeg,.jpg,F6B509F9-7DDF-4E04-88C6-23036B89C701.jpeg,F6B509F9-7DDF-4E04-88C6-23036B89C701.jpeg,1,68633848-8690-800e-bdb6-7a928d742f79,Linear Actuator Usage Guide,2025-07-01T01:22:16.905478+00:00,high: export filename
file-6JDM4QgVRwQwzhT6Yrpdfe.dat,file-6JDM4QgVRwQwzhT6Yrpdfe(1).dat,no,yes,2,306363,306363,yes,2501453eb8c20f00225929245e18cf9a0ad52a10aa9998d3865eecd8ecc4d2a6,2,SHA-2501453eb8c2,same export path uploaded more than once,image/jpeg,.jpg,untitled.jpg,untitled.jpg,1,d993201e-5c44-800e-965f-59438025f204,Describe picnic table,2025-10-10T23:50:36.616145+00:00,high: export filename
file-6JDM4QgVRwQwzhT6Yrpdfe.dat,file-6JDM4QgVRwQwzhT6Yrpdfe.dat,yes,no,2,306363,306363,yes,2501453eb8c20f00225929245e18cf9a0ad52a10aa9998d3865eecd8ecc4d2a6,2,SHA-2501453eb8c2,same export path uploaded more than once,image/jpeg,.jpg,untitled.jpg,untitled.jpg,1,d993201e-5c44-800e-965f-59438025f204,Describe picnic table,2025-10-10T23:50:36.616145+00:00,high: export filename
file-6zmSwwQ1Ns25123m6CWrxb.dat,file-6zmSwwQ1Ns25123m6CWrxb(1).dat,no,yes,2,130380,130380,yes,7cf3aa03a0c31642c936e56e89b0343c8e70c3a44e488593d516108d7b34987e,2,SHA-7cf3aa03a0c3,same export path uploaded more than once,image/png,.png,0366de53-9aac-4a0d-9d78-5f3178c57d80.png,0366de53-9aac-4a0d-9d78-5f3178c57d80.png,1,685ab8cf-43b8-800e-8a4e-503bd771e93c,Fire Extinguisher Types A and C,2025-06-24T14:40:15.434178+00:00,high: export filename
file-6zmSwwQ1Ns25123m6CWrxb.dat,file-6zmSwwQ1Ns25123m6CWrxb.dat,yes,no,2,130380,130380,yes,7cf3aa03a0c31642c936e56e89b0343c8e70c3a44e488593d516108d7b34987e,2,SHA-7cf3aa03a0c3,same export path uploaded more than once,image/png,.png,0366de53-9aac-4a0d-9d78-5f3178c57d80.png,0366de53-9aac-4a0d-9d78-5f3178c57d80.png,1,685ab8cf-43b8-800e-8a4e-503bd771e93c,Fire Extinguisher Types A and C,2025-06-24T14:40:15.434178+00:00,high: export filename
file-73lzaef7bITIIrPf96HFc67v.dat,file-73lzaef7bITIIrPf96HFc67v.dat,yes,no,1,453498,453498,yes,6aa05452b29fa84d044a7b3cd746c5c3cf8469b0a2b2d65534bcace9564d4489,3,SHA-6aa05452b29f,byte-identical content under different export paths,image/jpeg,.jpg,IMG_6227.jpeg,IMG_6227.jpeg,1,c6c378ed-eaff-4c48-8855-54459744faae,Greek Statue of LinkedIn User,2023-11-17T22:20:53.764055+00:00,high: export filename
file-76SWUjcLUMqetBonoePqS3.dat,file-76SWUjcLUMqetBonoePqS3.dat,yes,no,1,19921,19921,yes,e1bf1d8b5ff456f02b706487720b17deca96ab2dc7698cfa099f1797684463be,1,,,image/png,.png,9339d568-8e9e-4cb3-8471-1dde2a78353c.png,9339d568-8e9e-4cb3-8471-1dde2a78353c.png,1,6846d897-cde8-800e-86c7-aefd50ba11c4,CT scan radiation exposure,2025-06-09T12:50:32.177944+00:00,high: export filename
file-7cqobrtrvehLw6AVDTwZwu.dat,file-7cqobrtrvehLw6AVDTwZwu(1).dat,no,yes,2,333000,333000,yes,ce28d06a06dbb2f2f938084a231c5e35b51d35f64282abb3655790957e52355a,2,SHA-ce28d06a06db,same export path uploaded more than once,image/jpeg,.jpg,ADB6C237-91ED-49EB-89D5-B0611B0E3AAE.jpeg,ADB6C237-91ED-49EB-89D5-B0611B0E3AAE.jpeg,1,68811b62-862c-800e-b14f-2b3d23187b9c,LW_Breakdown,2025-07-23T17:26:59.072900+00:00,high: export filename
file-7cqobrtrvehLw6AVDTwZwu.dat,file-7cqobrtrvehLw6AVDTwZwu.dat,yes,no,2,333000,333000,yes,ce28d06a06dbb2f2f938084a231c5e35b51d35f64282abb3655790957e52355a,2,SHA-ce28d06a06db,same export path uploaded more than once,image/jpeg,.jpg,ADB6C237-91ED-49EB-89D5-B0611B0E3AAE.jpeg,ADB6C237-91ED-49EB-89D5-B0611B0E3AAE.jpeg,1,68811b62-862c-800e-b14f-2b3d23187b9c,LW_Breakdown,2025-07-23T17:26:59.072900+00:00,high: export filename
file-7pztPzZTMJ1KSTaHdpDaTg.dat,file-7pztPzZTMJ1KSTaHdpDaTg(1).dat,no,yes,2,33478,33478,yes,87d8ebfdb3a271a5e6b569f1bd3c491a1b11ab30c457f01aabad8654cae811a0,2,SHA-87d8ebfdb3a2,same export path uploaded more than once,image/png,.png,Screenshot 2025-08-09 053225.png,Screenshot 2025-08-09 053225.png,1,68978f4b-1884-8332-974f-f705b25788da,Gutting mountain bike forks,2025-08-09T18:14:10.698965+00:00,high: export filename
file-7pztPzZTMJ1KSTaHdpDaTg.dat,file-7pztPzZTMJ1KSTaHdpDaTg.dat,yes,no,2,33478,33478,yes,87d8ebfdb3a271a5e6b569f1bd3c491a1b11ab30c457f01aabad8654cae811a0,2,SHA-87d8ebfdb3a2,same export path uploaded more than once,image/png,.png,Screenshot 2025-08-09 053225.png,Screenshot 2025-08-09 053225.png,1,68978f4b-1884-8332-974f-f705b25788da,Gutting mountain bike forks,2025-08-09T18:14:10.698965+00:00,high: export filename
file-7ZbiCuNwN9eYmz2SdAqUsj.dat,file-7ZbiCuNwN9eYmz2SdAqUsj(1).dat,no,yes,2,3829197,3829197,yes,51dbd68813b917ab210eac796301eadad2b482f5ab52a8119f3207d08058b07f,2,SHA-51dbd68813b9,same export path uploaded more than once,image/jpeg,.jpg,86D29040-CD41-4F3C-93FC-95BDBBFEA297.jpeg,86D29040-CD41-4F3C-93FC-95BDBBFEA297.jpeg,1,68633848-8690-800e-bdb6-7a928d742f79,Linear Actuator Usage Guide,2025-07-01T01:22:16.905478+00:00,high: export filename
file-7ZbiCuNwN9eYmz2SdAqUsj.dat,file-7ZbiCuNwN9eYmz2SdAqUsj.dat,yes,no,2,3829197,3829197,yes,51dbd68813b917ab210eac796301eadad2b482f5ab52a8119f3207d08058b07f,2,SHA-51dbd68813b9,same export path uploaded more than once,image/jpeg,.jpg,86D29040-CD41-4F3C-93FC-95BDBBFEA297.jpeg,86D29040-CD41-4F3C-93FC-95BDBBFEA297.jpeg,1,68633848-8690-800e-bdb6-7a928d742f79,Linear Actuator Usage Guide,2025-07-01T01:22:16.905478+00:00,high: export filename
file-84a1maDJkEvxVgvPtZy9EP.dat,file-84a1maDJkEvxVgvPtZy9EP.dat,yes,no,1,102025,102025,yes,ce0e9178d2d5f46ffc38cad388dca4bd46e3e9c236bdfbb0b8dbfa1910bd3c37,1,,,image/png,.png,c9a19ad8-3598-49ef-b487-284842980e85.png,c9a19ad8-3598-49ef-b487-284842980e85.png,1,685ab8cf-43b8-800e-8a4e-503bd771e93c,Fire Extinguisher Types A and C,2025-06-24T14:40:15.434178+00:00,high: export filename
file-89aDLYrFe7u9UkZLP5Cd9V.dat,file-89aDLYrFe7u9UkZLP5Cd9V.dat,yes,no,1,337321,337321,yes,9fafd643be3eacbb837c8ef3f6a047c033f11a2e448fb902e8380ee78d1972e6,2,SHA-9fafd643be3e,byte-identical content under different export paths,image/jpeg,.jpg,5E4440AF-658E-4A18-A3E1-67CB98F41386.jpeg,5E4440AF-658E-4A18-A3E1-67CB98F41386.jpeg,1,685b0a75-a594-800e-a4e3-ff7bacce39ba,Flight Simulator Chair Plans,2025-06-24T20:28:37.760543+00:00,high: export filename
file-8DkGFqZ5BejtVTQb2HE8Dq.dat,file-8DkGFqZ5BejtVTQb2HE8Dq(1).dat,no,yes,2,3582570,3582570,yes,bb93aa22963be4eba06fdad342110ed04605f1f44e39c0d08c09a80154d4375a,2,SHA-bb93aa22963b,same export path uploaded more than once,image/jpeg,.jpg,8DFD4DF2-49AB-4303-9EDC-30277178C7B0.jpeg,8DFD4DF2-49AB-4303-9EDC-30277178C7B0.jpeg,1,68a0f30c-899c-8333-8c1c-13ac09357a13,Find celeb look alike,2025-08-16T21:07:26.946886+00:00,high: export filename
file-8DkGFqZ5BejtVTQb2HE8Dq.dat,file-8DkGFqZ5BejtVTQb2HE8Dq.dat,yes,no,2,3582570,3582570,yes,bb93aa22963be4eba06fdad342110ed04605f1f44e39c0d08c09a80154d4375a,2,SHA-bb93aa22963b,same export path uploaded more than once,image/jpeg,.jpg,8DFD4DF2-49AB-4303-9EDC-30277178C7B0.jpeg,8DFD4DF2-49AB-4303-9EDC-30277178C7B0.jpeg,1,68a0f30c-899c-8333-8c1c-13ac09357a13,Find celeb look alike,2025-08-16T21:07:26.946886+00:00,high: export filename
file-8nhNqbmQTZFBSQFveQq8DH.dat,file-8nhNqbmQTZFBSQFveQq8DH(1).dat,no,yes,2,425941,425941,yes,14211cf9872cc6c6302772c91355460033716bb47ace8d8ff5473d18fb28fff7,2,SHA-14211cf9872c,same export path uploaded more than once,image/jpeg,.jpg,4ED20974-D823-485E-B31F-E60318C4C849.jpeg,4ED20974-D823-485E-B31F-E60318C4C849.jpeg,1,68811b62-862c-800e-b14f-2b3d23187b9c,LW_Breakdown,2025-07-23T17:26:59.072900+00:00,high: export filename
file-8nhNqbmQTZFBSQFveQq8DH.dat,file-8nhNqbmQTZFBSQFveQq8DH.dat,yes,no,2,425941,425941,yes,14211cf9872cc6c6302772c91355460033716bb47ace8d8ff5473d18fb28fff7,2,SHA-14211cf9872c,same export path uploaded more than once,image/jpeg,.jpg,4ED20974-D823-485E-B31F-E60318C4C849.jpeg,4ED20974-D823-485E-B31F-E60318C4C849.jpeg,1,68811b62-862c-800e-b14f-2b3d23187b9c,LW_Breakdown,2025-07-23T17:26:59.072900+00:00,high: export filename
file-8orsrurhB9ChhXW43eSPyo.dat,file-8orsrurhB9ChhXW43eSPyo(1).dat,no,yes,2,19403,19403,yes,ca22f76c8d5865714e378d6e0fc5c696d1ca2b6349e17f1ca35f805f840a6970,2,SHA-ca22f76c8d58,same export path uploaded more than once,image/png,.png,Screenshot 2025-08-09 053942.png,Screenshot 2025-08-09 053942.png,1,68978f4b-1884-8332-974f-f705b25788da,Gutting mountain bike forks,2025-08-09T18:14:10.698965+00:00,high: export filename
file-8orsrurhB9ChhXW43eSPyo.dat,file-8orsrurhB9ChhXW43eSPyo.dat,yes,no,2,19403,19403,yes,ca22f76c8d5865714e378d6e0fc5c696d1ca2b6349e17f1ca35f805f840a6970,2,SHA-ca22f76c8d58,same export path uploaded more than once,image/png,.png,Screenshot 2025-08-09 053942.png,Screenshot 2025-08-09 053942.png,1,68978f4b-1884-8332-974f-f705b25788da,Gutting mountain bike forks,2025-08-09T18:14:10.698965+00:00,high: export filename
file-8uDTuTjAQdPGMQSsYUUvuE1m.dat,file-8uDTuTjAQdPGMQSsYUUvuE1m(1).dat,no,yes,2,189272,189272,yes,594b1a914ed555c653b79d1c11e530581b406771ac36f53514964356a2c4ff17,2,SHA-594b1a914ed5,same export path uploaded more than once,image/jpeg,.jpg,IMG_6434.jpeg,IMG_6434.jpeg,1,30af80f8-9dc5-4205-b5bb-e4796445a230,Innovative software engineer persona.,2024-02-20T21:25:09.686810+00:00,high: export filename
file-8uDTuTjAQdPGMQSsYUUvuE1m.dat,file-8uDTuTjAQdPGMQSsYUUvuE1m.dat,yes,no,2,189272,189272,yes,594b1a914ed555c653b79d1c11e530581b406771ac36f53514964356a2c4ff17,2,SHA-594b1a914ed5,same export path uploaded more than once,image/jpeg,.jpg,IMG_6434.jpeg,IMG_6434.jpeg,1,30af80f8-9dc5-4205-b5bb-e4796445a230,Innovative software engineer persona.,2024-02-20T21:25:09.686810+00:00,high: export filename
file-8XIR24v4vAiyVEgcs8vNYpHM.dat,file-8XIR24v4vAiyVEgcs8vNYpHM(1).dat,no,yes,2,360616,360616,yes,fb4f42381c7f96cc79087c1773f8fdd5f6b19ade50d8fcd4beab1447c7a3a9de,4,SHA-fb4f42381c7f,same export path uploaded more than once,image/png,.png,image.png,image.png,3,0e3a2fd4-7848-4081-9577-94038a4c259f,New chat,2024-03-01T18:09:35.603726+00:00,high: export filename
file-8XIR24v4vAiyVEgcs8vNYpHM.dat,file-8XIR24v4vAiyVEgcs8vNYpHM.dat,yes,no,2,360616,360616,yes,fb4f42381c7f96cc79087c1773f8fdd5f6b19ade50d8fcd4beab1447c7a3a9de,4,SHA-fb4f42381c7f,same export path uploaded more than once,image/png,.png,image.png,image.png,3,0e3a2fd4-7848-4081-9577-94038a4c259f,New chat,2024-03-01T18:09:35.603726+00:00,high: export filename
file-8ZepZbXArZrNffNEpBU6uW.dat,file-8ZepZbXArZrNffNEpBU6uW(1).dat,no,yes,2,243387,243387,yes,0405ef5109dc2aba25b77f620a1e95b7c2d7dd32f90013b6b009d6411360a0d7,2,SHA-0405ef5109dc,same export path uploaded more than once,image/jpeg,.jpg,12C420F3-6360-45B3-863E-C35F3E662F12.jpeg,12C420F3-6360-45B3-863E-C35F3E662F12.jpeg,1,68811b62-862c-800e-b14f-2b3d23187b9c,LW_Breakdown,2025-07-23T17:26:59.072900+00:00,high: export filename
file-8ZepZbXArZrNffNEpBU6uW.dat,file-8ZepZbXArZrNffNEpBU6uW.dat,yes,no,2,243387,243387,yes,0405ef5109dc2aba25b77f620a1e95b7c2d7dd32f90013b6b009d6411360a0d7,2,SHA-0405ef5109dc,same export path uploaded more than once,image/jpeg,.jpg,12C420F3-6360-45B3-863E-C35F3E662F12.jpeg,12C420F3-6360-45B3-863E-C35F3E662F12.jpeg,1,68811b62-862c-800e-b14f-2b3d23187b9c,LW_Breakdown,2025-07-23T17:26:59.072900+00:00,high: export filename
file-92WDgs9XqQpDm8bADSxVeUAO.dat,file-92WDgs9XqQpDm8bADSxVeUAO.dat,yes,no,1,959631,959631,yes,5deab5382de84026e26a44fee55ddf7bba26844fc12469750d0f555331e5ce7a,1,,,image/png,.png,photo-5B3E7295-F54B-4554-9FFA-2410AF727CCA.png,photo-5B3E7295-F54B-4554-9FFA-2410AF727CCA.png,1,c6c378ed-eaff-4c48-8855-54459744faae,Greek Statue of LinkedIn User,2023-11-17T22:20:53.764055+00:00,high: export filename
file-9cZwkB5ND1aLUXqW4uFyKKcS.dat,file-9cZwkB5ND1aLUXqW4uFyKKcS(1).dat,no,yes,2,360616,360616,yes,fb4f42381c7f96cc79087c1773f8fdd5f6b19ade50d8fcd4beab1447c7a3a9de,4,SHA-fb4f42381c7f,same export path uploaded more than once,image/png,.png,image.png,image.png,1,87d18bce-cc7c-4ecc-9d8d-26feecf1f4ea,Similar style chair modeled,2024-03-01T18:15:22.000704+00:00,high: export filename
file-9cZwkB5ND1aLUXqW4uFyKKcS.dat,file-9cZwkB5ND1aLUXqW4uFyKKcS.dat,yes,no,2,360616,360616,yes,fb4f42381c7f96cc79087c1773f8fdd5f6b19ade50d8fcd4beab1447c7a3a9de,4,SHA-fb4f42381c7f,same export path uploaded more than once,image/png,.png,image.png,image.png,1,87d18bce-cc7c-4ecc-9d8d-26feecf1f4ea,Similar style chair modeled,2024-03-01T18:15:22.000704+00:00,high: export filename
file-9zPkKXBbubyBtePtfmh822.dat,file-9zPkKXBbubyBtePtfmh822(1).dat,no,yes,2,186517,186517,yes,2d53408ef4d6ee0aabc10675aaf82aa8ca2f604c10af98a6945c345932621a29,2,SHA-2d53408ef4d6,same export path uploaded more than once,image/png,.png,2e654bfb-4f61-490a-a7bb-2da87723a13c.png,2e654bfb-4f61-490a-a7bb-2da87723a13c.png,1,68710231-9580-800e-a864-2c1275d4b8fc,CNC Seat Template Dimensions,2025-07-11T12:23:13.949681+00:00,high: export filename
file-9zPkKXBbubyBtePtfmh822.dat,file-9zPkKXBbubyBtePtfmh822.dat,yes,no,2,186517,186517,yes,2d53408ef4d6ee0aabc10675aaf82aa8ca2f604c10af98a6945c345932621a29,2,SHA-2d53408ef4d6,same export path uploaded more than once,image/png,.png,2e654bfb-4f61-490a-a7bb-2da87723a13c.png,2e654bfb-4f61-490a-a7bb-2da87723a13c.png,1,68710231-9580-800e-a864-2c1275d4b8fc,CNC Seat Template Dimensions,2025-07-11T12:23:13.949681+00:00,high: export filename
file-A3r8iC4M62TKwMc5NNagWp.dat,file-A3r8iC4M62TKwMc5NNagWp.dat,yes,no,1,19340,19340,yes,74384b7cfd1dc161300d29ee5f8e833ea99552a7493634e3eeb23aee8b371934,1,,,image/png,.png,844fa03b-5e4d-4b01-a890-eb79b7176625.png,844fa03b-5e4d-4b01-a890-eb79b7176625.png,1,6846d897-cde8-800e-86c7-aefd50ba11c4,CT scan radiation exposure,2025-06-09T12:50:32.177944+00:00,high: export filename
file-ADxwPA9QJdo3Tq4rsu5BCq.dat,file-ADxwPA9QJdo3Tq4rsu5BCq.dat,yes,no,1,506747,506747,yes,0d5032c57568cc928dd8fc3ee850f70e9eb8cd2fb762ad8ef2a95c2d9c6a79b5,1,,,image/jpeg,.jpg,0DC5F78E-406A-4884-8937-9E60C128991F.jpeg,0DC5F78E-406A-4884-8937-9E60C128991F.jpeg,1,68b22860-82e4-8321-b3bd-6e1e7af6e88e,New chat,2025-08-29T22:23:31.311012+00:00,high: export filename
file-AM9xqkktVGnhGEcLandZ8J.dat,file-AM9xqkktVGnhGEcLandZ8J.dat,yes,no,1,329210,329210,yes,64acb95cc57f0e6096194946134ba03b8712c2a6073e05da23be61855c71f9ae,1,,,image/jpeg,.jpg,40989E2B-84D8-41BA-9CDE-FEF9D70CEF83.jpeg,40989E2B-84D8-41BA-9CDE-FEF9D70CEF83.jpeg,1,68811b62-862c-800e-b14f-2b3d23187b9c,LW_Breakdown,2025-07-23T17:26:59.072900+00:00,high: export filename
file-AyATILF74MZdBpwOP2zLaVKW.dat,file-AyATILF74MZdBpwOP2zLaVKW.dat,yes,no,1,520404,520404,yes,bc5b63596371c43efdab1a1117db6b2dbb88aced2f520b5543957a7d6f37aca1,1,,,image/png,.png,image.png,image.png,1,c2018ca1-e979-4358-b910-9d1de5cf0d96,RAD Gain Calibration Interface,2024-03-06T17:23:41.936578+00:00,high: export filename
file-BAF3EEjavwzL8pjQLA64u7.dat,file-BAF3EEjavwzL8pjQLA64u7.dat,yes,no,1,322813,322813,yes,f4b3dd7a28757946904be136013b520a43b77bf169d26312b60b6dd5fa4e456a,1,,,image/jpeg,.jpg,5375BB5E-36ED-495B-8333-A09CED33CF96.jpeg,5375BB5E-36ED-495B-8333-A09CED33CF96.jpeg,1,68913335-8488-8323-81c0-e8845f858d19,Aces,2025-08-04T22:24:54.366693+00:00,high: export filename
file-Be3inKPujy1at6G8JPWHRT.dat,file-Be3inKPujy1at6G8JPWHRT.dat,yes,no,1,329996,329996,yes,87611aa66a4d2edb22ed5456aee5bae0054bfddabe7bf48229e8738436e8c83c,1,,,image/jpeg,.jpg,9B17D2DB-1C2C-46EC-BC35-44C298CDD8B4.jpeg,9B17D2DB-1C2C-46EC-BC35-44C298CDD8B4.jpeg,1,685eff88-8bb8-800e-83a8-270ef76f0036,DIY Flight Sim Chair,2025-06-27T20:31:05.129191+00:00,high: export filename
file-BjKRh9N9jdcXke63h4k9Pp.dat,file-BjKRh9N9jdcXke63h4k9Pp.dat,yes,no,1,109701,109701,yes,d9e73eefb427ad70fea8a92b98250407c81a4eb292dc82149b8ef7984f74e87d,1,,,image/jpeg,.jpg,C515FC3D-2B63-41C9-A164-2E6C96C2872A.jpeg,C515FC3D-2B63-41C9-A164-2E6C96C2872A.jpeg,1,68913335-8488-8323-81c0-e8845f858d19,Aces,2025-08-04T22:24:54.366693+00:00,high: export filename
file-BxmPYCeqJfCOpnsIc9pn5Gtk.dat,file-BxmPYCeqJfCOpnsIc9pn5Gtk.dat,yes,no,1,3251,3251,yes,b0242b1e0a4192937a7f894713e0c715156157156fdbaadcffc8c2758a456a66,1,,,image/png,.png,Capture.PNG,Capture.PNG,1,4bddb3a0-39cd-44b0-b26e-6eadd24f5e13,ToggleButton DataTemplate Creation,2024-03-05T13:19:27.032561+00:00,high: export filename
file-C72EvNXtFwYAVuX1T6kbcL.dat,file-C72EvNXtFwYAVuX1T6kbcL.dat,yes,no,1,337321,337321,yes,9fafd643be3eacbb837c8ef3f6a047c033f11a2e448fb902e8380ee78d1972e6,2,SHA-9fafd643be3e,byte-identical content under different export paths,image/jpeg,.jpg,DEEA4552-925D-4A2E-AE37-DD7DB1EE968F.jpeg,DEEA4552-925D-4A2E-AE37-DD7DB1EE968F.jpeg,1,685c886a-fe9c-800e-99ef-3cb541033d2c,DIY Flight Sim Chair,2025-06-25T23:38:19.374370+00:00,high: export filename
file-CARcKzJVTsDYWpi2SCSLjc.dat,file-CARcKzJVTsDYWpi2SCSLjc.dat,yes,no,1,284402,284402,yes,bb27a7d97e71748166861cbcdb1a3f9dec21fdd142737edb6978abc88122b38d,2,SHA-bb27a7d97e71,byte-identical content under different export paths,image/jpeg,.jpg,A2CA8876-804B-4036-9489-F9EB73D6D85D.jpeg,A2CA8876-804B-4036-9489-F9EB73D6D85D.jpeg,1,685c886a-fe9c-800e-99ef-3cb541033d2c,DIY Flight Sim Chair,2025-06-25T23:38:19.374370+00:00,high: export filename
file-cGmwUSUEJChzNJGLZWKTs9Ae.dat,file-cGmwUSUEJChzNJGLZWKTs9Ae.dat,yes,no,1,564357,564357,yes,4da186516d5a790247fc1df52ca94ee250eeef9507e453d39a8ce79658c11ba8,2,SHA-4da186516d5a,byte-identical content under different export paths,image/jpeg,.jpg,IMG_6878.jpeg,IMG_6878.jpeg,1,c496ed3a-04ea-4c85-91e7-77f9c9ce5713,Pixar-style superhero girl illustration,2024-01-30T02:05:12.554220+00:00,high: export filename
file-cnyd5cudHgfsnObjHcaJkCni.dat,file-cnyd5cudHgfsnObjHcaJkCni.dat,yes,no,1,503530,503530,yes,e9ab7181a9b194a09e040a3b0a264034a8dd4882de86ae81186dd9eb5c803a32,1,,,image/png,.png,image (1).png,image (1).png,1,c2018ca1-e979-4358-b910-9d1de5cf0d96,RAD Gain Calibration Interface,2024-03-06T17:23:41.936578+00:00,high: export filename
file-CXxVsQCNDRuDQfBg8GGbTK.dat,file-CXxVsQCNDRuDQfBg8GGbTK.dat,yes,no,1,229576,229576,yes,407646db0262e39f710053ee589a9f0157c2ea94c0f295281db6810061bfab99,1,,,image/jpeg,.jpg,D91970B5-370C-4328-928D-1278B36EA657.jpeg,D91970B5-370C-4328-928D-1278B36EA657.jpeg,1,68811b62-862c-800e-b14f-2b3d23187b9c,LW_Breakdown,2025-07-23T17:26:59.072900+00:00,high: export filename
file-dbjINxpeyM8IHbDQfncPOfBG.dat,file-dbjINxpeyM8IHbDQfncPOfBG.dat,yes,no,1,11674,11674,yes,cd977c2771849fbcd56fa5d2706abafe3a39adcd4141be43f45b0d479ed64bfa,1,,,image/png,.png,image.png,image.png,1,bbebd4cd-a5c3-4d6f-bebf-d445ecf66846,4K ToggleSwitch Styling,2024-02-27T18:43:39.176343+00:00,high: export filename
file-DD6h5hNzNPBkiGBhaVfpak.dat,file-DD6h5hNzNPBkiGBhaVfpak.dat,yes,no,1,165660,165660,yes,322b4a4d894065ea14c9ffbdf221f0047ddffddb926d234cb9bac4ce5f209e3b,1,,,image/png,.png,7d5e6306-8f11-43ef-98e2-406397487b2f.png,7d5e6306-8f11-43ef-98e2-406397487b2f.png,1,685ab8cf-43b8-800e-8a4e-503bd771e93c,Fire Extinguisher Types A and C,2025-06-24T14:40:15.434178+00:00,high: export filename
file-dtH1HKqo8PBDIm6ya8DAkoqv.dat,file-dtH1HKqo8PBDIm6ya8DAkoqv.dat,yes,no,1,892724,892724,yes,41940d4fdfe3ccb15ad7bcacb8e9d86917009a0d31e408c98e3a6bfae3145306,1,,,image/jpeg,.jpg,2EA3C311-4163-4254-8828-DDF4F5C6B245.jpeg,2EA3C311-4163-4254-8828-DDF4F5C6B245.jpeg,1,1831e4ea-12ad-4889-95f6-6e9ddee87d74,Fuzzywuzzy Ninja Fun!,2024-04-27T20:34:22.296343+00:00,high: export filename
file-DWja99dQTKMKk2j8xu8BLe.dat,file-DWja99dQTKMKk2j8xu8BLe.dat,yes,no,1,276926,276926,yes,fa911c00ffca9e1d9beb41a9424cbabc1151e41ccc8ae4cd8a5ea4e2731db982,1,,,image/jpeg,.jpg,418273F8-4884-4903-9E3B-39E19D58D160.jpeg,418273F8-4884-4903-9E3B-39E19D58D160.jpeg,1,68af107e-e664-8323-8f85-2e3548d5dd84,Response options for friend,2025-08-27T14:04:50.600394+00:00,high: export filename
file-E1qubuC4VBKpuh2vdwDsyw.dat,file-E1qubuC4VBKpuh2vdwDsyw.dat,yes,no,1,418619,418619,yes,06d12fea23a8926bd99c2b5d5aa17b667adbb4511d237b0055003c5b68b90d3b,1,,,image/jpeg,.jpg,96E3F5F7-5010-4AAC-9367-ED55FC786368.jpeg,96E3F5F7-5010-4AAC-9367-ED55FC786368.jpeg,1,685eff88-8bb8-800e-83a8-270ef76f0036,DIY Flight Sim Chair,2025-06-27T20:31:05.129191+00:00,high: export filename
file-EbYwm5KZyFwPPMkkcQjGUK.dat,file-EbYwm5KZyFwPPMkkcQjGUK.dat,yes,no,1,354721,354721,yes,8352a57bc4fd52c9f5215468a68f1f4eed89755cadebc83e8fd49f336a89abfc,1,,,image/jpeg,.jpg,7B77C13D-7B21-4117-8FB7-68937BF08271.jpeg,7B77C13D-7B21-4117-8FB7-68937BF08271.jpeg,1,68811b62-862c-800e-b14f-2b3d23187b9c,LW_Breakdown,2025-07-23T17:26:59.072900+00:00,high: export filename
file-EkMxWEKe9DLubA84jYZL8h.dat,file-EkMxWEKe9DLubA84jYZL8h.dat,yes,no,1,283064,283064,yes,67ad08419e454b6f15cce184486ce913c3002744148887639f3353bac9453dfb,2,SHA-67ad08419e45,byte-identical content under different export paths,image/jpeg,.jpg,95989B4C-858D-4A89-A6E1-2C44A4D9A7CF.jpeg,95989B4C-858D-4A89-A6E1-2C44A4D9A7CF.jpeg,1,685b0a75-a594-800e-a4e3-ff7bacce39ba,Flight Simulator Chair Plans,2025-06-24T20:28:37.760543+00:00,high: export filename
file-ENAzxLMeBoxkSSrCvmC6EE.dat,file-ENAzxLMeBoxkSSrCvmC6EE.dat,yes,no,1,495947,495947,yes,f2a4923ad312f6b99b1c80b3a56b62e4b80bd4d8563b98f90953c49c10ac4902,1,,,image/jpeg,.jpg,276ECDD4-34D7-4F7D-AE22-EC9C0C47E3B3.jpeg,276ECDD4-34D7-4F7D-AE22-EC9C0C47E3B3.jpeg,1,68811b62-862c-800e-b14f-2b3d23187b9c,LW_Breakdown,2025-07-23T17:26:59.072900+00:00,high: export filename
file-EyA2NFS7xvc75bVyRpyYvt.dat,file-EyA2NFS7xvc75bVyRpyYvt.dat,yes,no,1,65956,65956,yes,ae81610a184e2d0e3f52870964a67ebe456c1c01fd1ddef3340a5b8cdab53b7f,1,,,image/jpeg,.jpg,1930C5D1-B941-4283-B93E-F9C5DFDFA0BB.jpeg,1930C5D1-B941-4283-B93E-F9C5DFDFA0BB.jpeg,1,68a09c85-46f4-8324-8ed1-93a2c9f6aaf2,Sexy rating offer,2025-08-16T14:58:13.988428+00:00,high: export filename
file-EYWqKgrtLGMqM91rKrt5QF.dat,file-EYWqKgrtLGMqM91rKrt5QF.dat,yes,no,1,536262,536262,yes,b1e80d19b184c503e7ba2fd6ac571f956f4bd67f21ca258e5110b9baa7f7642d,3,SHA-b1e80d19b184,byte-identical content under different export paths,image/jpeg,.jpg,0405AE38-A292-4DE9-9206-0E12D53A7488.jpeg,0405AE38-A292-4DE9-9206-0E12D53A7488.jpeg,1,68811b62-862c-800e-b14f-2b3d23187b9c,LW_Breakdown,2025-07-23T17:26:59.072900+00:00,high: export filename
file-F8c4QFEJta7st3qaeJ3qC5.dat,file-F8c4QFEJta7st3qaeJ3qC5.dat,yes,no,1,286382,286382,yes,979c372af3787ed26382376ffbb63eece43d2aefa107d440580254caee24b2d4,1,,,image/jpeg,.jpg,93371C5A-69A2-43DC-B40E-4DF9568D8DBE.jpeg,93371C5A-69A2-43DC-B40E-4DF9568D8DBE.jpeg,1,68811b62-862c-800e-b14f-2b3d23187b9c,LW_Breakdown,2025-07-23T17:26:59.072900+00:00,high: export filename
file-FaAShu3FKlhf1iisn6qHg0UA.dat,file-FaAShu3FKlhf1iisn6qHg0UA.dat,yes,no,1,411516,411516,yes,4bd74253093bc4270a7e1ee3ec9bf3e01d4cbb6afa637d343bebb6bea49be0df,2,SHA-4bd74253093b,byte-identical content under different export paths,image/png,.png,image (2).png,image (2).png,1,c2018ca1-e979-4358-b910-9d1de5cf0d96,RAD Gain Calibration Interface,2024-03-06T17:23:41.936578+00:00,high: export filename
file-Fp2zquzMFPvh2HWnrb2TwT.dat,file-Fp2zquzMFPvh2HWnrb2TwT.dat,yes,no,1,228811,228811,yes,403065ae5446d4ac9061c08bec712e71fb02441be8237058ac57a898e8561a4d,1,,,image/jpeg,.jpg,BC86D37A-B7DA-4E3C-9A43-3B7358DFB280.jpeg,BC86D37A-B7DA-4E3C-9A43-3B7358DFB280.jpeg,1,68a09c85-46f4-8324-8ed1-93a2c9f6aaf2,Sexy rating offer,2025-08-16T14:58:13.988428+00:00,high: export filename
file-fqXEHWpnG8OHF0XCRmdHCJxb.dat,file-fqXEHWpnG8OHF0XCRmdHCJxb.dat,yes,no,1,455434,455434,yes,89338ab5f3d365c00f8057e231455a08ed113725621d9b6b3a6c5262c39d0c52,1,,,image/jpeg,.jpg,IMG_5770.jpeg,IMG_5770.jpeg,1,c6c378ed-eaff-4c48-8855-54459744faae,Greek Statue of LinkedIn User,2023-11-17T22:20:53.764055+00:00,high: export filename
file-Ftt7gejsFikJhee7MrjKhF.dat,file-Ftt7gejsFikJhee7MrjKhF.dat,yes,no,1,284402,284402,yes,bb27a7d97e71748166861cbcdb1a3f9dec21fdd142737edb6978abc88122b38d,2,SHA-bb27a7d97e71,byte-identical content under different export paths,image/jpeg,.jpg,3D5E026E-87D6-41BF-B567-9BB92CC4689A.jpeg,3D5E026E-87D6-41BF-B567-9BB92CC4689A.jpeg,1,685b0a75-a594-800e-a4e3-ff7bacce39ba,Flight Simulator Chair Plans,2025-06-24T20:28:37.760543+00:00,high: export filename
file-G4VDglT0KSlfyb5aSyADChQK.dat,file-G4VDglT0KSlfyb5aSyADChQK.dat,yes,no,1,195458,195458,yes,ade07541d042f60cf0786c65c047b277b7f2c55f35e9903628bd89913c6b54b4,1,,,image/jpeg,.jpg,IMG_6637.jpeg,IMG_6637.jpeg,1,1e9edd19-8a9e-4924-8147-754297c0583f,Jaguar Tattoo Sleeve Design,2024-01-22T22:11:24.474970+00:00,high: export filename
file-G75aB86nY4Rszs6GY6cEAM.dat,file-G75aB86nY4Rszs6GY6cEAM.dat,yes,no,1,273446,273446,yes,98268ccfb6012c56aa365ee334020ab1446faf7cb26a8f2bad4c859f87a96f99,1,,,image/jpeg,.jpg,3BAEC499-2EE5-44BC-81FB-D5ED383C1D55.jpeg,3BAEC499-2EE5-44BC-81FB-D5ED383C1D55.jpeg,1,68811b62-862c-800e-b14f-2b3d23187b9c,LW_Breakdown,2025-07-23T17:26:59.072900+00:00,high: export filename
file-GBFo8hCNWjES4ktJvUSuNz.dat,file-GBFo8hCNWjES4ktJvUSuNz.dat,yes,no,1,40027,40027,yes,99b5343635075d212b30a431e344b6b39f555961081c402b20e85243a5c4d9c7,1,,,image/png,.png,Screenshot 2025-08-09 053114.png,Screenshot 2025-08-09 053114.png,1,68978f4b-1884-8332-974f-f705b25788da,Gutting mountain bike forks,2025-08-09T18:14:10.698965+00:00,high: export filename
file-GjwgVeDx5EXexwzo2wYpWx.dat,file-GjwgVeDx5EXexwzo2wYpWx.dat,yes,no,1,237832,237832,yes,51f949afa039943bc9d40455a9258105951e99a0509c844056810e64875d185d,1,,,image/jpeg,.jpg,4773F43E-1B27-4219-9676-53C21551838E.jpeg,4773F43E-1B27-4219-9676-53C21551838E.jpeg,1,68811b62-862c-800e-b14f-2b3d23187b9c,LW_Breakdown,2025-07-23T17:26:59.072900+00:00,high: export filename
file-gO0O9R1hu6pn8CwEJ2U4U3LP.dat,file-gO0O9R1hu6pn8CwEJ2U4U3LP.dat,yes,no,1,762474,762474,yes,2878d1d748feb728540091f4096bf28a6ab20518e032c73322902c14a99f530f,2,SHA-2878d1d748fe,byte-identical content under different export paths,image/jpeg,.jpg,IMG_6880.jpeg,IMG_6880.jpeg,1,ad9251f8-7a3d-4aea-8118-3452d9375934,Pixar-style superhero transformation,2024-01-30T02:10:50.461285+00:00,high: export filename
file-gpXlAui2bZ71AsRmprfG97zk.dat,file-gpXlAui2bZ71AsRmprfG97zk.dat,yes,no,1,514824,514824,yes,d119a5b5ade338a5da01d76fae80ece7c3e1a8135f620ddd35e81583c3921ff3,1,,,image/png,.png,r.png,r.png,1,c2018ca1-e979-4358-b910-9d1de5cf0d96,RAD Gain Calibration Interface,2024-03-06T17:23:41.936578+00:00,high: export filename
file-HcUwHfdDy1nnqf6LEwV5yp.dat,file-HcUwHfdDy1nnqf6LEwV5yp.dat,yes,no,1,209722,209722,yes,cb6ec3ef7a10e6df3df51455a81ee526a8135ce157ac1a84e815d722197616d9,1,,,image/jpeg,.jpg,5D2D80C6-4317-40BC-94B5-87CD83C91DD1.jpeg,5D2D80C6-4317-40BC-94B5-87CD83C91DD1.jpeg,1,68811b62-862c-800e-b14f-2b3d23187b9c,LW_Breakdown,2025-07-23T17:26:59.072900+00:00,high: export filename
file-hLRB8z5ECT7rw7kDqOKEtrb9.dat,file-hLRB8z5ECT7rw7kDqOKEtrb9.dat,yes,no,1,501410,501410,yes,522568a26c29994e98a7cd0e08bf365b3427c8e8c1b6211ccfb82e4c2f4c15fb,1,,,image/jpeg,.jpg,IMG_6813.jpeg,IMG_6813.jpeg,1,49b21ca0-7ed1-480e-8d3c-a297f2a04e2a,Jungle Jaguar Tattoo Variants,2024-01-20T11:45:38.270076+00:00,high: export filename
file-Hom1qVqUYPEw3AubZsqcTy.dat,file-Hom1qVqUYPEw3AubZsqcTy.dat,yes,no,1,279922,279922,yes,31412f96d6c2749def55764aedee8c6e7c244838844999c141e0b0d925d94393,1,,,image/jpeg,.jpg,95038831-35E5-4D43-9B01-C1CF26E3A9F0.jpeg,95038831-35E5-4D43-9B01-C1CF26E3A9F0.jpeg,1,68811b62-862c-800e-b14f-2b3d23187b9c,LW_Breakdown,2025-07-23T17:26:59.072900+00:00,high: export filename
file-HQSBMmzwYkuDYgxJAwooED.dat,file-HQSBMmzwYkuDYgxJAwooED.dat,yes,no,1,222333,222333,yes,61ff73e120be3622002cadfa7ba49b9bd73d1f490bfc7ef40a43824f637f8114,1,,,image/jpeg,.jpg,DF5A9B18-9AF8-4AF5-B8E9-015B65946652.jpeg,DF5A9B18-9AF8-4AF5-B8E9-015B65946652.jpeg,1,68893d38-abf0-8320-96f9-2379ee8556bb,teams Rewrite-f,2025-07-29T21:29:29.448825+00:00,high: export filename
file-HQTiHugAHhFjRHTgruFYLv.dat,file-HQTiHugAHhFjRHTgruFYLv.dat,yes,no,1,186839,186839,yes,e9182e151b69792e69e66d8f6ac228fff02442959d9ab4f1b4a540ce0f82f119,1,,,image/jpeg,.jpg,1F1A8EC0-CE0A-4E80-8781-5BB08FE4D13A.jpeg,1F1A8EC0-CE0A-4E80-8781-5BB08FE4D13A.jpeg,1,685eff88-8bb8-800e-83a8-270ef76f0036,DIY Flight Sim Chair,2025-06-27T20:31:05.129191+00:00,high: export filename
file-huuQFO6xG4zbrtbH0Zkyder5.dat,file-huuQFO6xG4zbrtbH0Zkyder5.dat,yes,no,1,735792,735792,yes,720d57b6ce38b20a7253883084ed6744eaaf4af1a918479777f9d4748c4ed23b,1,,,image/jpeg,.jpg,IMG_6815.jpeg,IMG_6815.jpeg,1,49b21ca0-7ed1-480e-8d3c-a297f2a04e2a,Jungle Jaguar Tattoo Variants,2024-01-20T11:45:38.270076+00:00,high: export filename
file-HY4jyLwTaW5NvoDQtBzki8.dat,file-HY4jyLwTaW5NvoDQtBzki8.dat,yes,no,1,279658,279658,yes,82c650be9afc4e7027a5f6bc0b384a896dd0cc625f3991e558bede33d8d2b9f2,1,,,image/jpeg,.jpg,483EE3C9-F5F0-4620-8266-1D5F6598A570.jpeg,483EE3C9-F5F0-4620-8266-1D5F6598A570.jpeg,1,68811b62-862c-800e-b14f-2b3d23187b9c,LW_Breakdown,2025-07-23T17:26:59.072900+00:00,high: export filename
file-HZsmokUBoti0L5M2t2meYk6w.dat,file-HZsmokUBoti0L5M2t2meYk6w.dat,yes,no,1,762474,762474,yes,2878d1d748feb728540091f4096bf28a6ab20518e032c73322902c14a99f530f,2,SHA-2878d1d748fe,byte-identical content under different export paths,image/jpeg,.jpg,IMG_6880.jpeg,IMG_6880.jpeg,1,c496ed3a-04ea-4c85-91e7-77f9c9ce5713,Pixar-style superhero girl illustration,2024-01-30T02:05:12.554220+00:00,high: export filename
file-IVXRArtimbHR83sDnqdQiqe0.dat,file-IVXRArtimbHR83sDnqdQiqe0.dat,yes,no,1,378696,378696,yes,e2c45295e833ff0fb0ea7faa127986a4fbbb8588b372bdd9f18efe5464d34656,2,SHA-e2c45295e833,byte-identical content under different export paths,image/jpeg,.jpg,IMG_2314.jpeg,IMG_2314.jpeg,1,c496ed3a-04ea-4c85-91e7-77f9c9ce5713,Pixar-style superhero girl illustration,2024-01-30T02:05:12.554220+00:00,high: export filename
file-J1mnZ1PGPeXKE9zcyswmNj.dat,file-J1mnZ1PGPeXKE9zcyswmNj.dat,yes,no,1,27518,27518,yes,1c6bff550a77c65495d2432b6a3b80f6ccf2d1e5bf769440e7b784812b0576ca,1,,,image/png,.png,5246bf81-fd7a-444f-8adf-9cca0b519a09.png,5246bf81-fd7a-444f-8adf-9cca0b519a09.png,1,6846d897-cde8-800e-86c7-aefd50ba11c4,CT scan radiation exposure,2025-06-09T12:50:32.177944+00:00,high: export filename
file-J41KBxHyd3NMgxRG1U8VT1.dat,file-J41KBxHyd3NMgxRG1U8VT1.dat,yes,no,1,239712,239712,yes,43e23d8ed18ee68039a96349a7b4ba40d663b04e49f153e2ee89a6cfa21165ea,1,,,image/jpeg,.jpg,C260BD9A-86D3-4A3C-BF15-D9969D73C301.jpeg,C260BD9A-86D3-4A3C-BF15-D9969D73C301.jpeg,1,68811b62-862c-800e-b14f-2b3d23187b9c,LW_Breakdown,2025-07-23T17:26:59.072900+00:00,high: export filename
file-J8VuM3CJIjED5CXoysz0NVrA.dat,file-J8VuM3CJIjED5CXoysz0NVrA.dat,yes,no,1,496762,496762,yes,f02b19f8479b60687ac8ef15c009102334d066e58f3032c196b55c15ff2f1310,2,SHA-f02b19f8479b,byte-identical content under different export paths,image/jpeg,.jpg,IMG_6906.jpeg,IMG_6906.jpeg,1,928610c6-b977-4851-a2e3-8704807ab15a,Pixar-style Cartoonification of User,2024-01-31T12:36:48.810599+00:00,high: export filename
file-Jg15NHDJze5Tf2IPbw2vo0JU.dat,file-Jg15NHDJze5Tf2IPbw2vo0JU.dat,yes,no,1,562777,562777,yes,10a11f3baf3a520ab976bffafe62a9ff75c885c03e8f2db9a7ab3ed6d52a979d,1,,,image/png,.png,image.png,image.png,1,c2018ca1-e979-4358-b910-9d1de5cf0d96,RAD Gain Calibration Interface,2024-03-06T17:23:41.936578+00:00,high: export filename
file-Jg6fxYM9JKepqOpRuAlYTFsP.dat,file-Jg6fxYM9JKepqOpRuAlYTFsP.dat,yes,no,1,506994,506994,yes,f54a2ba1227bde4454f69df1f1c4c9466296d6f80f41820d43a0a117322869cd,1,,,image/jpeg,.jpg,C7201D3B-EAC3-45E0-8790-412622A792ED.jpeg,C7201D3B-EAC3-45E0-8790-412622A792ED.jpeg,1,9f9c9727-ee16-4692-bd32-923216dbb4bf,Spring Palette Suits You,2024-04-06T03:21:16.939855+00:00,high: export filename
file-JMwe45ZCMa151aePRTajdW.dat,file-JMwe45ZCMa151aePRTajdW.dat,yes,no,1,1068213,1068213,yes,64743ea3fd6aedf47ee990f116cddf4e65e64eebc5bdec637538d4d3a3edf74f,1,,,image/jpeg,.jpg,F74D9A82-725D-4ED3-8F09-A21FF0652AD7.jpeg,F74D9A82-725D-4ED3-8F09-A21FF0652AD7.jpeg,1,68978f4b-1884-8332-974f-f705b25788da,Gutting mountain bike forks,2025-08-09T18:14:10.698965+00:00,high: export filename
file-JPuAwCkPArKxVDr9zNMVrX.dat,file-JPuAwCkPArKxVDr9zNMVrX.dat,yes,no,1,161910,161910,yes,f18bca537e335084dc01224e1ee67254b4b94f0cd3ed0f85fd4cb589d74ceed4,1,,,image/jpeg,.jpg,65E942ED-ED26-4C22-BF21-1EFE3C9CE304.jpeg,65E942ED-ED26-4C22-BF21-1EFE3C9CE304.jpeg,1,68893d38-abf0-8320-96f9-2379ee8556bb,teams Rewrite-f,2025-07-29T21:29:29.448825+00:00,high: export filename
file-JRmSdgZqg88rYPnVhheQva.dat,file-JRmSdgZqg88rYPnVhheQva.dat,yes,no,1,969133,969133,yes,082df3d27c908585afbf04cd900af87fe0a04ac8fdc56c2fd89d8e228fff1d72,1,,,image/jpeg,.jpg,34832A0F-E536-4DCE-9433-6A84359A9280.jpeg,34832A0F-E536-4DCE-9433-6A84359A9280.jpeg,1,68978f4b-1884-8332-974f-f705b25788da,Gutting mountain bike forks,2025-08-09T18:14:10.698965+00:00,high: export filename
file-JvTneFrLsFjqqgkuEdtGsG9K.dat,file-JvTneFrLsFjqqgkuEdtGsG9K.dat,yes,no,1,48463,48463,yes,8a8ba0eeade9420c85680ce6240a27371638c5a4cd61cde426f475a13c39b89e,1,,,image/jpeg,.jpg,Resized_20230814_170843.jpeg,Resized_20230814_170843.jpeg,1,f80ce050-b076-4c11-8366-005cddf728b3,Logo on Wall Request,2023-11-01T21:07:41.392850+00:00,high: export filename
file-JY4YNyPcb5zSiUnRb2nfvZ.dat,file-JY4YNyPcb5zSiUnRb2nfvZ.dat,yes,no,1,3776549,3776549,yes,c85d72ba346b729f4406f207b9c55f510cbb3b186e087cfeba14bde7eda6f09d,1,,,image/jpeg,.jpg,09C0D712-C892-4E2A-8C62-E9173E678704.jpeg,09C0D712-C892-4E2A-8C62-E9173E678704.jpeg,1,68a09c85-46f4-8324-8ed1-93a2c9f6aaf2,Sexy rating offer,2025-08-16T14:58:13.988428+00:00,high: export filename
file-JYhfrzv2tQvhAQuXdQM6JA.dat,file-JYhfrzv2tQvhAQuXdQM6JA.dat,yes,no,1,3535284,3535284,yes,75287cec772060e1c4d0006e0cea2cbf3e898c64e2879f82948604381020848d,1,,,image/jpeg,.jpg,0254BA5A-7031-43DE-9156-C193CE2654FA.jpeg,0254BA5A-7031-43DE-9156-C193CE2654FA.jpeg,1,68a0f30c-899c-8333-8c1c-13ac09357a13,Find celeb look alike,2025-08-16T21:07:26.946886+00:00,high: export filename
file-K4wL8XnD6w6pUgs49zAZpk.dat,file-K4wL8XnD6w6pUgs49zAZpk.dat,yes,no,1,397133,397133,yes,2e3e7371ed3da854c19e135622b8fc4520807badb40cd0de8b256384d8feda51,1,,,image/jpeg,.jpg,EDF5FE83-A03B-491A-9441-28E091CE6545.jpeg,EDF5FE83-A03B-491A-9441-28E091CE6545.jpeg,1,68811b62-862c-800e-b14f-2b3d23187b9c,LW_Breakdown,2025-07-23T17:26:59.072900+00:00,high: export filename
file-KEWnkNXgepoZ6tBvgxZxy4.dat,file-KEWnkNXgepoZ6tBvgxZxy4.dat,yes,no,1,3242343,3242343,yes,54998451020438e1dd259ebec481ed06db1b3d13e9766924c33a5622033d6c50,1,,,image/jpeg,.jpg,417A926C-CA0A-4A72-9FFB-E86B931A607D.jpeg,417A926C-CA0A-4A72-9FFB-E86B931A607D.jpeg,1,68a0f30c-899c-8333-8c1c-13ac09357a13,Find celeb look alike,2025-08-16T21:07:26.946886+00:00,high: export filename
file-L3KEndyqF9QDqfkbLR2ex8.dat,file-L3KEndyqF9QDqfkbLR2ex8.dat,yes,no,1,13481,13481,yes,fc1cf39a320023789303881666946005cd63717799ec27c6f54d4a01c8422921,1,,,image/png,.png,4eb563aa-90ad-494a-b9dc-977f471204e2.png,4eb563aa-90ad-494a-b9dc-977f471204e2.png,1,6846d897-cde8-800e-86c7-aefd50ba11c4,CT scan radiation exposure,2025-06-09T12:50:32.177944+00:00,high: export filename
file-LAkBqcm1iixis2UV9FAhhD.dat,file-LAkBqcm1iixis2UV9FAhhD.dat,yes,no,1,17270,17270,yes,afb69f6f720ad48cf729dfa605e19d1e298c7fe1724c82fbaecebbc0e35738ff,1,,,image/png,.png,da06345f-237c-449a-a41c-aa1a3bf78730.png,da06345f-237c-449a-a41c-aa1a3bf78730.png,1,6846d897-cde8-800e-86c7-aefd50ba11c4,CT scan radiation exposure,2025-06-09T12:50:32.177944+00:00,high: export filename
file-LcBWsu2sHrvqQ3oML2RmkG.dat,file-LcBWsu2sHrvqQ3oML2RmkG.dat,yes,no,1,29699,29699,yes,2dc842cbd79997efd38a39bde4f2d9770baf8fe6bbe766d7663c86a0611ebc73,1,,,image/png,.png,2fa0cedb-b932-45c2-acef-9b81929fabe4.png,2fa0cedb-b932-45c2-acef-9b81929fabe4.png,1,6846d897-cde8-800e-86c7-aefd50ba11c4,CT scan radiation exposure,2025-06-09T12:50:32.177944+00:00,high: export filename
file-LDyVbvEBQysuvFsEkssS6p.dat,file-LDyVbvEBQysuvFsEkssS6p.dat,yes,no,1,186923,186923,yes,97feb04057f63a2fb48a063ae88e840b155e7605a4f29cdf702338f8f5c3fdc8,1,,,image/jpeg,.jpg,621130C8-312C-42FD-8DA2-4F4C6A1F9DAC.jpeg,621130C8-312C-42FD-8DA2-4F4C6A1F9DAC.jpeg,1,6899f27e-7efc-8324-b700-598e7ebfe5a5,Banter escalation tips,2025-08-11T13:39:15.038821+00:00,high: export filename
file-Lgv6PwBzgpZC72Gx3EMqMb.dat,file-Lgv6PwBzgpZC72Gx3EMqMb.dat,yes,no,1,268714,268714,yes,7b6486a712606d0f69ca31aec1fb7b1dc944b8963721451eaa80be4a8f7e3bca,1,,,image/jpeg,.jpg,F33FAD61-AC4C-4744-BE1D-147461647256.jpeg,F33FAD61-AC4C-4744-BE1D-147461647256.jpeg,1,68811b62-862c-800e-b14f-2b3d23187b9c,LW_Breakdown,2025-07-23T17:26:59.072900+00:00,high: export filename
file-LM1CjXHMfghrgxeHSNe2Bc.dat,file-LM1CjXHMfghrgxeHSNe2Bc.dat,yes,no,1,177993,177993,yes,1b037a0324be90deb7354ff412ae6ce931ed5060d3de7afd0a0782fd1a291c42,1,,,image/jpeg,.jpg,untitled.jpg,untitled.jpg,1,5578e157-029c-800e-8843-bdd843889c48,Workspace equipment description,2026-07-10T22:06:37.964836+00:00,high: export filename
file-Lo67dMrrVoyFTcQAStbiuW.dat,file-Lo67dMrrVoyFTcQAStbiuW.dat,yes,no,1,536262,536262,yes,b1e80d19b184c503e7ba2fd6ac571f956f4bd67f21ca258e5110b9baa7f7642d,3,SHA-b1e80d19b184,byte-identical content under different export paths,image/jpeg,.jpg,32508F50-31E7-437C-8B7F-E0071CE72F27.jpeg,32508F50-31E7-437C-8B7F-E0071CE72F27.jpeg,1,68811b62-862c-800e-b14f-2b3d23187b9c,LW_Breakdown,2025-07-23T17:26:59.072900+00:00,high: export filename
file-LSSXmPdHNvcY8jYVszPhmC.dat,file-LSSXmPdHNvcY8jYVszPhmC.dat,yes,no,1,397287,397287,yes,57229e4f01ec26d1226e4c4d6190eac946d2b18e3acf4002ec275fcb4d61ffe9,1,,,image/jpeg,.jpg,79AECAD3-B5CC-47A0-96D0-6E46CE2550B5.jpeg,79AECAD3-B5CC-47A0-96D0-6E46CE2550B5.jpeg,1,68a0f30c-899c-8333-8c1c-13ac09357a13,Find celeb look alike,2025-08-16T21:07:26.946886+00:00,high: export filename
file-m8Mt8osXafdUazZUZFDtFnCS.dat,file-m8Mt8osXafdUazZUZFDtFnCS.dat,yes,no,1,411516,411516,yes,4bd74253093bc4270a7e1ee3ec9bf3e01d4cbb6afa637d343bebb6bea49be0df,2,SHA-4bd74253093b,byte-identical content under different export paths,image/png,.png,image (3).png,image (3).png,1,c2018ca1-e979-4358-b910-9d1de5cf0d96,RAD Gain Calibration Interface,2024-03-06T17:23:41.936578+00:00,high: export filename
file-mmDl33rirR11cblrdaxThctj.dat,file-mmDl33rirR11cblrdaxThctj.dat,yes,no,1,3316705,3316705,yes,3a8da2ded977f67bc4ba6da6631fa7cf36e9cdba96abf69bae91cd4952a2ffff,1,,,image/png,.png,image.png,image.png,1,49b21ca0-7ed1-480e-8d3c-a297f2a04e2a,Jungle Jaguar Tattoo Variants,2024-01-20T11:45:38.270076+00:00,high: export filename
file-MMEB6n3RFPxXtPjuXJnKsM.dat,file-MMEB6n3RFPxXtPjuXJnKsM.dat,yes,no,1,237939,237939,yes,8ed971a8dd528f2a9c7d37bc00bb3f26cd20eb1f7e9688575042d278746f612f,1,,,image/jpeg,.jpg,2AE30512-53B7-43AB-9CC4-419A2B9B797E.jpeg,2AE30512-53B7-43AB-9CC4-419A2B9B797E.jpeg,1,68811b62-862c-800e-b14f-2b3d23187b9c,LW_Breakdown,2025-07-23T17:26:59.072900+00:00,high: export filename
file-MMuKk5DvAsPLtp71y9i1Gv.dat,file-MMuKk5DvAsPLtp71y9i1Gv.dat,yes,no,1,143499,143499,yes,a6427158e124b24bceb6cfc3f7e62e812aefdc9c5a9309e299a9d553252cbe80,1,,,image/jpeg,.jpg,38A31C47-DDB4-404A-9999-D43932B6F2AD.jpeg,38A31C47-DDB4-404A-9999-D43932B6F2AD.jpeg,1,68771a02-f378-800e-be6a-a480cb8d609d,Teasing Banter Ideas,2025-07-16T03:18:27.100649+00:00,high: export filename
file-Mp9od9bAvq4Z9ZYCd9uQ2B.dat,file-Mp9od9bAvq4Z9ZYCd9uQ2B.dat,yes,no,1,283064,283064,yes,67ad08419e454b6f15cce184486ce913c3002744148887639f3353bac9453dfb,2,SHA-67ad08419e45,byte-identical content under different export paths,image/jpeg,.jpg,08004874-8948-4A27-89D3-40A1340802D4.jpeg,08004874-8948-4A27-89D3-40A1340802D4.jpeg,1,685c886a-fe9c-800e-99ef-3cb541033d2c,DIY Flight Sim Chair,2025-06-25T23:38:19.374370+00:00,high: export filename
file-MwBR35rLsUAqdCRa1gpsVL.dat,file-MwBR35rLsUAqdCRa1gpsVL.dat,yes,no,1,1099690,1099690,yes,ca08f9b9198aa99f32221e800e99c0e47cf0839772b2323066042f1ca6db56c0,1,,,image/jpeg,.jpg,71080EE3-4098-435D-89F6-E2A142D659E7.jpeg,71080EE3-4098-435D-89F6-E2A142D659E7.jpeg,1,68978f4b-1884-8332-974f-f705b25788da,Gutting mountain bike forks,2025-08-09T18:14:10.698965+00:00,high: export filename
file-N77iJ3ZpTKSXh771gt9qmf.dat,file-N77iJ3ZpTKSXh771gt9qmf.dat,yes,no,1,337742,337742,yes,15578a6c5270f1ad3e2704f600199417d3ee89913ba15f6ae7a27b55717ca084,1,,,image/jpeg,.jpg,3D7B0329-119E-479F-B3A8-10377DEAF58C.jpeg,3D7B0329-119E-479F-B3A8-10377DEAF58C.jpeg,1,68771b3c-6394-800e-8b9c-100e98ffac77,Strategic Networking Advice,2025-07-16T03:23:40.596108+00:00,high: export filename
file-N9zYHbMkAEfo4eD8Nv5yuG.dat,file-N9zYHbMkAEfo4eD8Nv5yuG.dat,yes,no,1,79585,79585,yes,2f3ed907e15aee3740fcf05486b3a950db81d814213eea9bf3ecf1ebe9c7bb8f,1,,,image/png,.png,0bc7e21d-486f-49ff-bf88-0d2572041c15.png,0bc7e21d-486f-49ff-bf88-0d2572041c15.png,1,68978f4b-1884-8332-974f-f705b25788da,Gutting mountain bike forks,2025-08-09T18:14:10.698965+00:00,high: export filename
file-NGWqMYCkJJDTbGRYCeUw6V.dat,file-NGWqMYCkJJDTbGRYCeUw6V.dat,yes,no,1,3527606,3527606,yes,e66ba3a5e6f7552d5d39754eeaa8d521105083517f92028c10df45692a40e3cb,1,,,image/jpeg,.jpg,6823F04D-964F-4F23-BA5F-057D496871D6.jpeg,6823F04D-964F-4F23-BA5F-057D496871D6.jpeg,1,68a0f30c-899c-8333-8c1c-13ac09357a13,Find celeb look alike,2025-08-16T21:07:26.946886+00:00,high: export filename
file-NPNndQGRX1Uji1ymx4B8gn.dat,file-NPNndQGRX1Uji1ymx4B8gn.dat,yes,no,1,21623,21623,yes,160333395939173e476898215b4b08ad64de3106cf5802a5f7937514dda131f3,1,,,image/png,.png,0fbce931-c429-4e3d-8d60-fe836129ad36.png,0fbce931-c429-4e3d-8d60-fe836129ad36.png,1,6846d897-cde8-800e-86c7-aefd50ba11c4,CT scan radiation exposure,2025-06-09T12:50:32.177944+00:00,high: export filename
file-P3u8DW8pAwfksG4y8RCSnq.dat,file-P3u8DW8pAwfksG4y8RCSnq.dat,yes,no,1,281198,281198,yes,4141f1c199bbee9ec4309b8a21e63a0eb7bcb3dab1a28581e9a37b44fbcfc310,1,,,image/jpeg,.jpg,D076259E-5709-4DF5-8B49-007CF9794F42.jpeg,D076259E-5709-4DF5-8B49-007CF9794F42.jpeg,1,68811b62-862c-800e-b14f-2b3d23187b9c,LW_Breakdown,2025-07-23T17:26:59.072900+00:00,high: export filename
file-PbdhExEJgpLLhR7suvu84p.dat,file-PbdhExEJgpLLhR7suvu84p.dat,yes,no,1,82715,82715,yes,1522cf3b6c91324858def9a258e52e85c3743d1348409cb84d2ef3b52b3fe614,1,,,image/jpeg,.jpg,67CEA495-5DDF-412B-8F46-C555F75D95BD.jpeg,67CEA495-5DDF-412B-8F46-C555F75D95BD.jpeg,1,68893d38-abf0-8320-96f9-2379ee8556bb,teams Rewrite-f,2025-07-29T21:29:29.448825+00:00,high: export filename
file-PBujDgkM7ERb533oScTHKo.dat,file-PBujDgkM7ERb533oScTHKo.dat,yes,no,1,314989,314989,yes,a4fe608b69c01c1caf85c561f88a6f426994915869fbef80deaecfb90888bdac,2,SHA-a4fe608b69c0,byte-identical content under different export paths,image/jpeg,.jpg,107F4DDE-D63F-4FC3-84B2-067854727B5B.jpeg,107F4DDE-D63F-4FC3-84B2-067854727B5B.jpeg,1,685c886a-fe9c-800e-99ef-3cb541033d2c,DIY Flight Sim Chair,2025-06-25T23:38:19.374370+00:00,high: export filename
file-PCYsqcYEbei1eTCgDWX4dS.dat,file-PCYsqcYEbei1eTCgDWX4dS.dat,yes,no,1,320318,320318,yes,9f3e053c73b85d487e6a0846577e2726f6a47660cd14617cca7534839e99b49e,2,SHA-9f3e053c73b8,byte-identical content under different export paths,image/jpeg,.jpg,F5AB39EC-46C3-46C2-BBA5-993AB188E905.jpeg,F5AB39EC-46C3-46C2-BBA5-993AB188E905.jpeg,1,685b0a75-a594-800e-a4e3-ff7bacce39ba,Flight Simulator Chair Plans,2025-06-24T20:28:37.760543+00:00,high: export filename
file-PKAJy6KdHs7kLvjEonRPn5.dat,file-PKAJy6KdHs7kLvjEonRPn5.dat,yes,no,1,239348,239348,yes,d704f85f9fe8efd4d5d76f8f2a2a30a8ac5b940c34c50aaa5bbdcff5dad42697,1,,,image/jpeg,.jpg,AE447888-D312-45F0-9A11-D8B88612CCFA.jpeg,AE447888-D312-45F0-9A11-D8B88612CCFA.jpeg,1,68811b62-862c-800e-b14f-2b3d23187b9c,LW_Breakdown,2025-07-23T17:26:59.072900+00:00,high: export filename
file-PKuT1n3gBniH39esJHBitV.dat,file-PKuT1n3gBniH39esJHBitV.dat,yes,no,1,3247999,3247999,yes,575812d814acfc3346ee0280ecf84648cd05a4bd480014a54b2b60c53a7624e3,1,,,image/jpeg,.jpg,C1D6D6C1-999A-4757-90E8-80DE41349745.jpeg,C1D6D6C1-999A-4757-90E8-80DE41349745.jpeg,1,68a0f30c-899c-8333-8c1c-13ac09357a13,Find celeb look alike,2025-08-16T21:07:26.946886+00:00,high: export filename
file-PRG9pZc1MPrqtSJD7UaZeR.dat,file-PRG9pZc1MPrqtSJD7UaZeR.dat,yes,no,1,590286,590286,yes,315133cdc52f9080ebb8b6194a71fceecbf8320a651c70a3bef8279039fd2907,1,,,image/jpeg,.jpg,CCA44E69-5049-4A7E-B7CE-FD8CF3DBF80B.jpeg,CCA44E69-5049-4A7E-B7CE-FD8CF3DBF80B.jpeg,1,68a0f30c-899c-8333-8c1c-13ac09357a13,Find celeb look alike,2025-08-16T21:07:26.946886+00:00,high: export filename
file-Q2ujQXnHcZce2DLUeqFYdY.dat,file-Q2ujQXnHcZce2DLUeqFYdY.dat,yes,no,1,513999,513999,yes,54f8465d142bf663bcc9bc1f01f12f27035ee35fc4a78dd24b7fe7856efb4335,1,,,image/jpeg,.jpg,3B3ADF7A-8E0F-4BAA-97B1-335F4C4FEB80.jpeg,3B3ADF7A-8E0F-4BAA-97B1-335F4C4FEB80.jpeg,1,68771b3c-6394-800e-8b9c-100e98ffac77,Strategic Networking Advice,2025-07-16T03:23:40.596108+00:00,high: export filename
file-Q5DUsnxhRd93oPS683nsTe.dat,file-Q5DUsnxhRd93oPS683nsTe.dat,yes,no,1,205497,205497,yes,bb2985693e09bb12df89b207d22f09f2ec422ae58e816c55d71fe7fbd91f11cf,1,,,image/png,.png,17ec0da7-56d7-4605-ac2f-59dbb1c37c13.png,17ec0da7-56d7-4605-ac2f-59dbb1c37c13.png,1,68978f4b-1884-8332-974f-f705b25788da,Gutting mountain bike forks,2025-08-09T18:14:10.698965+00:00,high: export filename
file-QGbBN3ytht1F2C8dcPhcMd.dat,file-QGbBN3ytht1F2C8dcPhcMd.dat,yes,no,1,14621,14621,yes,e2dcb3f17b1fb6dbba8a2cc04bb17265e8c509afc917057026f34f5064368729,1,,,image/png,.png,a5114176-fc90-41c0-a4c3-3801b851e153.png,a5114176-fc90-41c0-a4c3-3801b851e153.png,1,6846d897-cde8-800e-86c7-aefd50ba11c4,CT scan radiation exposure,2025-06-09T12:50:32.177944+00:00,high: export filename
file-QGcZCf4e56HAAsgczDX5XU.dat,file-QGcZCf4e56HAAsgczDX5XU.dat,yes,no,1,401655,401655,yes,8c76c2399943f9464b84037b48ecb27292bb7e04c2db9220b7eb228890409601,1,,,image/jpeg,.jpg,61C97662-33EB-4609-A5DD-AFD93A4DBF17.jpeg,61C97662-33EB-4609-A5DD-AFD93A4DBF17.jpeg,1,68811b62-862c-800e-b14f-2b3d23187b9c,LW_Breakdown,2025-07-23T17:26:59.072900+00:00,high: export filename
file-QjUoojnFSu32GwokXA3BsN.dat,file-QjUoojnFSu32GwokXA3BsN.dat,yes,no,1,694152,694152,yes,e1d13122ad873c3987f9573fa11db822abfd38314a1b1c5c45e33f04782f8fb2,1,,,image/jpeg,.jpg,C96D9961-6C66-4130-913C-4EE74AFD6BC5.jpeg,C96D9961-6C66-4130-913C-4EE74AFD6BC5.jpeg,1,68811b62-862c-800e-b14f-2b3d23187b9c,LW_Breakdown,2025-07-23T17:26:59.072900+00:00,high: export filename
file-QKNApgSmBdg916qTNpksnB.dat,file-QKNApgSmBdg916qTNpksnB.dat,yes,no,1,216429,216429,yes,d6010718ac418826752705ba88c39392cf1e4f74aefa4461e3e0a7163ccec73e,1,,,image/jpeg,.jpg,EE044C7B-12C8-422D-A80D-AE74273C4F3D.jpeg,EE044C7B-12C8-422D-A80D-AE74273C4F3D.jpeg,1,68811b62-862c-800e-b14f-2b3d23187b9c,LW_Breakdown,2025-07-23T17:26:59.072900+00:00,high: export filename
file-QUh9FLv87uiPKky15SKfDp.dat,file-QUh9FLv87uiPKky15SKfDp.dat,yes,no,1,379175,379175,yes,5ee6f124991c5176dec12583d6d35462f1168949e3b4830febf029f29d0f37b1,1,,,image/jpeg,.jpg,CF15873E-12FF-4BE3-8643-25E74D7EB0BD.jpeg,CF15873E-12FF-4BE3-8643-25E74D7EB0BD.jpeg,1,68a0f30c-899c-8333-8c1c-13ac09357a13,Find celeb look alike,2025-08-16T21:07:26.946886+00:00,high: export filename
file-QVMjDvmqkNaZCyDqneWadE.dat,file-QVMjDvmqkNaZCyDqneWadE.dat,yes,no,1,466898,466898,yes,0adcd6187f431d65e9ff2cd94bc6ffb9f26d9d6ee2147475f500b22a8d7524d3,1,,,image/jpeg,.jpg,4B19B80F-3F84-4F5E-8053-BA85E603BEED.jpeg,4B19B80F-3F84-4F5E-8053-BA85E603BEED.jpeg,1,68978f4b-1884-8332-974f-f705b25788da,Gutting mountain bike forks,2025-08-09T18:14:10.698965+00:00,high: export filename
file-qwyq58OQbtoKUcteglIypLcb.dat,file-qwyq58OQbtoKUcteglIypLcb.dat,yes,no,1,1149334,1149334,yes,f56a64f3b90eab1228fe5be715c73b10ec224f0202989b101d6325ff3694e588,1,,,image/png,.png,image.png,image.png,1,b0e77d77-b049-43ec-98f1-9ce62d7d6e2e,Create STL from Photo,2024-07-05T18:09:37.558140+00:00,high: export filename
file-RLfRXjNugofLoPeaBeDPS9.dat,file-RLfRXjNugofLoPeaBeDPS9.dat,yes,no,1,3385601,3385601,yes,ca91fe45364157a1a441c43e3a8b3a787a88e867ce5d5f8ee5dc6293a186b0cd,1,,,image/jpeg,.jpg,IMG_CC75C0CA-DDC9-4144-9B2F-77B5E89331D3.jpeg,IMG_CC75C0CA-DDC9-4144-9B2F-77B5E89331D3.jpeg,1,68670d11-aa34-800e-805f-4f83b6458932,Stepper motor wiring help,2025-07-03T23:06:58.156200+00:00,high: export filename
file-rouJg3fDpVHtMVos6mJYJeqk.dat,file-rouJg3fDpVHtMVos6mJYJeqk.dat,yes,no,1,25338,25338,yes,85f9086a16783b84a8060cc31551723fd2907c24545329f4f59f3d93d2f3f4b4,1,,,image/png,.png,image.png,image.png,1,f121a59e-8f40-4f51-8cd4-2e0439ed5db7,Create WinUI 3 DatePicker,2024-03-19T12:09:18.871059+00:00,high: export filename
file-RP3DGiVvufxWf1wckySTcK.dat,file-RP3DGiVvufxWf1wckySTcK.dat,yes,no,1,18278,18278,yes,52be2458de02b3980f355947e1dad5da38b7de55991639b64ca3fe66075c4b39,1,,,image/png,.png,4f0dfde3-c343-4fdd-a704-0b12e3fbfb64.png,4f0dfde3-c343-4fdd-a704-0b12e3fbfb64.png,1,6846d897-cde8-800e-86c7-aefd50ba11c4,CT scan radiation exposure,2025-06-09T12:50:32.177944+00:00,high: export filename
file-RwHPCUJvJoE78xRAD8xscw.dat,file-RwHPCUJvJoE78xRAD8xscw.dat,yes,no,1,72533,72533,yes,e43da22b052b2b36a77cb9509605d339b03c2c390baf4078ab4fabbb75b107fc,1,,,image/jpeg,.jpg,E397CDF3-14C6-4609-A4FE-BAE55B69E631.jpeg,E397CDF3-14C6-4609-A4FE-BAE55B69E631.jpeg,1,68b8e90f-aebc-832d-b887-a6fcc219a1fb,Create message for friend,2025-09-04T01:19:13.144390+00:00,high: export filename
file-S27eeGd02CaocSgLdBf2s8Qx.dat,file-S27eeGd02CaocSgLdBf2s8Qx.dat,yes,no,1,564357,564357,yes,4da186516d5a790247fc1df52ca94ee250eeef9507e453d39a8ce79658c11ba8,2,SHA-4da186516d5a,byte-identical content under different export paths,image/jpeg,.jpg,IMG_6878.jpeg,IMG_6878.jpeg,1,c496ed3a-04ea-4c85-91e7-77f9c9ce5713,Pixar-style superhero girl illustration,2024-01-30T02:05:12.554220+00:00,high: export filename
file-S9Ck36k9apKwygk8Qb9YGP.dat,file-S9Ck36k9apKwygk8Qb9YGP.dat,yes,no,1,422939,422939,yes,fff27bf8f3bb96979ce216386bbced12b110786b9c2a0345b41b023193fd3d32,1,,,image/jpeg,.jpg,C8448107-E017-414F-83DB-D71B383F4FA6.jpeg,C8448107-E017-414F-83DB-D71B383F4FA6.jpeg,1,68811b62-862c-800e-b14f-2b3d23187b9c,LW_Breakdown,2025-07-23T17:26:59.072900+00:00,high: export filename
file-ScdpuqmmxNLYUsVuizCxqd.dat,file-ScdpuqmmxNLYUsVuizCxqd.dat,yes,no,1,267539,267539,yes,338760f2969ec968fa99353b82a746e7e7ad2aff582a3c7ce1d07e58460514bc,1,,,image/jpeg,.jpg,2B465F58-5DC4-4B95-B5AE-B0349E335B38.jpeg,2B465F58-5DC4-4B95-B5AE-B0349E335B38.jpeg,1,68811b62-862c-800e-b14f-2b3d23187b9c,LW_Breakdown,2025-07-23T17:26:59.072900+00:00,high: export filename
file-Sh3ktkZteWjdf1xgXFJU58.dat,file-Sh3ktkZteWjdf1xgXFJU58.dat,yes,no,1,208998,208998,yes,b2b22ae1fa97ff30a1a5006fb82c8a89efcf0c9e53f805a0a4d15180b2fbc6d0,1,,,image/jpeg,.jpg,17B0A3D8-273A-4C8D-8A23-1F1DD8F9305D.jpeg,17B0A3D8-273A-4C8D-8A23-1F1DD8F9305D.jpeg,1,68811b62-862c-800e-b14f-2b3d23187b9c,LW_Breakdown,2025-07-23T17:26:59.072900+00:00,high: export filename
file-SteHRDf1TdAQmBywV4u8C2.dat,file-SteHRDf1TdAQmBywV4u8C2.dat,yes,no,1,300645,300645,yes,f77b469a82ab248ebbbe15f991dde69d8acb9745a087f1b7cdbba8ccdac1ee5e,3,SHA-f77b469a82ab,byte-identical content under different export paths,image/jpeg,.jpg,38396AC7-FA5D-4F67-B6C2-0AF5BA8AC499.jpeg,38396AC7-FA5D-4F67-B6C2-0AF5BA8AC499.jpeg,1,685c886a-fe9c-800e-99ef-3cb541033d2c,DIY Flight Sim Chair,2025-06-25T23:38:19.374370+00:00,high: export filename
file-TKDW9wEENzCnz2tdwttcQQ.dat,file-TKDW9wEENzCnz2tdwttcQQ.dat,yes,no,1,320318,320318,yes,9f3e053c73b85d487e6a0846577e2726f6a47660cd14617cca7534839e99b49e,2,SHA-9f3e053c73b8,byte-identical content under different export paths,image/jpeg,.jpg,8B0EA94A-45C4-417A-86A1-2D22ADFFD228.jpeg,8B0EA94A-45C4-417A-86A1-2D22ADFFD228.jpeg,1,685c886a-fe9c-800e-99ef-3cb541033d2c,DIY Flight Sim Chair,2025-06-25T23:38:19.374370+00:00,high: export filename
file-TXBEJDJFWZZhXdCYKtuLeZ.dat,file-TXBEJDJFWZZhXdCYKtuLeZ.dat,yes,no,1,586912,586912,yes,c7dd7eafc689f44ccf5cff8f222bea18d0685f609e6dfa9f6c7663fc44597208,1,,,image/jpeg,.jpg,ABC0468F-638A-4572-84DC-7AD2EC52F612.jpeg,ABC0468F-638A-4572-84DC-7AD2EC52F612.jpeg,1,68771b3c-6394-800e-8b9c-100e98ffac77,Strategic Networking Advice,2025-07-16T03:23:40.596108+00:00,high: export filename
file-TZbrF6VGgzq77k96yZvzLA.dat,file-TZbrF6VGgzq77k96yZvzLA.dat,yes,no,1,179117,179117,yes,0f0b9645c1b08b1112b690339182eba8d42d8bc021dcab3f4b9db68493538cc6,1,,,image/jpeg,.jpg,63CCE75F-0CDE-4E84-8391-D9ABCE1023CD.jpeg,63CCE75F-0CDE-4E84-8391-D9ABCE1023CD.jpeg,1,68771b3c-6394-800e-8b9c-100e98ffac77,Strategic Networking Advice,2025-07-16T03:23:40.596108+00:00,high: export filename
file-UF6WFdA8gr1v91ujvY8fzo.dat,file-UF6WFdA8gr1v91ujvY8fzo.dat,yes,no,1,564143,564143,yes,87477a1d22d21d4d815a2d4cc21a0ac2216d595bab3329976adebb0e56a20ecb,1,,,image/jpeg,.jpg,E32EA555-5E3B-40D4-AADD-2E7F90C2DEA9.jpeg,E32EA555-5E3B-40D4-AADD-2E7F90C2DEA9.jpeg,1,68811b62-862c-800e-b14f-2b3d23187b9c,LW_Breakdown,2025-07-23T17:26:59.072900+00:00,high: export filename
file-UhuPQ858hmM5DSUSwSZfL4.dat,file-UhuPQ858hmM5DSUSwSZfL4.dat,yes,no,1,168372,168372,yes,5b3e332755255427a1ee89c5f7f0b249715c046a900a9986d5c2cd5bb2cce45f,1,,,image/jpeg,.jpg,untitled.jpg,untitled.jpg,1,5578e157-029c-800e-8843-bdd843889c48,Workspace equipment description,2026-07-10T22:06:37.964836+00:00,high: export filename
file-Uir85JM23P5s2SVTxu1BUb.dat,file-Uir85JM23P5s2SVTxu1BUb.dat,yes,no,1,213454,213454,yes,4e2323a48282c54dff8a91a4d065e576a81d7a5f85864268b2ab6a99d03245af,1,,,image/jpeg,.jpg,59DDDC88-B291-4964-8DA3-4A07691FE364.jpeg,59DDDC88-B291-4964-8DA3-4A07691FE364.jpeg,1,68811b62-862c-800e-b14f-2b3d23187b9c,LW_Breakdown,2025-07-23T17:26:59.072900+00:00,high: export filename
file-ULfyw6VXiwnQqE7qv4PVHq.dat,file-ULfyw6VXiwnQqE7qv4PVHq.dat,yes,no,1,223123,223123,yes,0656cdf4594f912552db9351d6a966ae3b6497288b03ea2ec85988ba9528cb1c,1,,,image/jpeg,.jpg,04DFD8D7-1973-4C9A-ADF1-030C360A8222.jpeg,04DFD8D7-1973-4C9A-ADF1-030C360A8222.jpeg,1,68b18c17-8188-8328-9eab-0983e6f6ee36,Good response suggestion,2025-08-29T11:16:41.666669+00:00,high: export filename
file-UQ7vXHL0nK4RaKo6gLExkVcL.dat,file-UQ7vXHL0nK4RaKo6gLExkVcL.dat,yes,no,1,3356,3356,yes,b72dd495cfeca9f9efd6dfbc6ec2abf9fc15e2ac6e98085cf5feee35ee277987,1,,,image/png,.png,image.png,image.png,1,2b10f6bb-6cfe-4b97-9441-7cbe22f93eed,QR Modifikasi Kreatif,2024-02-09T19:38:19.680172+00:00,high: export filename
file-UrC5xyKgBgfKA2yXmuPV85.dat,file-UrC5xyKgBgfKA2yXmuPV85.dat,yes,no,1,33477,33477,yes,ae59e306b8745e69dc57f7f10006ceff35e9dc294262a64606e7dc9de0873498,1,,,image/png,.png,Screenshot 2025-08-09 053232.png,Screenshot 2025-08-09 053232.png,1,68978f4b-1884-8332-974f-f705b25788da,Gutting mountain bike forks,2025-08-09T18:14:10.698965+00:00,high: export filename
file-UTYGyKuA2PVKeefjwTQ642.dat,file-UTYGyKuA2PVKeefjwTQ642.dat,yes,no,1,279090,279090,yes,f1b8417c3e0e54799c620d989be4aad7c3dc582cacc3dc854e6129b6eeafa14c,1,,,image/jpeg,.jpg,30DBD7C7-A3B8-404E-B267-11415380B2CF.jpeg,30DBD7C7-A3B8-404E-B267-11415380B2CF.jpeg,1,68811b62-862c-800e-b14f-2b3d23187b9c,LW_Breakdown,2025-07-23T17:26:59.072900+00:00,high: export filename
file-V3tRx9mC2yLJYouXtUGp3f.dat,file-V3tRx9mC2yLJYouXtUGp3f.dat,yes,no,1,274434,274434,yes,e4b5fccc62ac258c6df89fcb3e525e36cf6f2df4ecba4efa43925df31e2b73db,1,,,image/jpeg,.jpg,B6310F49-85B0-4D1A-BC4B-21B50ED4342E.jpeg,B6310F49-85B0-4D1A-BC4B-21B50ED4342E.jpeg,1,68811b62-862c-800e-b14f-2b3d23187b9c,LW_Breakdown,2025-07-23T17:26:59.072900+00:00,high: export filename
file-V5otTFtNCqb8DiHAvZwHn5.dat,file-V5otTFtNCqb8DiHAvZwHn5.dat,yes,no,1,470271,470271,yes,3e8ff9befbbdb5d2cd20611e115e9f486bca6b757e8d02ff4edbd17f09dd186b,1,,,image/jpeg,.jpg,C2758C16-BCF8-448F-8BBB-D835CB11C2A6.jpeg,C2758C16-BCF8-448F-8BBB-D835CB11C2A6.jpeg,1,68811b62-862c-800e-b14f-2b3d23187b9c,LW_Breakdown,2025-07-23T17:26:59.072900+00:00,high: export filename
file-vbNERVowPsKw4BTPQHJ0P9NH.dat,file-vbNERVowPsKw4BTPQHJ0P9NH.dat,yes,no,1,307915,307915,yes,8139cc3bc6f39cce432b1d78d00a50f863f0b02b8fdb608dfe3b9bdb3523480a,1,,,image/jpeg,.jpg,IMG_6812.jpeg,IMG_6812.jpeg,1,49b21ca0-7ed1-480e-8d3c-a297f2a04e2a,Jungle Jaguar Tattoo Variants,2024-01-20T11:45:38.270076+00:00,high: export filename
file-VDUJLjns56tcKpov5hqTsn.dat,file-VDUJLjns56tcKpov5hqTsn.dat,yes,no,1,273720,273720,yes,676e6eca53a996fe0c9eb07a7b770cacdd10d999336bc8e6760ab9fe31f22fdb,1,,,image/jpeg,.jpg,BEC092C3-B1AB-4062-8143-77E234CD313A.jpeg,BEC092C3-B1AB-4062-8143-77E234CD313A.jpeg,1,68811b62-862c-800e-b14f-2b3d23187b9c,LW_Breakdown,2025-07-23T17:26:59.072900+00:00,high: export filename
file-VfC9dtNvBTvhz3aWixUZSn.dat,file-VfC9dtNvBTvhz3aWixUZSn.dat,yes,no,1,314989,314989,yes,a4fe608b69c01c1caf85c561f88a6f426994915869fbef80deaecfb90888bdac,2,SHA-a4fe608b69c0,byte-identical content under different export paths,image/jpeg,.jpg,6657E8AD-C927-4DC3-A353-51455AB89902.jpeg,6657E8AD-C927-4DC3-A353-51455AB89902.jpeg,1,685b0a75-a594-800e-a4e3-ff7bacce39ba,Flight Simulator Chair Plans,2025-06-24T20:28:37.760543+00:00,high: export filename
file-VG8neARB1uMFNq3VvoSNme.dat,file-VG8neARB1uMFNq3VvoSNme.dat,yes,no,1,161403,161403,yes,36df695c9ec8f23695098a32fc0cd88cd10cf94ddf847772cd71627bc32d6cdb,1,,,image/jpeg,.jpg,AC456548-885F-4472-A55F-467F2080C6B4.jpeg,AC456548-885F-4472-A55F-467F2080C6B4.jpeg,1,68811b62-862c-800e-b14f-2b3d23187b9c,LW_Breakdown,2025-07-23T17:26:59.072900+00:00,high: export filename
file-Vi5LmzuTMdXNZpEa7qHujG.dat,file-Vi5LmzuTMdXNZpEa7qHujG.dat,yes,no,1,1089574,1089574,yes,b51879f17e4d520653eba29b559d4b95cd453d2e92e8b3c967e3e68b36f7b2c4,1,,,image/jpeg,.jpg,B72A7F38-90D0-4140-BBA4-0C29D3FCE193.jpeg,B72A7F38-90D0-4140-BBA4-0C29D3FCE193.jpeg,1,68978f4b-1884-8332-974f-f705b25788da,Gutting mountain bike forks,2025-08-09T18:14:10.698965+00:00,high: export filename
file-VJaAX3kA8CzWfMbsHK6qnm.dat,file-VJaAX3kA8CzWfMbsHK6qnm.dat,yes,no,1,271706,271706,yes,82307b9069ff9ae9bdec9482a1901f9f15c45578f41d7d430ad3f1c9f2c831b1,1,,,image/jpeg,.jpg,C6FAE235-8908-42DF-A960-42CC28CB86B0.jpeg,C6FAE235-8908-42DF-A960-42CC28CB86B0.jpeg,1,68811b62-862c-800e-b14f-2b3d23187b9c,LW_Breakdown,2025-07-23T17:26:59.072900+00:00,high: export filename
file-vNWaZLiSgpd2gLMDH7Si8GKw.dat,file-vNWaZLiSgpd2gLMDH7Si8GKw.dat,yes,no,1,149274,149274,yes,ca18939215c516bf9822057a4665e06bc670cdd64c7d2589f2238207e45448f5,2,SHA-ca18939215c5,byte-identical content under different export paths,image/png,.png,requirements.png,requirements.png,1,c2018ca1-e979-4358-b910-9d1de5cf0d96,RAD Gain Calibration Interface,2024-03-06T17:23:41.936578+00:00,high: export filename
file-vSIMWrHCC7WNgLfZr7XGkRyz.dat,file-vSIMWrHCC7WNgLfZr7XGkRyz.dat,yes,no,1,377308,377308,yes,b2725cd08cbf5d8f3ae8c8dc5a46af85f6f53ae48613345865aa606dc9c5790e,1,,,image/jpeg,.jpg,IMG_6364.jpeg,IMG_6364.jpeg,1,c6c378ed-eaff-4c48-8855-54459744faae,Greek Statue of LinkedIn User,2023-11-17T22:20:53.764055+00:00,high: export filename
file-VyuwYG8VrmqS4aYXggg6Pm.dat,file-VyuwYG8VrmqS4aYXggg6Pm.dat,yes,no,1,536262,536262,yes,b1e80d19b184c503e7ba2fd6ac571f956f4bd67f21ca258e5110b9baa7f7642d,3,SHA-b1e80d19b184,byte-identical content under different export paths,image/jpeg,.jpg,F15A8267-6D26-4A69-AA19-A81FE75AF886.jpeg,F15A8267-6D26-4A69-AA19-A81FE75AF886.jpeg,1,68811b62-862c-800e-b14f-2b3d23187b9c,LW_Breakdown,2025-07-23T17:26:59.072900+00:00,high: export filename
file-W8n9KMR2okCpvB1kwHsVfv.dat,file-W8n9KMR2okCpvB1kwHsVfv.dat,yes,no,1,3431449,3431449,yes,4579241355e13aebaae00ef7adb9ebd4d3a398095577127a75a675c3f7c9ff98,1,,,image/jpeg,.jpg,2BB1F2B4-8831-4CA4-B92E-468A470680A4.jpeg,2BB1F2B4-8831-4CA4-B92E-468A470680A4.jpeg,1,68a0f30c-899c-8333-8c1c-13ac09357a13,Find celeb look alike,2025-08-16T21:07:26.946886+00:00,high: export filename
file-WKubpg28bPZVNy76b9uKhi.dat,file-WKubpg28bPZVNy76b9uKhi.dat,yes,no,1,2904649,2904649,yes,d35af16f7080f67463ff6548794455c64f77e84b8dcc4c437b6a673c4a437cfe,1,,,image/jpeg,.jpg,F8670CBE-C08B-4694-8250-D50C6F595BA9.jpeg,F8670CBE-C08B-4694-8250-D50C6F595BA9.jpeg,1,685b0a75-a594-800e-a4e3-ff7bacce39ba,Flight Simulator Chair Plans,2025-06-24T20:28:37.760543+00:00,high: export filename
file-WW7pHh3nJTADnzjafN22Xm.dat,file-WW7pHh3nJTADnzjafN22Xm.dat,yes,no,1,330779,330779,yes,2bdfff834b08a4982bb072386dd1701202c02a9188eec3e07a17d2e2177014e6,1,,,image/jpeg,.jpg,C2ED5AE0-985E-443A-B26B-605870B3BECA.jpeg,C2ED5AE0-985E-443A-B26B-605870B3BECA.jpeg,1,68811b62-862c-800e-b14f-2b3d23187b9c,LW_Breakdown,2025-07-23T17:26:59.072900+00:00,high: export filename
file-WyqUbYtgFwnwBkutoKdXFD.dat,file-WyqUbYtgFwnwBkutoKdXFD.dat,yes,no,1,161755,161755,yes,15545d711520ca7a7124b9b58e38b622cf058f89500f4b71ab9d4d6f2cc08169,1,,,image/jpeg,.jpg,77E3E46A-A457-4588-8CCF-0356F7420D0F.jpeg,77E3E46A-A457-4588-8CCF-0356F7420D0F.jpeg,1,68811b62-862c-800e-b14f-2b3d23187b9c,LW_Breakdown,2025-07-23T17:26:59.072900+00:00,high: export filename
file-XL4hpmkPV1yRGDq6v53Vwu.dat,file-XL4hpmkPV1yRGDq6v53Vwu.dat,yes,no,1,281248,281248,yes,a3d154e3e3437b8a1009eb99e813d19c5133e365e4911f78a03b01e0a5442fd0,1,,,image/jpeg,.jpg,E8FAA14B-91A3-498E-B5BD-D33D37BB9E86.jpeg,E8FAA14B-91A3-498E-B5BD-D33D37BB9E86.jpeg,1,689b677e-d85c-8321-b35c-569a54e1cbce,Re-engagement campaign strategy,2025-08-12T16:10:41.845557+00:00,high: export filename
file-XqP7fhE4NctdM9X4xL6fuT.dat,file-XqP7fhE4NctdM9X4xL6fuT.dat,yes,no,1,322120,322120,yes,d69e0411a169bd2f0af95b7768d61ef9296fb79adbd09b4963dea46097b2f32e,1,,,image/jpeg,.jpg,A4FF7AB7-FC4C-49B3-8EEB-651BC3D5499A.jpeg,A4FF7AB7-FC4C-49B3-8EEB-651BC3D5499A.jpeg,1,68811b62-862c-800e-b14f-2b3d23187b9c,LW_Breakdown,2025-07-23T17:26:59.072900+00:00,high: export filename
file-XUKERbwUL8ki3hPwSkxA6w.dat,file-XUKERbwUL8ki3hPwSkxA6w.dat,yes,no,1,3906,3906,yes,c654ce2461975e4e1203b2431bfbfde95904d66fff8e4c86b55e2c765fe02a7f,1,,,image/png,.png,aa706ceb-78af-43b5-8c05-59d0a249f19a.png,aa706ceb-78af-43b5-8c05-59d0a249f19a.png,1,68a88e80-cd38-8323-87fa-954b0cf4ee37,Rewrite for co-worker,2025-08-22T15:36:35.487435+00:00,high: export filename
file-XYyv1RNKXUw51gYb9ZtHfV.dat,file-XYyv1RNKXUw51gYb9ZtHfV.dat,yes,no,1,102094,102094,yes,24fa1ce5e9d844751e76ffda21892f639271c4ee65ae325d11e62a8508a2784e,1,,,image/jpeg,.jpg,B05345F4-AD99-43F9-AE9C-0B820444D399.jpeg,B05345F4-AD99-43F9-AE9C-0B820444D399.jpeg,1,68824a13-d994-800e-8502-da74153b4515,Building Attraction Tension,2025-07-24T14:58:28.397076+00:00,high: export filename
file-YDQVwU9LhgLkQCYHbXXfzg.dat,file-YDQVwU9LhgLkQCYHbXXfzg.dat,yes,no,1,387279,387279,yes,f61f2e4fd06ab6fc7730f76aaf697de8644933ff60a9ec463facccb40ebd00db,1,,,image/jpeg,.jpg,534C30A2-7047-4ECA-ACDE-F32041D30263.jpeg,534C30A2-7047-4ECA-ACDE-F32041D30263.jpeg,1,68811b62-862c-800e-b14f-2b3d23187b9c,LW_Breakdown,2025-07-23T17:26:59.072900+00:00,high: export filename
file-YsoNwo5vtKruubsdtbL72AK8.dat,file-YsoNwo5vtKruubsdtbL72AK8.dat,yes,no,1,977645,977645,yes,44b57b8c60dd493d7f190db584a998ffb1be6c0d98fb0f8757755d2002514f0b,1,,,image/jpeg,.jpg,IMG_6807.jpeg,IMG_6807.jpeg,1,49b21ca0-7ed1-480e-8d3c-a297f2a04e2a,Jungle Jaguar Tattoo Variants,2024-01-20T11:45:38.270076+00:00,high: export filename
file-YWjEkoM5jgoWfB5uppDvs8.dat,file-YWjEkoM5jgoWfB5uppDvs8.dat,yes,no,1,3911096,3911096,yes,ca5cfae3808d3a4d4762a447fb4070ad6af7d90f923cd69dd7c472449893cdf8,1,,,image/jpeg,.jpg,009CE6A4-4320-4879-B305-F70662CA22BC.jpeg,009CE6A4-4320-4879-B305-F70662CA22BC.jpeg,1,68633848-8690-800e-bdb6-7a928d742f79,Linear Actuator Usage Guide,2025-07-01T01:22:16.905478+00:00,high: export filename
file-yxCDv1Bb3X7gtfwgeKjvZBNK.dat,file-yxCDv1Bb3X7gtfwgeKjvZBNK.dat,yes,no,1,149274,149274,yes,ca18939215c516bf9822057a4665e06bc670cdd64c7d2589f2238207e45448f5,2,SHA-ca18939215c5,byte-identical content under different export paths,image/png,.png,requirements.png,requirements.png,1,c2018ca1-e979-4358-b910-9d1de5cf0d96,RAD Gain Calibration Interface,2024-03-06T17:23:41.936578+00:00,high: export filename
file-zV17rPImOYH62WUaohdENexX.dat,file-zV17rPImOYH62WUaohdENexX.dat,yes,no,1,21780,21780,yes,caadee78d6c332e7e437be1fb2c7dd684520991aa946f35d15eae5524c1f1b25,1,,,image/png,.png,image.png,image.png,1,65f9ec24-6661-4ebb-b09a-647e9af3c588,Custom Switch Control Creation,2024-03-01T19:08:27.943377+00:00,high: export filename
file_000000000168722fb0a7492ffb07856c.dat,file_000000000168722fb0a7492ffb07856c.dat,yes,no,1,3339538,3339538,yes,54c884dc8972f255b4f14ae89051845a086e5a7cbb4ee2157bfc25b5d9fed7aa,1,,,image/jpeg,.jpg,IMG_3FBF9BA5-884C-4539-9610-17BAF70DA48E.jpeg,IMG_3FBF9BA5-884C-4539-9610-17BAF70DA48E.jpeg,1,6924a7ef-ac90-832f-ac3a-0072ea56b3af,Answering corporate training questions,2025-11-24T18:46:27.684719+00:00,high: export filename
file_00000000017071fda22a2d6d9f772d1c.dat,file_00000000017071fda22a2d6d9f772d1c.dat,yes,no,1,139348,139348,yes,e93a50d871a3eee68baf7f3d69bf7662497ee11314d75f2f8acf82b46636717f,1,,,image/png,.png,43d7d984-977a-4cea-a978-b06502347092.png,43d7d984-977a-4cea-a978-b06502347092.png,1,69626f72-c318-832c-832a-8bef6d20351f,Multiplayer VR Co-location,2026-01-10T15:30:37.848498+00:00,high: export filename
file_0000000001a0722f9ddce758df15e564.dat,file_0000000001a0722f9ddce758df15e564.dat,yes,no,1,24752,24752,yes,57a40e0441ce2df09734160564e6581e717f865a2279d470effd5249dc7da369,1,,,image/png,.png,d2db50b6-5a92-4d27-b753-83db74634674.png,d2db50b6-5a92-4d27-b753-83db74634674.png,1,6980ce5f-9e70-8329-9b60-7c2cc2b795f9,Vocab Matching Tips,2026-02-02T16:19:28.133960+00:00,high: export filename
file_00000000021471f5b42c337a97b99e06.dat,file_00000000021471f5b42c337a97b99e06.dat,yes,no,1,134687,134687,yes,365bbccc3e1ce66e2632ac7b9e160013cbf462ba89eab19e10895f47630e722b,1,,,image/png,.png,a5205d4a-fadf-4a7a-9356-7470a90ace64.png,a5205d4a-fadf-4a7a-9356-7470a90ace64.png,1,69442610-bd18-8331-9681-b9eb0f676b76,Co-located multiplayer VR setup,2025-12-18T16:06:16.852620+00:00,high: export filename
file_00000000024c722faa4ad98be6cd9c65.dat,file_00000000024c722faa4ad98be6cd9c65.dat,yes,no,1,53204,53204,yes,ee06e76100b6c5f0f50732a1cc84f0f9f3437aa0dc1e5ddca3ea79c750d71d41,1,,,image/png,.png,c8b50c50-f0db-46cb-be00-190f69f9fd64.png,c8b50c50-f0db-46cb-be00-190f69f9fd64.png,1,698e10c8-0968-8333-8083-3ad9651e1dc7,VR Date Space Design,2026-02-12T17:41:48.582351+00:00,high: export filename
file_00000000025c722f8f8605e05b0be1cb.dat,file_00000000025c722f8f8605e05b0be1cb.dat,yes,no,1,76654,76654,yes,919cbefa5ba0b092422fb197c9dbe636025f96d33ebf4ca13e6e4aac9d6fc697,1,,,image/png,.png,5f519cec-f9cb-42f7-aa37-0adf7c926a25.png,5f519cec-f9cb-42f7-aa37-0adf7c926a25.png,2,6a1c5fb9-f460-83ea-945f-ac3b30738cb0,Optmizing,2026-05-31T16:20:49.846812+00:00,high: export filename
file_000000000270722fa49ea07a43a0877a.dat,file_000000000270722fa49ea07a43a0877a.dat,yes,no,1,700651,700651,yes,2a64b344d697c39a0b46205f19a7c58e36d2839139c7b775e7ea83f5953c7fa8,2,SHA-2a64b344d697,byte-identical content under different export paths,image/jpeg,.jpg,,file_000000000270722fa49ea07a43a0877a.jpg,0,,,,high: export filename
file_0000000002b071f7a75f2c16ba2a1c2e.dat,file_0000000002b071f7a75f2c16ba2a1c2e.dat,yes,no,1,60002,60002,yes,8cf2768d5dda6010f7c04e29d36472d87551fc48c4aad2a71162e23f956890ba,1,,,image/png,.png,8e8bb7c5-db48-4aa7-8f24-b7eb1ff35511.png,8e8bb7c5-db48-4aa7-8f24-b7eb1ff35511.png,5,6939d6a0-c024-8333-bd11-7146ed4dfdba,Creative writing options,2025-12-10T20:22:57.434814+00:00,high: export filename
file_00000000037861f7bf8783e31e7952ca.dat,file_00000000037861f7bf8783e31e7952ca.dat,yes,no,1,115216,115216,yes,341325c4d08a3d3f0659dbf431fa0709f347a49c8eae9a93fc0a675ac3663be3,1,,,image/png,.png,Dell Support_LAPTOPV3.png,Dell Support_LAPTOPV3.png,1,68de6bba-25d4-8325-bb65-c7facb5c8957,Dell Precision 7680 support,2025-10-02T12:14:22.328818+00:00,high: export filename
file_00000000041c71f5ba4a1f08e9136197.dat,file_00000000041c71f5ba4a1f08e9136197.dat,yes,no,1,576956,576956,yes,5763d76680f99579f4686c3ff6dc74dd9bd406bccfcc613d41262a8902f3dd3d,1,,,image/jpeg,.jpg,C30A0237-D5B2-488D-8040-3D47DB574AA9.jpeg,C30A0237-D5B2-488D-8040-3D47DB574AA9.jpeg,1,690e8f49-ef34-832a-9553-80c853478e25,Multicrew aircraft requirements,2025-11-08T00:31:52.294169+00:00,high: export filename
file_00000000044861f59aa70ca747922722.dat,file_00000000044861f59aa70ca747922722.dat,yes,no,1,293216,293216,yes,2dab9dfacf54bf1ce2bba4a7b675b80b4ec859caa3e7e221bd2f6d19d9d992cd,1,,,image/jpeg,.jpg,6E098208-36AD-4D72-8879-3EA0CE6AA519.jpeg,6E098208-36AD-4D72-8879-3EA0CE6AA519.jpeg,1,68dc656b-ee84-832e-a070-1beb146f27ad,Response suggestion for banter,2025-09-30T23:19:08.942865+00:00,high: export filename
file_00000000046c71fd8d3196d0cc429a53.dat,file_00000000046c71fd8d3196d0cc429a53.dat,yes,no,1,374746,374746,yes,af164f3085243208cd276267670b69cd933af5bc38681fdbd16d0d65340dc865,1,,,image/jpeg,.jpg,F6C5517D-0B46-4FD4-858C-88E73D2AACB6.jpeg,F6C5517D-0B46-4FD4-858C-88E73D2AACB6.jpeg,1,69f73d73-effc-83ea-9a0a-66ef88926ef7,Remote Project Setup,2026-05-03T12:25:52.920883+00:00,high: export filename
file_0000000004e0720cb006be159c090099.dat,file_0000000004e0720cb006be159c090099(1).dat,no,yes,2,472140,472140,yes,5e31803ec762fcad0912ecb1539e4805e58871498b4c21fe0a9303234b5ad126,2,SHA-5e31803ec762,same export path uploaded more than once,image/jpeg,.jpg,F8E21003-3E6E-4CE7-AB22-4C9F6B909919.jpeg,F8E21003-3E6E-4CE7-AB22-4C9F6B909919.jpeg,1,6a0cf76f-a768-83ea-9fd6-60b42f354a04,Air Force Theme Background,2026-05-19T23:53:59.816343+00:00,high: export filename
file_0000000004e0720cb006be159c090099.dat,file_0000000004e0720cb006be159c090099.dat,yes,no,2,472140,472140,yes,5e31803ec762fcad0912ecb1539e4805e58871498b4c21fe0a9303234b5ad126,2,SHA-5e31803ec762,same export path uploaded more than once,image/jpeg,.jpg,F8E21003-3E6E-4CE7-AB22-4C9F6B909919.jpeg,F8E21003-3E6E-4CE7-AB22-4C9F6B909919.jpeg,1,6a0cf76f-a768-83ea-9fd6-60b42f354a04,Air Force Theme Background,2026-05-19T23:53:59.816343+00:00,high: export filename
file_00000000055c61f5a003b3f996aadf5c.dat,file_00000000055c61f5a003b3f996aadf5c.dat,yes,no,1,202844,202844,yes,cb9f6bcb2f410ffe82d629359fd005de7a3f8b7b26e54eb09fb50364b5bae790,1,,,image/jpeg,.jpg,7F728B13-8B34-4D93-A375-654D8345D44A.jpeg,7F728B13-8B34-4D93-A375-654D8345D44A.jpeg,1,68811b62-862c-800e-b14f-2b3d23187b9c,LW_Breakdown,2025-07-23T17:26:59.072900+00:00,high: export filename
file_000000000584620898c8a4390416b2e3.dat,file_000000000584620898c8a4390416b2e3.dat,yes,no,1,496159,496159,yes,c910f1a6ed459b38d59c263e093eb41649de8e129c601ae68484b31c02e14f3c,1,,,image/jpeg,.jpg,A3FECCB9-AF8D-47DD-8C6E-0957C7C3F0BA.jpeg,A3FECCB9-AF8D-47DD-8C6E-0957C7C3F0BA.jpeg,1,68811b62-862c-800e-b14f-2b3d23187b9c,LW_Breakdown,2025-07-23T17:26:59.072900+00:00,high: export filename
file_0000000005d071fdba42f91f1d896a66.dat,file_0000000005d071fdba42f91f1d896a66(1).dat,no,yes,2,2162050,2162050,yes,a43081b3b408607e1894cb7e5d1d1afc4d1605e116611e23d7264e3d4d6a6afb,2,SHA-a43081b3b408,same export path uploaded more than once,image/png,.png,4276e543-a70a-4e26-b895-6537be66b586.png,4276e543-a70a-4e26-b895-6537be66b586.png,1,698e10c8-0968-8333-8083-3ad9651e1dc7,VR Date Space Design,2026-02-12T17:41:48.582351+00:00,high: export filename
file_0000000005d071fdba42f91f1d896a66.dat,file_0000000005d071fdba42f91f1d896a66.dat,yes,no,2,2162050,2162050,yes,a43081b3b408607e1894cb7e5d1d1afc4d1605e116611e23d7264e3d4d6a6afb,2,SHA-a43081b3b408,same export path uploaded more than once,image/png,.png,4276e543-a70a-4e26-b895-6537be66b586.png,4276e543-a70a-4e26-b895-6537be66b586.png,1,698e10c8-0968-8333-8083-3ad9651e1dc7,VR Date Space Design,2026-02-12T17:41:48.582351+00:00,high: export filename
file_0000000005d8622fa7db07353e5ee981.dat,file_0000000005d8622fa7db07353e5ee981(1).dat,no,yes,2,289728,289728,yes,2e3093ee0c5a72a9c5a0fac70e4f8675a4680e9f595c08adecf2dae91d571821,2,SHA-2e3093ee0c5a,same export path uploaded more than once,image/jpeg,.jpg,D6829470-12F7-453C-8986-EE7269E34494.jpeg,D6829470-12F7-453C-8986-EE7269E34494.jpeg,1,68811b62-862c-800e-b14f-2b3d23187b9c,LW_Breakdown,2025-07-23T17:26:59.072900+00:00,high: export filename
file_0000000005d8622fa7db07353e5ee981.dat,file_0000000005d8622fa7db07353e5ee981.dat,yes,no,2,289728,289728,yes,2e3093ee0c5a72a9c5a0fac70e4f8675a4680e9f595c08adecf2dae91d571821,2,SHA-2e3093ee0c5a,same export path uploaded more than once,image/jpeg,.jpg,D6829470-12F7-453C-8986-EE7269E34494.jpeg,D6829470-12F7-453C-8986-EE7269E34494.jpeg,1,68811b62-862c-800e-b14f-2b3d23187b9c,LW_Breakdown,2025-07-23T17:26:59.072900+00:00,high: export filename
file_0000000005f47230b700d54bb44407eb.dat,file_0000000005f47230b700d54bb44407eb(1).dat,no,yes,2,9532,9532,yes,bbcc436ca8381174ef7fad25fbb7c5a05f2d65fa9ab69650716b4917badc0830,2,SHA-bbcc436ca838,same export path uploaded more than once,image/png,.png,5a097b82-2d9d-49ae-a530-c3b96cc648dc.png,5a097b82-2d9d-49ae-a530-c3b96cc648dc.png,1,6989e83f-7924-8328-a6a6-d2a655fd419f,Response Tone Feedback,2026-02-09T14:00:12.774371+00:00,high: export filename
file_0000000005f47230b700d54bb44407eb.dat,file_0000000005f47230b700d54bb44407eb.dat,yes,no,2,9532,9532,yes,bbcc436ca8381174ef7fad25fbb7c5a05f2d65fa9ab69650716b4917badc0830,2,SHA-bbcc436ca838,same export path uploaded more than once,image/png,.png,5a097b82-2d9d-49ae-a530-c3b96cc648dc.png,5a097b82-2d9d-49ae-a530-c3b96cc648dc.png,1,6989e83f-7924-8328-a6a6-d2a655fd419f,Response Tone Feedback,2026-02-09T14:00:12.774371+00:00,high: export filename
file_00000000060071fd8f5f7180b46ea829.dat,file_00000000060071fd8f5f7180b46ea829.dat,yes,no,1,231599,231599,yes,87a72d3617ae36cb621c60d56b4c69ef51f7873d9c90c8ed221190e54b6262fe,1,,,image/jpeg,.jpg,17D6081D-F0E1-453E-BC46-D064D653E6BA.jpeg,17D6081D-F0E1-453E-BC46-D064D653E6BA.jpeg,5,6939d6a0-c024-8333-bd11-7146ed4dfdba,Creative writing options,2025-12-10T20:22:57.434814+00:00,high: export filename
file_00000000062471fda840068aa00bd9be.dat,file_00000000062471fda840068aa00bd9be.dat,yes,no,1,6746,6746,yes,31a422f944dc53e8f1cede3e988b2c938daf434c3d23e72635d8a30c0725622f,1,,,image/png,.png,dfc26fac-6580-47ad-863e-dc2a4bca1341.png,dfc26fac-6580-47ad-863e-dc2a4bca1341.png,1,694056a0-b45c-8333-930d-75a550951f81,Meeting minutes creation,2025-12-15T18:43:23.879811+00:00,high: export filename
file_00000000067471fda729d831fee2ebd3.dat,file_00000000067471fda729d831fee2ebd3.dat,yes,no,1,3965391,3965391,yes,794d9cd8d9e1ac8555d572ab5073bb532f755c36df87a3e0419b320e64dc4da3,1,,,image/jpeg,.jpg,IMG_345805F2-A2A1-4951-B8A7-F387F0441307.jpeg,IMG_345805F2-A2A1-4951-B8A7-F387F0441307.jpeg,1,69442610-bd18-8331-9681-b9eb0f676b76,Co-located multiplayer VR setup,2025-12-18T16:06:16.852620+00:00,high: export filename
file_0000000006ac61f7b762399a11c0cd8c.dat,file_0000000006ac61f7b762399a11c0cd8c.dat,yes,no,1,30293,30293,yes,b0bafbdad3f4678841e8f5777b8e3db98df5e3f1b86947dbde124fd1a7d4ffbd,1,,,image/png,.png,Dell_LAPTOP_V3_Warranty .png,Dell_LAPTOP_V3_Warranty .png,1,68de6bba-25d4-8325-bb65-c7facb5c8957,Dell Precision 7680 support,2025-10-02T12:14:22.328818+00:00,high: export filename
file_0000000006fc71f6ad2ce578bce09f6b.dat,file_0000000006fc71f6ad2ce578bce09f6b.dat,yes,no,1,624802,624802,yes,52c6828375d2c0bb5ab6e0196815f7dc205d12c6965c2413ff790c5fb61ccc37,2,SHA-52c6828375d2,byte-identical content under different export paths,image/jpeg,.jpg,460BD3B7-21CB-4DD4-83A5-A811DC2CEF88.jpeg,460BD3B7-21CB-4DD4-83A5-A811DC2CEF88.jpeg,1,6a3f0c72-7948-83ea-961f-62c39dc065bb,Funny Meme Creation,2026-06-26T23:34:35.852680+00:00,high: export filename
file_00000000077c720c9eda59eb3fcab5bd.dat,file_00000000077c720c9eda59eb3fcab5bd.dat,yes,no,1,38061,38061,yes,64b9a1dd4c8f0b639fe62288d14414835b4c5f818377ed87c037ec787b3be1e9,1,,,image/png,.png,b5e2e60f-c578-41d8-9f58-c9c7274f2fb0.png,b5e2e60f-c578-41d8-9f58-c9c7274f2fb0.png,1,69160a45-7840-832c-b2b9-6bea70637591,File input setup,2025-11-13T16:41:43.731511+00:00,high: export filename
file_0000000007b471f585654564f81631a8.dat,file_0000000007b471f585654564f81631a8.dat,yes,no,1,161174,161174,yes,1e93433365ff737a96ae6ad3f0e5ec84f6732f0db324cc35b74460f1246b00a0,2,SHA-1e93433365ff,byte-identical content under different export paths,application/pdf,.pdf,HR Resume.pdf,HR Resume.pdf,3,69ba9edc-5d58-8330-928c-0d1cc46f7c1a,Resume review request,2026-03-18T12:47:34.907490+00:00,high: export filename
file_00000000090071f7aa118614b9a5cba2.dat,file_00000000090071f7aa118614b9a5cba2.dat,yes,no,1,93354,93354,yes,2e31b369224af2661a220c3aea1bcea4e0047871477b602a8a259c13e6220000,1,,,image/jpeg,.jpg,542F3E72-69B4-4E96-91BA-929DA0B491FF.jpeg,542F3E72-69B4-4E96-91BA-929DA0B491FF.jpeg,1,6912c63a-cd28-8327-bc7b-b654025495a7,Heist date ideas,2025-11-11T05:14:35.541144+00:00,high: export filename
file_000000000a8c71f798894e763cf91295.dat,file_000000000a8c71f798894e763cf91295.dat,yes,no,1,63875,63875,yes,07a8b98f2f2ec2fba4654a1aa58314540b20df479be847e85153d48d19037ce5,1,,,image/png,.png,cbe91fb2-6169-4c2f-9c87-e39edb4826ec.png,cbe91fb2-6169-4c2f-9c87-e39edb4826ec.png,1,690e8f49-ef34-832a-9553-80c853478e25,Multicrew aircraft requirements,2025-11-08T00:31:52.294169+00:00,high: export filename
file_000000000ae4722f8cad7971b3a7dc30.dat,file_000000000ae4722f8cad7971b3a7dc30.dat,yes,no,1,799908,799908,yes,7d79041874d6e003918712d3f03f94dc8c8a2f88ea2ca34d2ad87219fb0da3c9,2,SHA-7d79041874d6,byte-identical content under different export paths,image/jpeg,.jpg,A35EE3BE-5D9D-4D53-81A6-961F4AF85660.jpeg,A35EE3BE-5D9D-4D53-81A6-961F4AF85660.jpeg,5,6939d6a0-c024-8333-bd11-7146ed4dfdba,Creative writing options,2025-12-10T20:22:57.434814+00:00,high: export filename
file_000000000af071fd8d2d084df72df478.dat,file_000000000af071fd8d2d084df72df478.dat,yes,no,1,168238,168238,yes,838ab90288d93767c8e4a70dd2fd5b818bfb2f00f4ee0130d9121f0bd655be6a,1,,,image/jpeg,.jpg,F08BCC33-F8EA-4480-810C-C9687E445F25.jpeg,F08BCC33-F8EA-4480-810C-C9687E445F25.jpeg,5,6939d6a0-c024-8333-bd11-7146ed4dfdba,Creative writing options,2025-12-10T20:22:57.434814+00:00,high: export filename
file_000000000b2c720cace9f57147163379.dat,file_000000000b2c720cace9f57147163379.dat,yes,no,1,28687,28687,yes,03692a1808a84461be222dca24f85408a98a834fa6b9d0bcb4ac3e803c130e4f,1,,,image/png,.png,bccc5421-da69-4c63-aeb8-d5424892342a.png,bccc5421-da69-4c63-aeb8-d5424892342a.png,1,6a49d4a9-bcd4-83ea-b15f-4079858a3dc8,Network Latency and Settings,2026-07-05T03:51:46.929624+00:00,high: export filename
file_000000000b5871f58a266812e2002ab5.dat,file_000000000b5871f58a266812e2002ab5.dat,yes,no,1,156311,156311,yes,159745e38c5d1c7a1a3c38ad6314c50ee4d7d8f5ca8a55846bb90504415e7438,1,,,image/png,.png,dafebfff-3bc0-49eb-81a9-1c6c29354484.png,dafebfff-3bc0-49eb-81a9-1c6c29354484.png,1,698e10c8-0968-8333-8083-3ad9651e1dc7,VR Date Space Design,2026-02-12T17:41:48.582351+00:00,high: export filename
file_000000000b6061f7ba58fbf77dc31186.dat,file_000000000b6061f7ba58fbf77dc31186.dat,yes,no,1,604229,604229,yes,4a6d44eda101848fb2724113486ab44023b44b0d6f3189cc432913dca4b9faa9,3,SHA-4a6d44eda101,byte-identical content under different export paths,image/jpeg,.jpg,A7C51338-5F22-4867-9153-1FE0B5127B5A.jpeg,A7C51338-5F22-4867-9153-1FE0B5127B5A.jpeg,1,68e5d3df-3340-832a-a966-ec3c94cc95cf,Banter ideas for hippie chick,2025-10-08T03:00:47.712642+00:00,high: export filename
file_000000000b9c722fb8b03e5c35de5196.dat,file_000000000b9c722fb8b03e5c35de5196.dat,yes,no,1,347137,347137,yes,0667bf6ac228e9be3e0a62da935161ff762ba257be14d5f3f2365a10bcf83348,1,,,image/jpeg,.jpg,48896F16-02E7-404B-B2F9-8C28E450DF68.jpeg,48896F16-02E7-404B-B2F9-8C28E450DF68.jpeg,5,6939d6a0-c024-8333-bd11-7146ed4dfdba,Creative writing options,2025-12-10T20:22:57.434814+00:00,high: export filename
file_000000000bbc722fadcc8f5e481b674c.dat,file_000000000bbc722fadcc8f5e481b674c.dat,yes,no,1,307124,307124,yes,ab9655c82b8df0ab19d2833f56e8a1c57c35e5781c29e9b6c7e464a8570d1ec4,1,,,image/jpeg,.jpg,8D152B54-2D57-46A7-9728-4B4C3B4A1B70.jpeg,8D152B54-2D57-46A7-9728-4B4C3B4A1B70.jpeg,5,6939d6a0-c024-8333-bd11-7146ed4dfdba,Creative writing options,2025-12-10T20:22:57.434814+00:00,high: export filename
file_000000000cac71f58ecf2bcec76c5bbc.dat,file_000000000cac71f58ecf2bcec76c5bbc.dat,yes,no,1,3470904,3470904,yes,8b2ba412a70d7ff8a2dd97789ac7297b3001eaf6ba4ce892d2812d47d3827ef1,1,,,image/jpeg,.jpg,IMG_CA584C9D-9904-4304-9AC5-19E09CFAA832.jpeg,IMG_CA584C9D-9904-4304-9AC5-19E09CFAA832.jpeg,1,69442610-bd18-8331-9681-b9eb0f676b76,Co-located multiplayer VR setup,2025-12-18T16:06:16.852620+00:00,high: export filename
file_000000000d00722f8ea19ee950c00d3e.dat,file_000000000d00722f8ea19ee950c00d3e.dat,yes,no,1,572591,572591,yes,3a90fc0028b139f863874ae67a0721e84e0badc2a688d22b20ae75e2e7cec0c0,1,,,image/jpeg,.jpg,BEBCAE0E-B15F-4EF5-9077-8853F1C2546F.jpeg,BEBCAE0E-B15F-4EF5-9077-8853F1C2546F.jpeg,1,6a09ae38-712c-83ea-a939-4eba9eeebc49,Removing MainSignalSearchDaemon,2026-05-17T12:03:06.068253+00:00,high: export filename
file_000000000da471fdacb23fde851d7717.dat,file_000000000da471fdacb23fde851d7717.dat,yes,no,1,3198871,3198871,yes,c6f3ea70e4bb9b82bb0229689fc9cd5991bbb0c44973533a8f3ddd57525a6804,1,,,image/jpeg,.jpg,IMG_ADCBBCBB-0F09-4A46-957D-5D285D219A3D.jpeg,IMG_ADCBBCBB-0F09-4A46-957D-5D285D219A3D.jpeg,1,69442610-bd18-8331-9681-b9eb0f676b76,Co-located multiplayer VR setup,2025-12-18T16:06:16.852620+00:00,high: export filename
file_000000000f60720cb5753defdf9e1e9e.dat,file_000000000f60720cb5753defdf9e1e9e.dat,yes,no,1,37701,37701,yes,72f4bcb3098d6f3b2a7adfcacd2aaf70e05d0ca2e671ccb6a7b7d17a378c28cf,1,,,application/vnd.openxmlformats-officedocument.wordprocessingml.document,.docx,,file_000000000f60720cb5753defdf9e1e9e.docx,0,,,,high: export filename
file_000000000f6471f693ffddad852a27dd.dat,file_000000000f6471f693ffddad852a27dd.dat,yes,no,1,624802,624802,yes,52c6828375d2c0bb5ab6e0196815f7dc205d12c6965c2413ff790c5fb61ccc37,2,SHA-52c6828375d2,byte-identical content under different export paths,image/jpeg,.jpg,98C64DCF-F989-457B-A730-758190B7EDF3.jpeg,98C64DCF-F989-457B-A730-758190B7EDF3.jpeg,1,6a3f0c72-7948-83ea-961f-62c39dc065bb,Funny Meme Creation,2026-06-26T23:34:35.852680+00:00,high: export filename
file_000000000fd471fdbf84588ca8df2013.dat,file_000000000fd471fdbf84588ca8df2013.dat,yes,no,1,3129383,3129383,yes,9b92b0b0594d5837978ece207835104cb9a242c69161ee58a4639e3afc1e6bc9,1,,,image/jpeg,.jpg,IMG_94E8B839-F720-4D6B-8F06-897814CBEADF.jpeg,IMG_94E8B839-F720-4D6B-8F06-897814CBEADF.jpeg,1,69442610-bd18-8331-9681-b9eb0f676b76,Co-located multiplayer VR setup,2025-12-18T16:06:16.852620+00:00,high: export filename
file_00000000112471f88a9b3cc0811f1f2b.dat,file_00000000112471f88a9b3cc0811f1f2b.dat,yes,no,1,1380191,1380191,yes,928545eb209805f9abd4015040c8e52eff9ba7d1783f9d93ef1818cbbe6ba5e8,1,,,image/png,.png,3dab5211-f5bb-4be9-b381-ff4df234f835.png,3dab5211-f5bb-4be9-b381-ff4df234f835.png,1,698e10c8-0968-8333-8083-3ad9651e1dc7,VR Date Space Design,2026-02-12T17:41:48.582351+00:00,high: export filename
file_0000000013ac71fd81263d9fff192c64.dat,file_0000000013ac71fd81263d9fff192c64.dat,yes,no,1,62652,62652,yes,e250a3950ca6490a02039372b07a5b2878e37ff4dff8d42c91916759f0358e52,1,,,image/png,.png,9ae7435f-8d17-43ea-b3f9-6845e1da2005.png,9ae7435f-8d17-43ea-b3f9-6845e1da2005.png,1,69442610-bd18-8331-9681-b9eb0f676b76,Co-located multiplayer VR setup,2025-12-18T16:06:16.852620+00:00,high: export filename
file_00000000143c722f82c905ee8f6a4cdf.dat,file_00000000143c722f82c905ee8f6a4cdf.dat,yes,no,1,233360,233360,yes,fb4ed7f85fb857df1440f13fe365b5afdff06a639317387f34f900812ea97914,2,SHA-fb4ed7f85fb8,byte-identical content under different export paths,image/jpeg,.jpg,,file_00000000143c722f82c905ee8f6a4cdf.jpg,0,,,,high: export filename
file_00000000148871fd9d4110c8cf0895bc.dat,file_00000000148871fd9d4110c8cf0895bc.dat,yes,no,1,537214,537214,yes,5885e18e1b51344e60de9fdafe2aee95d4640a92d8030a2325816132c64a72be,1,,,image/jpeg,.jpg,,file_00000000148871fd9d4110c8cf0895bc.jpg,0,,,,high: export filename
file_0000000014fc720ca351264883e85824.dat,file_0000000014fc720ca351264883e85824.dat,yes,no,1,252315,252315,yes,b44a026d536fe4cc732c2fb0275c5c193dae59d07b1b8cbd728a8f6ad2e70225,1,,,image/jpeg,.jpg,245AFCC7-9DB2-4B5C-A1DA-98C851FBBD3E.jpeg,245AFCC7-9DB2-4B5C-A1DA-98C851FBBD3E.jpeg,1,6a0cf76f-a768-83ea-9fd6-60b42f354a04,Air Force Theme Background,2026-05-19T23:53:59.816343+00:00,high: export filename
file_00000000154471f5af83db2bab0c1710.dat,file_00000000154471f5af83db2bab0c1710.dat,yes,no,1,57640,57640,yes,a3eac6aea723e26de3b942074431978f26f48fe34e8e295a29fd9ab0dd4828bb,1,,,image/png,.png,70cc2443-41c9-41a1-9a01-804153e8f94c.png,70cc2443-41c9-41a1-9a01-804153e8f94c.png,1,69f73d73-effc-83ea-9a0a-66ef88926ef7,Remote Project Setup,2026-05-03T12:25:52.920883+00:00,high: export filename
file_0000000015c071fda3cba9a21206e8cc.dat,file_0000000015c071fda3cba9a21206e8cc.dat,yes,no,1,158326,158326,yes,6db11faf268ea0612862783631638cae12ce4440b4879d0fa3401741ab40420e,1,,,image/png,.png,92dc82a3-b30e-41f3-addd-d5741dbc4a60.png,92dc82a3-b30e-41f3-addd-d5741dbc4a60.png,1,69442610-bd18-8331-9681-b9eb0f676b76,Co-located multiplayer VR setup,2025-12-18T16:06:16.852620+00:00,high: export filename
file_00000000161c61f5a1ef1ddd83921e1f.dat,file_00000000161c61f5a1ef1ddd83921e1f.dat,yes,no,1,674140,674140,yes,dbe49b8b7fa9867b0fd567b1a4575c73da631e9f47cc440f8ccef4d060da2b71,1,,,image/jpeg,.jpg,3E69CEA3-CC9B-4FDB-B63E-BACD5D095ABB.jpeg,3E69CEA3-CC9B-4FDB-B63E-BACD5D095ABB.jpeg,1,68811b62-862c-800e-b14f-2b3d23187b9c,LW_Breakdown,2025-07-23T17:26:59.072900+00:00,high: export filename
file_00000000168c722fabb82d2359365296.dat,file_00000000168c722fabb82d2359365296.dat,yes,no,1,67003,67003,yes,6add154e622780f776ca592549ffa0569b0eeae6cab4fe7c2bbd31776533be2b,1,,,image/png,.png,Dino-purpose fix-reference.png,Dino-purpose fix-reference.png,1,6a3b29b7-91b8-83ea-ab02-7805049a54de,3D Model Creation Prompt,2026-06-24T00:50:02.325853+00:00,high: export filename
file_0000000016ac61fab1bf6b7986622430.dat,file_0000000016ac61fab1bf6b7986622430.dat,yes,no,1,3613463,3613463,yes,626d226154e18b26b7d77ba9d7377be5f08a9ff7992c2b271cb78ef4710b1912,1,,,image/jpeg,.jpg,471A658E-F2FB-43AE-AAAF-4F7005986255.jpeg,471A658E-F2FB-43AE-AAAF-4F7005986255.jpeg,1,68de6bba-25d4-8325-bb65-c7facb5c8957,Dell Precision 7680 support,2025-10-02T12:14:22.328818+00:00,high: export filename
file_0000000016e471fdbb0570ee49137bcb.dat,file_0000000016e471fdbb0570ee49137bcb.dat,yes,no,1,19497,19497,yes,700b7b7bbe51db9b82dbc05fed0302f9dce4be48c66c1cfce3fbe882563853b0,1,,,image/png,.png,427af41c-39ad-4fbf-bcbd-1d5814f91ff3.png,427af41c-39ad-4fbf-bcbd-1d5814f91ff3.png,1,69626f72-c318-832c-832a-8bef6d20351f,Multiplayer VR Co-location,2026-01-10T15:30:37.848498+00:00,high: export filename
file_00000000173471fd91a5e6d1c8f991c1.dat,file_00000000173471fd91a5e6d1c8f991c1.dat,yes,no,1,3376790,3376790,yes,d3da630de314e9fbfba35df67e0c49f5da8112bf1c727b06a472c2d9ea3e491f,1,,,image/jpeg,.jpg,IMG_02EC00FF-F73F-415E-8E87-E4A2D9F95378.jpeg,IMG_02EC00FF-F73F-415E-8E87-E4A2D9F95378.jpeg,1,69442610-bd18-8331-9681-b9eb0f676b76,Co-located multiplayer VR setup,2025-12-18T16:06:16.852620+00:00,high: export filename
file_000000001754722f8390c1a93931d588.dat,file_000000001754722f8390c1a93931d588.dat,yes,no,1,137838,137838,yes,f58fdeb5c3c1e493ede62c3e3e04fd3cf88cdcd743ff8aa069cdc93db2b34d5c,1,,,audio/x-wav,.wav,6939d6a0-c024-8333-bd11-7146ed4dfdba/audio/3e6a01aa-c68d-48a6-a0f3-c1960c854b62.wav,6939d6a0-c024-8333-bd11-7146ed4dfdba/audio/3e6a01aa-c68d-48a6-a0f3-c1960c854b62.wav,0,,,,high: export filename
file_00000000177071f589291215b0ced264.dat,file_00000000177071f589291215b0ced264.dat,yes,no,1,1337445,1337445,yes,4e30b031e6c809914bfe335754bec08aef4701d146524649dcdc1bbf590a4dfb,2,SHA-4e30b031e6c8,byte-identical content under different export paths,image/jpeg,.jpg,91EA925E-179F-4256-B5CB-BE526D40B595.jpeg,91EA925E-179F-4256-B5CB-BE526D40B595.jpeg,1,6968e056-fe4c-8330-a35b-c1b627bc1466,Dual GPU Comparison DCS,2026-01-15T12:42:47.676513+00:00,high: export filename
file_000000001770722fa48108a4260ef801.dat,file_000000001770722fa48108a4260ef801.dat,yes,no,1,76906,76906,yes,18ad7252624e34802e1c46a661584c16354ba5b2e00b262dcfa9dc053bc0343d,1,,,image/png,.png,bf9919a6-5e6c-4dde-ad14-39183d6f479a.png,bf9919a6-5e6c-4dde-ad14-39183d6f479a.png,1,6a400725-4f34-83ea-a7da-2add52ad04d1,Gpedit.msc Error Explanation,2026-06-27T17:23:58.024586+00:00,high: export filename
file_0000000017b8722fa02b058c54e4db02.dat,file_0000000017b8722fa02b058c54e4db02.dat,yes,no,1,8454,8454,yes,383b9e3b78ed6ada17a89c5996518cfc7a28f6b2dbc482c94d7c374c337cf491,2,SHA-383b9e3b78ed,byte-identical content under different export paths,image/png,.png,,file_0000000017b8722fa02b058c54e4db02.png,0,,,,high: export filename
file_00000000182471fd9824d4f4d089c3c1.dat,file_00000000182471fd9824d4f4d089c3c1.dat,yes,no,1,2782664,2782664,yes,ef1242fc14c773fed9990948d297e085050db5a51e46f96a5065aa4ea25a4594,1,,,image/jpeg,.jpg,IMG_266F33FC-F63D-4E22-A425-B21E185D267B.jpeg,IMG_266F33FC-F63D-4E22-A425-B21E185D267B.jpeg,1,69442610-bd18-8331-9681-b9eb0f676b76,Co-located multiplayer VR setup,2025-12-18T16:06:16.852620+00:00,high: export filename
file_000000001874722f898fd6af96cad1b2.dat,file_000000001874722f898fd6af96cad1b2.dat,yes,no,1,521402,521402,yes,5537e8f66abe369672db688eef805153d405a0c3b2678e41a46525acba18fa1c,1,,,image/png,.png,b8996fac-765a-4963-8597-9966eaf84129.png,b8996fac-765a-4963-8597-9966eaf84129.png,1,6a3b29b7-91b8-83ea-ab02-7805049a54de,3D Model Creation Prompt,2026-06-24T00:50:02.325853+00:00,high: export filename
file_00000000199c71f88d2093f500249ed7.dat,file_00000000199c71f88d2093f500249ed7.dat,yes,no,1,163608,163608,yes,e3f10ca84fcb4a8d0f6a628e2887bcc3225bf9bf63fe649c1915508a5938e778,1,,,image/png,.png,9a348800-b2f2-4b8a-82c2-70f5d702d525.png,9a348800-b2f2-4b8a-82c2-70f5d702d525.png,1,698e10c8-0968-8333-8083-3ad9651e1dc7,VR Date Space Design,2026-02-12T17:41:48.582351+00:00,high: export filename
file_0000000019e461f5b622d302082c6c5c.dat,file_0000000019e461f5b622d302082c6c5c.dat,yes,no,1,604229,604229,yes,4a6d44eda101848fb2724113486ab44023b44b0d6f3189cc432913dca4b9faa9,3,SHA-4a6d44eda101,byte-identical content under different export paths,image/jpeg,.jpg,CA890E35-1C36-496F-A89D-4D8A9D0D8991.jpeg,CA890E35-1C36-496F-A89D-4D8A9D0D8991.jpeg,1,68811b62-862c-800e-b14f-2b3d23187b9c,LW_Breakdown,2025-07-23T17:26:59.072900+00:00,high: export filename
file_000000001bac722fbacd879562fd4a91.dat,file_000000001bac722fbacd879562fd4a91.dat,yes,no,1,3859325,3859325,yes,b254ae5aefe3f38a8c0b96d63960693862cea7f8a27d7ab3af1ac24b422c6c0e,1,,,image/png,.png,Meet your co-worker giraffe-2.png,Meet your co-worker giraffe-2.png,1,6a49040d-ebc4-83ea-aea3-89cc4b632c7f,Branch · WeaselNet Logo Concepts,2026-07-04T13:01:04.582855+00:00,high: export filename
file_000000001bbc71f59c147131ed4b6885.dat,file_000000001bbc71f59c147131ed4b6885.dat,yes,no,1,318996,318996,yes,da96686829cc19291f0f221b696796c5f9e7ff80a8b020d77bb594cbed19aa1b,1,,,image/jpeg,.jpg,4CB525FF-9964-4901-81C8-149008025A15.jpeg,4CB525FF-9964-4901-81C8-149008025A15.jpeg,1,698d4a52-d8a0-832c-8cab-6cb5d2bf4f64,Space Rental Calculation,2026-02-12T03:36:22.163032+00:00,high: export filename
file_000000001c4871fdb453faf723745d15.dat,file_000000001c4871fdb453faf723745d15.dat,yes,no,1,256648,256648,yes,e21e701145c9fb27c1be6373781ad5007b27812851115a6d34e8cb4ed03a7cc5,1,,,image/png,.png,1610af0f-3640-45f8-bf1a-5d44afcce315.png,1610af0f-3640-45f8-bf1a-5d44afcce315.png,1,6980ce5f-9e70-8329-9b60-7c2cc2b795f9,Vocab Matching Tips,2026-02-02T16:19:28.133960+00:00,high: export filename
file_000000001c5471fd83c3dc16b21a55a5.dat,file_000000001c5471fd83c3dc16b21a55a5.dat,yes,no,1,2128291,2128291,yes,66c5fe34e6dc5a1b2b5f58e090a43999f52350b378db689f35c0ea12e552b3e5,1,,,image/jpeg,.jpg,IMG_C9C89689-00D9-4490-A0A6-DAC58822E950.jpeg,IMG_C9C89689-00D9-4490-A0A6-DAC58822E950.jpeg,1,690e8f49-ef34-832a-9553-80c853478e25,Multicrew aircraft requirements,2025-11-08T00:31:52.294169+00:00,high: export filename
file_000000001c9071f5b53531a186bc5602.dat,file_000000001c9071f5b53531a186bc5602.dat,yes,no,1,1130617,1130617,yes,8c766d71378b2e3a949503249ffb5e7d1f1f7ae539084657cc423d47f08b6c61,1,,,image/png,.png,b10746da-6a6a-4172-ab12-49debab2f1cc.png,b10746da-6a6a-4172-ab12-49debab2f1cc.png,1,698e10c8-0968-8333-8083-3ad9651e1dc7,VR Date Space Design,2026-02-12T17:41:48.582351+00:00,high: export filename
file_000000001d1c720cb8a8e9650e9f4c2a.dat,file_000000001d1c720cb8a8e9650e9f4c2a.dat,yes,no,1,3714845,3714845,yes,ef022240006484e1e7d7259f048ccef75c3e8f5854ccf172e6c69b258ea22701,1,,,image/jpeg,.jpg,IMG_52EB4EB6-2488-47ED-9F7A-8A5C9C7C396C.jpeg,IMG_52EB4EB6-2488-47ED-9F7A-8A5C9C7C396C.jpeg,1,690e8f49-ef34-832a-9553-80c853478e25,Multicrew aircraft requirements,2025-11-08T00:31:52.294169+00:00,high: export filename
file_000000001d28722fbafd5b5022dfae18.dat,file_000000001d28722fbafd5b5022dfae18.dat,yes,no,1,186594,186594,yes,161a6748ff33d1059a0506e5af49fcf05884c909acc224e6c5fef3808855655f,1,,,image/png,.png,a4baadb2-fc2d-43dd-a8e7-ee0d329d65c5.png,a4baadb2-fc2d-43dd-a8e7-ee0d329d65c5.png,1,69f73d73-effc-83ea-9a0a-66ef88926ef7,Remote Project Setup,2026-05-03T12:25:52.920883+00:00,high: export filename
file_000000001dcc71fdb418993771cc7b0d.dat,file_000000001dcc71fdb418993771cc7b0d.dat,yes,no,1,309515,309515,yes,bd7ba4222206e9146f3bdbd43617d84ac8a47a22fd645f2557385775142d351d,1,,,image/png,.png,6694cf36-bc28-40a2-9640-c6cff3a7e142.png,6694cf36-bc28-40a2-9640-c6cff3a7e142.png,1,69c6b905-f294-832d-b718-3257c41d863d,SMART Goals for Team,2026-03-27T17:07:36.515983+00:00,high: export filename
file_000000001eac71fdaa19e58cc051d71c.dat,file_000000001eac71fdaa19e58cc051d71c.dat,yes,no,1,260039,260039,yes,6383e647ebed87bdf67b167e89d542d891dd274bbd5b4c846ec98a73f8016927,1,,,image/png,.png,255ea48d-6ced-4332-a962-cac6938fb710.png,255ea48d-6ced-4332-a962-cac6938fb710.png,1,69442610-bd18-8331-9681-b9eb0f676b76,Co-located multiplayer VR setup,2025-12-18T16:06:16.852620+00:00,high: export filename
file_000000001ed0722fa081a9af55c296ac.dat,file_000000001ed0722fa081a9af55c296ac.dat,yes,no,1,246342,246342,yes,e322ff9b1d5ee46fa8c47d7307a01625b390244db885e8e6cf3ee069d44365c9,1,,,image/png,.png,0ae92bc6-69ef-44d5-848d-db1a8f79eb26.png,0ae92bc6-69ef-44d5-848d-db1a8f79eb26.png,1,698e10c8-0968-8333-8083-3ad9651e1dc7,VR Date Space Design,2026-02-12T17:41:48.582351+00:00,high: export filename
file_000000001fa071f587cc62fe54c92e22.dat,file_000000001fa071f587cc62fe54c92e22.dat,yes,no,1,472244,472244,yes,76113df1b8f328ca89b43d6fbbbc9643bcb321ceef18f84731ab197bfa6c07f7,1,,,image/jpeg,.jpg,3D2A19CA-D5C7-4071-B37A-3A09BF861219.jpeg,3D2A19CA-D5C7-4071-B37A-3A09BF861219.jpeg,1,6987be12-0fcc-832f-9808-bb69886bbac7,Roommate Request Help,2026-02-07T22:36:36.346770+00:00,high: export filename
file_000000001fd8622f82eb0e8e962baded.dat,file_000000001fd8622f82eb0e8e962baded.dat,yes,no,1,1093716,1093716,yes,0b8c42287a126b2501072c795c7c59d0bed3f13338ee1c32f9092d6efb3b8acb,3,SHA-0b8c42287a12,byte-identical content under different export paths,image/jpeg,.jpg,688A64E3-E205-4792-A0E3-D43B91698ABC.jpeg,688A64E3-E205-4792-A0E3-D43B91698ABC.jpeg,1,68811b62-862c-800e-b14f-2b3d23187b9c,LW_Breakdown,2025-07-23T17:26:59.072900+00:00,high: export filename
file_00000000201471f594627783ebda4492.dat,file_00000000201471f594627783ebda4492.dat,yes,no,1,41653,41653,yes,4da432fc0ed641163ccd17d29b508fd557ad9a2d5fc40839a65354bbd102d6c4,1,,,image/png,.png,3892ddac-4ba6-405b-a043-f520e57bb7c0.png,3892ddac-4ba6-405b-a043-f520e57bb7c0.png,1,697baed9-091c-8330-8718-539820883b5d,Orthanc Server Connection Help,2026-01-29T19:03:40.494685+00:00,high: export filename
file_00000000206071fd9d8de66f1eaad778.dat,file_00000000206071fd9d8de66f1eaad778.dat,yes,no,1,51500,51500,yes,90f76e9466b4f2a37f11eced8cf9416de0fdb1b8c74abdbfbfa1d24c8bf6e85f,1,,,image/png,.png,f01ae721-643f-4e13-bca1-6d6934992b70.png,f01ae721-643f-4e13-bca1-6d6934992b70.png,1,69442610-bd18-8331-9681-b9eb0f676b76,Co-located multiplayer VR setup,2025-12-18T16:06:16.852620+00:00,high: export filename
file_000000002108722f887683cc32585678.dat,file_000000002108722f887683cc32585678.dat,yes,no,1,318327,318327,yes,2a46af44b5e8355b9eacc1dea616be6648a32f37e6cb66f764be0f9bc9ce099b,1,,,image/jpeg,.jpg,C493D2AE-70CA-4422-9725-483FDF9D014F.jpeg,C493D2AE-70CA-4422-9725-483FDF9D014F.jpeg,2,6a1c5fb9-f460-83ea-945f-ac3b30738cb0,Optmizing,2026-05-31T16:20:49.846812+00:00,high: export filename
file_0000000021ac71fdad271e0b31af013e.dat,file_0000000021ac71fdad271e0b31af013e.dat,yes,no,1,34972,34972,yes,875f523b7ec50efc572331184e52af6ff8b9ab9f273c0a1d045b1405e0d2a9b8,1,,,image/png,.png,8cab77e7-ce8e-42ad-aac8-f2a95bade4f1.png,8cab77e7-ce8e-42ad-aac8-f2a95bade4f1.png,1,69160a45-7840-832c-b2b9-6bea70637591,File input setup,2025-11-13T16:41:43.731511+00:00,high: export filename
file_0000000021e471fd8425b86bfc73b0b4.dat,file_0000000021e471fd8425b86bfc73b0b4.dat,yes,no,1,3680436,3680436,yes,b9c297cd0ae4d510863fb9a2d1dbb6797006d33bcc367c85db56ea2adc3423ea,1,,,image/png,.png,3dc2cc63-03f6-420d-89f8-b2012c27425c.png,3dc2cc63-03f6-420d-89f8-b2012c27425c.png,1,698e10c8-0968-8333-8083-3ad9651e1dc7,VR Date Space Design,2026-02-12T17:41:48.582351+00:00,high: export filename
file_0000000021f471fd828225fac798be46.dat,file_0000000021f471fd828225fac798be46.dat,yes,no,1,3904544,3904544,yes,806718832a66b7d99a457dc3d28a57861cc84616a54aa7699b1761cf433b9bca,1,,,image/jpeg,.jpg,IMG_1324.jpeg,IMG_1324.jpeg,1,697e228a-3b48-832c-b9d2-ee724e0a79a9,Running Two Servo Motors,2026-01-31T15:40:59.376981+00:00,high: export filename
file_00000000228871f584fe4716763f1589.dat,file_00000000228871f584fe4716763f1589.dat,yes,no,1,4181479,4181479,yes,6d9b643d464d89cad2e1f86b378885bdfa98b1f9702bdb7fd45ce00aa5efea96,1,,,image/jpeg,.jpg,IMG_E02AFE2E-C902-4B41-BF3A-FF93EEDDBA57.jpeg,IMG_E02AFE2E-C902-4B41-BF3A-FF93EEDDBA57.jpeg,1,69442610-bd18-8331-9681-b9eb0f676b76,Co-located multiplayer VR setup,2025-12-18T16:06:16.852620+00:00,high: export filename
file_00000000234471fd8a2cfa806bf5d9c8.dat,file_00000000234471fd8a2cfa806bf5d9c8.dat,yes,no,1,429336,429336,yes,72fd1321c91e39472e80b794d5df8a37b508093fc722d7f774a9dcbb7b38c53b,1,,,image/png,.png,61fcd161-63a6-4be9-a5b1-6b1ea67cfe7a.png,61fcd161-63a6-4be9-a5b1-6b1ea67cfe7a.png,1,69442610-bd18-8331-9681-b9eb0f676b76,Co-located multiplayer VR setup,2025-12-18T16:06:16.852620+00:00,high: export filename
file_0000000024a4722f9b117281e5c55fe8.dat,file_0000000024a4722f9b117281e5c55fe8.dat,yes,no,1,198595,198595,yes,0b8eca632e98af1bfe47ccf7d26bb2a521ce1f49ae8ac3f397332e776a437d9e,1,,,image/png,.png,3a78e796-f617-4710-871a-6365740dda7a.png,3a78e796-f617-4710-871a-6365740dda7a.png,1,69442610-bd18-8331-9681-b9eb0f676b76,Co-located multiplayer VR setup,2025-12-18T16:06:16.852620+00:00,high: export filename
file_000000002530722fadfbd6dc0982c559.dat,file_000000002530722fadfbd6dc0982c559.dat,yes,no,1,254015,254015,yes,d2d0163d4f045f229fdbfbd190c844b3fbb99ea5eed40333eba96629ec4742ad,1,,,image/jpeg,.jpg,437EC8FF-8694-49B7-8792-35E5283FB52E.jpeg,437EC8FF-8694-49B7-8792-35E5283FB52E.jpeg,1,6a498c6a-aa24-83ea-8e4c-134b9c0194c4,Zombie Survival Game Ideas,2026-07-04T22:45:27.753684+00:00,high: export filename
file_0000000025f861f590a70a1d7545c6d3.dat,file_0000000025f861f590a70a1d7545c6d3.dat,yes,no,1,1093716,1093716,yes,0b8c42287a126b2501072c795c7c59d0bed3f13338ee1c32f9092d6efb3b8acb,3,SHA-0b8c42287a12,byte-identical content under different export paths,image/jpeg,.jpg,57039926-7442-4422-B921-7EA4050B7740.jpeg,57039926-7442-4422-B921-7EA4050B7740.jpeg,1,68811b62-862c-800e-b14f-2b3d23187b9c,LW_Breakdown,2025-07-23T17:26:59.072900+00:00,high: export filename
file_00000000261471f59b02f0c89a8d05f8.dat,file_00000000261471f59b02f0c89a8d05f8.dat,yes,no,1,128600,128600,yes,903c9905db4aa30fbfdc5082fcbab625845c2c65d79aaf852cd240416e1b5c9a,1,,,image/jpeg,.jpg,8C3C1C5B-D675-4D4E-8569-B745F93AB13E.jpeg,8C3C1C5B-D675-4D4E-8569-B745F93AB13E.jpeg,2,6a1c5fb9-f460-83ea-945f-ac3b30738cb0,Optmizing,2026-05-31T16:20:49.846812+00:00,high: export filename
file_0000000027d861f7afb3ccd3a1b1df6f.dat,file_0000000027d861f7afb3ccd3a1b1df6f.dat,yes,no,1,1181279,1181279,yes,68fb5fb5dec11dde858397bd9b378762825da8825608945a115c33acfb1d46a7,1,,,image/jpeg,.jpg,4A2FDA51-9B7F-4952-A96E-C10804CE6EEC.jpeg,4A2FDA51-9B7F-4952-A96E-C10804CE6EEC.jpeg,1,68811b62-862c-800e-b14f-2b3d23187b9c,LW_Breakdown,2025-07-23T17:26:59.072900+00:00,high: export filename
file_0000000027e061f6b15eead0e0ef670b.dat,file_0000000027e061f6b15eead0e0ef670b.dat,yes,no,1,225140,225140,yes,5a6293177d954ee4436640ba3946da65a4debe1d7c6d3fbf12d44cdd1a7dc332,1,,,image/jpeg,.jpg,35897459-694B-4AE4-87EF-B48E7FA03397.jpeg,35897459-694B-4AE4-87EF-B48E7FA03397.jpeg,1,68811b62-862c-800e-b14f-2b3d23187b9c,LW_Breakdown,2025-07-23T17:26:59.072900+00:00,high: export filename
file_0000000028f4720cb0e9ef741a5eadcb.dat,file_0000000028f4720cb0e9ef741a5eadcb.dat,yes,no,1,230769,230769,yes,ab2bf42c14768d0d61f28b39f8bd3dc838419f9d9e643ea5a931d1207ef64093,1,,,image/jpeg,.jpg,450E528C-6992-44A8-97EF-CDEAB4D6CFB7.jpeg,450E528C-6992-44A8-97EF-CDEAB4D6CFB7.jpeg,1,6a42efd0-2540-83ea-80d8-00615ce473c7,Quest 3 Potato Mode,2026-06-29T22:21:16.206553+00:00,high: export filename
file_00000000290c722fb7661e5a758b7bd1.dat,file_00000000290c722fb7661e5a758b7bd1.dat,yes,no,1,39593,39593,yes,4f89ac6b2fb4100c5d53401c3d1f613345aa9e2b40108d56c9ce60ad4b9b0245,1,,,image/png,.png,cc760eec-60aa-409e-9fee-b7ca360a86d0.png,cc760eec-60aa-409e-9fee-b7ca360a86d0.png,1,69442610-bd18-8331-9681-b9eb0f676b76,Co-located multiplayer VR setup,2025-12-18T16:06:16.852620+00:00,high: export filename
file_000000002a98723087a169b72a3bf9c2.dat,file_000000002a98723087a169b72a3bf9c2.dat,yes,no,1,542543,542543,yes,e19c7a4f70d950ae1ae1aa3a2f5be6f5f4f28bc090b7cef9dd854a3971a93a28,1,,,image/jpeg,.jpg,8D5216C8-AE24-450F-AC75-82CF54DD7E4A.jpeg,8D5216C8-AE24-450F-AC75-82CF54DD7E4A.jpeg,1,690e36c6-8128-8330-a302-11b717eacaac,Translate to English,2025-11-07T18:13:49.187735+00:00,high: export filename
file_000000002b1861f7973b49f1655d8c4e.dat,file_000000002b1861f7973b49f1655d8c4e.dat,yes,no,1,273938,273938,yes,94e2a2ec7d8451d58dd601646daa516160adf619d7212be183840d03ef80c322,1,,,image/jpeg,.jpg,36AE8160-5D01-4D2A-82A9-A3A470C00EE9.jpeg,36AE8160-5D01-4D2A-82A9-A3A470C00EE9.jpeg,1,68d8113c-24dc-8322-9905-0204c14a82f3,Game instance distribution,2025-09-27T16:32:13.776068+00:00,high: export filename
file_000000002ca4722fa776f67268fb7ddf.dat,file_000000002ca4722fa776f67268fb7ddf(1).dat,yes,yes,1,3585,3585,yes,706cfcdfb2a61afcfddd77bdf6d691d7e508f2d94d83e8b6e1211ea535731774,1,,,text/plain,.txt,,file_000000002ca4722fa776f67268fb7ddf.txt,0,,,,high: export filename
file_000000002d9871fd90859828c891935c.dat,file_000000002d9871fd90859828c891935c(1).dat,yes,yes,1,81183,81183,yes,b5c59cc2e4315e31c80562fc641a4b90d4ace11e69bd245d34415e2033b13232,1,,,image/png,.png,eb9a614d-c56d-4198-98bd-da54a6457e94.png,eb9a614d-c56d-4198-98bd-da54a6457e94.png,1,69442610-bd18-8331-9681-b9eb0f676b76,Co-located multiplayer VR setup,2025-12-18T16:06:16.852620+00:00,high: export filename
file_000000002dc871f7a9a6957a3b1193d8.dat,file_000000002dc871f7a9a6957a3b1193d8.dat,yes,no,1,58526,58526,yes,5f8ee0d6605e014a163a09b07610a8fa4f15b3d4e2942a6adfa40526a33af691,1,,,image/png,.png,6f4c8ee6-3396-48c3-a62f-2877018b5c1e.png,6f4c8ee6-3396-48c3-a62f-2877018b5c1e.png,1,690e8f49-ef34-832a-9553-80c853478e25,Multicrew aircraft requirements,2025-11-08T00:31:52.294169+00:00,high: export filename
file_000000002df071fdaf9ed982578fc4ce.dat,file_000000002df071fdaf9ed982578fc4ce.dat,yes,no,1,3024353,3024353,yes,d2ebdaa4b501b2c24bd33b85bf2a58c288a9254ac27f4eb31c212e7aa56a0943,1,,,image/png,.png,1f349b8a-0595-48d9-be9f-247c8e70d67e.png,1f349b8a-0595-48d9-be9f-247c8e70d67e.png,1,698e10c8-0968-8333-8083-3ad9651e1dc7,VR Date Space Design,2026-02-12T17:41:48.582351+00:00,high: export filename
file_000000002ea8722fbcfc264720d02d9c.dat,file_000000002ea8722fbcfc264720d02d9c.dat,yes,no,1,234599,234599,yes,610f64a88a58defe67fbb5f6d83f5850f6f6e60e1b4fec2d43f35e2f9f8bf593,1,,,image/png,.png,7349EE5E-4CA7-4E97-ABFC-9E6C27C865C9.png,7349EE5E-4CA7-4E97-ABFC-9E6C27C865C9.png,6,6a26bb4d-d378-83ea-9c90-bf0ebfce41fe,Branch · Branch · Creative writing options,2026-06-08T12:53:39.081550+00:00,high: export filename
file_000000002ee871f899614bedc0b47d9f.dat,file_000000002ee871f899614bedc0b47d9f.dat,yes,no,1,552906,552906,yes,fa0e3824000153c6266f0624c3bcfb56710ed1f12e6200a08250000ed6bf8ccb,1,,,image/jpeg,.jpg,85C7BEE0-81D5-4BFE-9834-A2A7469CE5A0.jpeg,85C7BEE0-81D5-4BFE-9834-A2A7469CE5A0.jpeg,1,6a09ae38-712c-83ea-a939-4eba9eeebc49,Removing MainSignalSearchDaemon,2026-05-17T12:03:06.068253+00:00,high: export filename
file_000000002f1c71f598df454351bd20e8.dat,file_000000002f1c71f598df454351bd20e8.dat,yes,no,1,703278,703278,yes,0073a5dc275dd3630613ebd0bed450a6ff1480d6501851706c217dc3e82434f0,1,,,audio/x-wav,.wav,6939d6a0-c024-8333-bd11-7146ed4dfdba/audio/5cf4b51a-933a-4916-b13e-fd86c80fe29b.wav,6939d6a0-c024-8333-bd11-7146ed4dfdba/audio/5cf4b51a-933a-4916-b13e-fd86c80fe29b.wav,5,6939d6a0-c024-8333-bd11-7146ed4dfdba,Creative writing options,2025-12-10T20:22:57.434814+00:00,high: export filename
file_00000000317471f58961ebb2853fda47.dat,file_00000000317471f58961ebb2853fda47.dat,yes,no,1,324294,324294,yes,acdaa7ee225821538ec4a786561fa1a4a1d86b40fe20de2ad5aeaecd0e241acc,1,,,image/jpeg,.jpg,DEA6913B-FC83-4563-82C9-15C2632D5D46.jpeg,DEA6913B-FC83-4563-82C9-15C2632D5D46.jpeg,1,6a387a25-daac-83ea-8ebf-5a92ba84683d,3D Ankylosaurus Character Design,2026-06-21T23:58:29.420749+00:00,high: export filename
file_00000000321871f5900459a6fca9b6fd.dat,file_00000000321871f5900459a6fca9b6fd.dat,yes,no,1,533285,533285,yes,749c4b0b9d5bfcd8721a373c8146babac76f7db0f1a1eee98cc648749681ec5e,2,SHA-749c4b0b9d5b,byte-identical content under different export paths,image/jpeg,.jpg,97D38CF8-8FCE-46E3-9B69-8EE294F0C728.jpeg,97D38CF8-8FCE-46E3-9B69-8EE294F0C728.jpeg,1,6a385d79-eed0-83ea-864e-68c14f8bdf9d,Server Performance Comparison,2026-06-21T21:56:17.669560+00:00,high: export filename
file_000000003238722f84b10696192ee1a9.dat,file_000000003238722f84b10696192ee1a9.dat,yes,no,1,25518,25518,yes,18b82fddabedd81182b72998119f83c177221e3dfd88a046f983b7a68817077d,1,,,audio/x-wav,.wav,6939d6a0-c024-8333-bd11-7146ed4dfdba/audio/6c44e076-373a-441f-87c1-7e3670649af1.wav,6939d6a0-c024-8333-bd11-7146ed4dfdba/audio/6c44e076-373a-441f-87c1-7e3670649af1.wav,0,,,,high: export filename
file_00000000329c7230b1e10a223bd7ef9b.dat,file_00000000329c7230b1e10a223bd7ef9b.dat,yes,no,1,31722,31722,yes,1c78eec3b775f35482bec09aff2759d37af5d9c0d8a262ea064fed53f18e918a,1,,,image/png,.png,af9bc55a-e4a7-453e-9696-1cc9fc8685a3.png,af9bc55a-e4a7-453e-9696-1cc9fc8685a3.png,1,69160a45-7840-832c-b2b9-6bea70637591,File input setup,2025-11-13T16:41:43.731511+00:00,high: export filename
file_0000000033ec71fda2282e6cc58dcf56.dat,file_0000000033ec71fda2282e6cc58dcf56.dat,yes,no,1,456628,456628,yes,91d24e4a31ca2a33fd09ef972c2f8cb2d16678fd255ba6efba73203c9454db04,1,,,image/jpeg,.jpg,8B64FA43-7407-43EA-A285-E96C3A7A31D4.jpeg,8B64FA43-7407-43EA-A285-E96C3A7A31D4.jpeg,1,6939a6a2-e66c-8330-b3f7-2fc307bb27b8,Rewrite for attractiveness,2025-12-10T16:58:11.692884+00:00,high: export filename
file_0000000034a861f6b4d0d99ac7d0a105.dat,file_0000000034a861f6b4d0d99ac7d0a105.dat,yes,no,1,640966,640966,yes,1681c888dcbc6aa0c5e94b3a9abdb3a5edda25c1ab682959c35b5aff4c3de005,1,,,image/jpeg,.jpg,6BA8F4B0-2AF8-4107-9658-4B2BECC5B382.jpeg,6BA8F4B0-2AF8-4107-9658-4B2BECC5B382.jpeg,1,68e52055-d6e0-8332-9d8b-f399241522eb,Reaching out to FWB,2025-10-07T14:14:48.614923+00:00,high: export filename
file_0000000035d4722fad8945010ea75a73.dat,file_0000000035d4722fad8945010ea75a73.dat,yes,no,1,310704,310704,yes,74176fa015722076ba6ada1887e9dda0ad9a1dea875879a835cec0e75c283e39,1,,,image/png,.png,Dino-purpose fix-2.png,Dino-purpose fix-2.png,1,6a3b29b7-91b8-83ea-ab02-7805049a54de,3D Model Creation Prompt,2026-06-24T00:50:02.325853+00:00,high: export filename
file_000000003680722fa258232dc1b00f83.dat,file_000000003680722fa258232dc1b00f83.dat,yes,no,1,381917,381917,yes,7b0764835b8fff9d27ee6ff1c6d0a3e371c5c79965ee120f5c510c6f946e1f33,1,,,image/png,.png,da6c7f60-fefa-4a37-b476-0c7607ed14c4.png,da6c7f60-fefa-4a37-b476-0c7607ed14c4.png,1,698e10c8-0968-8333-8083-3ad9651e1dc7,VR Date Space Design,2026-02-12T17:41:48.582351+00:00,high: export filename
file_0000000036c871fdba2cbe81915cb3d9.dat,file_0000000036c871fdba2cbe81915cb3d9.dat,yes,no,1,82001,82001,yes,7479ef3072147b99e787782eab7c09bcdaf2f1ffc555ed8cd754ac11a979c16e,1,,,image/png,.png,651f0e81-dbb5-4db8-9344-b48ac93374d0.png,651f0e81-dbb5-4db8-9344-b48ac93374d0.png,1,69f73d73-effc-83ea-9a0a-66ef88926ef7,Remote Project Setup,2026-05-03T12:25:52.920883+00:00,high: export filename
file_00000000373871fd8d1c88b94891c602.dat,file_00000000373871fd8d1c88b94891c602.dat,yes,no,1,299348,299348,yes,5865bfaff760ef744c199ccbff4c436ec2b924b9b0f65bbe9b88c277e86019af,1,,,image/jpeg,.jpg,B5467130-ABFF-431A-9BFC-939810593A7C.jpeg,B5467130-ABFF-431A-9BFC-939810593A7C.jpeg,1,6939a6a2-e66c-8330-b3f7-2fc307bb27b8,Rewrite for attractiveness,2025-12-10T16:58:11.692884+00:00,high: export filename
file_00000000381c71f784e94bc248e393f2.dat,file_00000000381c71f784e94bc248e393f2.dat,yes,no,1,240094,240094,yes,cd482787b2681530fe9204a1ff1ef9383767ab541a5bf19e4f54ec31b2dcba1c,2,SHA-cd482787b268,byte-identical content under different export paths,image/jpeg,.jpg,9371A32F-D416-4077-A605-16D8222769F6.jpeg,9371A32F-D416-4077-A605-16D8222769F6.jpeg,1,6939a6a2-e66c-8330-b3f7-2fc307bb27b8,Rewrite for attractiveness,2025-12-10T16:58:11.692884+00:00,high: export filename
file_00000000386c71f5a4f0fd9eff8367f5.dat,file_00000000386c71f5a4f0fd9eff8367f5.dat,yes,no,1,41829,41829,yes,13f8053ade7394c01f8bb8b8132c8be5162f6e0e10f49caa49ce989bb46c424f,1,,,application/vnd.openxmlformats-officedocument.spreadsheetml.sheet,.xlsx,,file_00000000386c71f5a4f0fd9eff8367f5.xlsx,0,,,,high: export filename
file_00000000388c71fd8ac3891d51d8e7e8.dat,file_00000000388c71fd8ac3891d51d8e7e8.dat,yes,no,1,114720,114720,yes,0183fd8fd53bcb9f849621001dfba8bcf8027e6efee5cb92d31504f70edfcbe4,2,SHA-0183fd8fd53b,byte-identical content under different export paths,image/png,.png,2b8f5bfe-0552-430b-87d2-0bc86d0f19d9.png,2b8f5bfe-0552-430b-87d2-0bc86d0f19d9.png,1,69442610-bd18-8331-9681-b9eb0f676b76,Co-located multiplayer VR setup,2025-12-18T16:06:16.852620+00:00,high: export filename
file_000000003a0c722f944b6fbf11ad75ce.dat,file_000000003a0c722f944b6fbf11ad75ce.dat,yes,no,1,436382,436382,yes,7ec076aa4f7d743cf6cea00a158df2458eae21428814fbfdc398cab1018113d1,1,,,image/jpeg,.jpg,0A24FAA1-9A9B-40E0-BBAA-0276DF3EFAAC.jpeg,0A24FAA1-9A9B-40E0-BBAA-0276DF3EFAAC.jpeg,3,6a26bb4d-d378-83ea-9c90-bf0ebfce41fe,Branch · Branch · Creative writing options,2026-06-08T12:53:39.081550+00:00,high: export filename
file_000000003a3861f7ac453197969abc67.dat,file_000000003a3861f7ac453197969abc67.dat,yes,no,1,224909,224909,yes,347b63854e930cc8696b6227e3a216a75dfda2531a4e4137b8253352903af78b,1,,,image/jpeg,.jpg,734BF43E-4E1C-4457-97D6-230B50D4D453.jpeg,734BF43E-4E1C-4457-97D6-230B50D4D453.jpeg,1,68811b62-862c-800e-b14f-2b3d23187b9c,LW_Breakdown,2025-07-23T17:26:59.072900+00:00,high: export filename
file_000000003aa871fd8158232ab9171bd5.dat,file_000000003aa871fd8158232ab9171bd5.dat,yes,no,1,166069,166069,yes,c8ec35d026ecfca6d832c15009801c04ccb23c4bb0a71008b6af1c835862ccd7,1,,,image/png,.png,f5c6cf67-e684-42f1-bf8f-1f1cd2273024.png,f5c6cf67-e684-42f1-bf8f-1f1cd2273024.png,1,69626f72-c318-832c-832a-8bef6d20351f,Multiplayer VR Co-location,2026-01-10T15:30:37.848498+00:00,high: export filename
file_000000003c4871f7802f8bf68fdab4a8.dat,file_000000003c4871f7802f8bf68fdab4a8.dat,yes,no,1,289007,289007,yes,af459902c8ff954f1da879ad7ab1211fc4cb623bf93c8be35ae44f152f6a56cc,1,,,image/png,.png,498eb7aa-d161-486c-9423-633f90f920b4.png,498eb7aa-d161-486c-9423-633f90f920b4.png,1,69442610-bd18-8331-9681-b9eb0f676b76,Co-located multiplayer VR setup,2025-12-18T16:06:16.852620+00:00,high: export filename
file_000000003d78722fbf88cb32ab2a34ab.dat,file_000000003d78722fbf88cb32ab2a34ab(1).dat,yes,yes,1,80989160,80989160,yes,28206bd7bfd45374bc58cba778fc76a766f3c8d18dbaa919f06c1761a5a3e820,1,,,text/csv,.csv,PresentMon-2026-07-06T095158.csv,PresentMon-2026-07-06T095158.csv,1,6a4d175e-f360-83ea-975b-b6803fbbfc86,Data Parsing and GPU Analysis,2026-07-07T15:13:46.695793+00:00,high: export filename
file_000000003d80722fbdfbd4fce4f2d108.dat,file_000000003d80722fbdfbd4fce4f2d108(1).dat,yes,yes,1,108748,108748,yes,69fc3866eaab5403fe38c7fe6a71e1a639ccca51a73b4c03675573a04b5f5abb,1,,,image/png,.png,2c18cabe-aea9-42f2-bc7c-2486085622fa.png,2c18cabe-aea9-42f2-bc7c-2486085622fa.png,1,69d2bdf6-8208-8331-8943-988e6ad4b6d2,PC Sleep Mode Issue,2026-04-05T19:54:35.835072+00:00,high: export filename
file_000000003ddc71fd8e388950d72b4cd2.dat,file_000000003ddc71fd8e388950d72b4cd2(1).dat,yes,yes,1,14142,14142,yes,d9f7d72b99d40a855e4913dc15ee102b966c1591f86a39adff152edc006bb6ef,1,,,image/png,.png,e8b7bca5-15ce-48cc-9cf7-70ae5d00760f.png,e8b7bca5-15ce-48cc-9cf7-70ae5d00760f.png,1,69f73d73-effc-83ea-9a0a-66ef88926ef7,Remote Project Setup,2026-05-03T12:25:52.920883+00:00,high: export filename
file_000000003de871f88c4c13bc17595b4b.dat,file_000000003de871f88c4c13bc17595b4b(1).dat,yes,yes,1,245078,245078,yes,1bd9ace55391caf90d833bcd8a97f0c83278bb081aaae7ebb7cc8ce2d20efe87,1,,,image/png,.png,64af5440-01a9-4606-9299-dbf26d311d09.png,64af5440-01a9-4606-9299-dbf26d311d09.png,1,69626f72-c318-832c-832a-8bef6d20351f,Multiplayer VR Co-location,2026-01-10T15:30:37.848498+00:00,high: export filename
file_000000003f80722f893e5ecf7d7163ff.dat,file_000000003f80722f893e5ecf7d7163ff(1).dat,yes,yes,1,2805726,2805726,yes,460331ce1d347681ad57586bff1861b1d64fd2dfa1d0445db647f5698e1f993d,1,,,image/jpeg,.jpg,IMG_9D15DCD8-DCC1-430C-93EA-F6F744C1F406.jpeg,IMG_9D15DCD8-DCC1-430C-93EA-F6F744C1F406.jpeg,1,69442610-bd18-8331-9681-b9eb0f676b76,Co-located multiplayer VR setup,2025-12-18T16:06:16.852620+00:00,high: export filename
file_000000003ff071f58233aeedba4c2f83.dat,file_000000003ff071f58233aeedba4c2f83(1).dat,yes,yes,2,7363,7363,yes,040767a76d3e651c043bd01e5b34455e519a4cde38b497451ebd6e1a5fc070ef,2,SHA-040767a76d3e,same export path uploaded more than once,image/png,.png,ae2d27f8-5e3c-4b95-9905-eb06fcfd5070.png,ae2d27f8-5e3c-4b95-9905-eb06fcfd5070.png,1,69a0d9ef-5200-8331-89e6-de3c40573d00,Jira Ticket Test Issue,2026-02-26T23:40:31.857858+00:00,high: export filename
file_000000003ff071f58233aeedba4c2f83.dat,file_000000003ff071f58233aeedba4c2f83(2).dat,no,yes,2,7363,7363,yes,040767a76d3e651c043bd01e5b34455e519a4cde38b497451ebd6e1a5fc070ef,2,SHA-040767a76d3e,same export path uploaded more than once,image/png,.png,ae2d27f8-5e3c-4b95-9905-eb06fcfd5070.png,ae2d27f8-5e3c-4b95-9905-eb06fcfd5070.png,1,69a0d9ef-5200-8331-89e6-de3c40573d00,Jira Ticket Test Issue,2026-02-26T23:40:31.857858+00:00,high: export filename
file_000000003ff462309091c1befcf12416.dat,file_000000003ff462309091c1befcf12416(1).dat,yes,yes,2,255476,255476,yes,bef065f95efc396576030aaec654f9ece9da7081f673f0f09ad1ef330379bb5a,2,SHA-bef065f95efc,same export path uploaded more than once,image/jpeg,.jpg,FE7880A5-E386-4AEF-9CE6-C66B19D31A95.jpeg,FE7880A5-E386-4AEF-9CE6-C66B19D31A95.jpeg,1,68811b62-862c-800e-b14f-2b3d23187b9c,LW_Breakdown,2025-07-23T17:26:59.072900+00:00,high: export filename
file_000000003ff462309091c1befcf12416.dat,file_000000003ff462309091c1befcf12416(2).dat,no,yes,2,255476,255476,yes,bef065f95efc396576030aaec654f9ece9da7081f673f0f09ad1ef330379bb5a,2,SHA-bef065f95efc,same export path uploaded more than once,image/jpeg,.jpg,FE7880A5-E386-4AEF-9CE6-C66B19D31A95.jpeg,FE7880A5-E386-4AEF-9CE6-C66B19D31A95.jpeg,1,68811b62-862c-800e-b14f-2b3d23187b9c,LW_Breakdown,2025-07-23T17:26:59.072900+00:00,high: export filename
file_000000004014722fad3d8d4e5ab51148.dat,file_000000004014722fad3d8d4e5ab51148.dat,yes,no,1,785232,785232,yes,a52adc2cc3dea9fabc474c6c87d74dd6503abf274083bd481d3ddccd0c60085e,1,,,image/png,.png,82C41033-DD19-49A0-9551-B832C589A0F4.png,82C41033-DD19-49A0-9551-B832C589A0F4.png,1,6939a6a2-e66c-8330-b3f7-2fc307bb27b8,Rewrite for attractiveness,2025-12-10T16:58:11.692884+00:00,high: export filename
file_000000004018722f92842e50b8f756e5.dat,file_000000004018722f92842e50b8f756e5.dat,yes,no,1,857920,857920,yes,30486694531921262ec27027a2c2429c32beacaec95a85c88b2f706df1bd077a,2,SHA-304866945319,byte-identical content under different export paths,image/jpeg,.jpg,A7ADFF8C-A285-46EB-9D7B-63E36616806E.jpeg,A7ADFF8C-A285-46EB-9D7B-63E36616806E.jpeg,1,6a3f0c72-7948-83ea-961f-62c39dc065bb,Funny Meme Creation,2026-06-26T23:34:35.852680+00:00,high: export filename
file_000000004038722fbc1e69ffc2e76e5f.dat,file_000000004038722fbc1e69ffc2e76e5f.dat,yes,no,1,13490484,13490484,yes,91049e833f29ef9e641242a3c31234479dca4f5e18a16b05ee5c284a2e430148,1,,,text/csv,.csv,PresentMon-2026-07-07_HUB-P12.csv,PresentMon-2026-07-07_HUB-P12.csv,1,6a4e7195-9898-83ea-bea4-3da580c1116a,Performance Testing Tools,2026-07-08T15:52:11.251649+00:00,high: export filename
file_0000000040a871f59caa32ad6000ed30.dat,file_0000000040a871f59caa32ad6000ed30.dat,yes,no,1,479085,479085,yes,94865a9c284d7fa5fb5766b8350707d91fa7d7bf1c4ddbe1d9c8ba5044910251,1,,,image/jpeg,.jpg,09379A47-10DE-433A-9106-88D89BCD091A.jpeg,09379A47-10DE-433A-9106-88D89BCD091A.jpeg,1,6a387924-2464-83ea-9f05-31a3c07a0988,Shirt Design Mockup,2026-06-21T23:53:06.609763+00:00,high: export filename
file_000000004254722f9cfdd78c608543ae.dat,file_000000004254722f9cfdd78c608543ae.dat,yes,no,1,393678,393678,yes,712d818698a170537b1a88debe3047de8d868037d47573604791196da503fa42,1,,,audio/x-wav,.wav,6939d6a0-c024-8333-bd11-7146ed4dfdba/audio/80fbfb70-b274-4542-869b-3696fe7a54c6.wav,6939d6a0-c024-8333-bd11-7146ed4dfdba/audio/80fbfb70-b274-4542-869b-3696fe7a54c6.wav,5,6939d6a0-c024-8333-bd11-7146ed4dfdba,Creative writing options,2025-12-10T20:22:57.434814+00:00,high: export filename
file_00000000425c722fba20222c0f8a3140.dat,file_00000000425c722fba20222c0f8a3140.dat,yes,no,1,560480,560480,yes,d102e77091ab0c19f34951b52a82d882c232c48783a4e2f491d27c4b03347d9d,1,,,image/jpeg,.jpg,BD515075-FBCC-489E-9302-8936A4CABB43.jpeg,BD515075-FBCC-489E-9302-8936A4CABB43.jpeg,5,6939d6a0-c024-8333-bd11-7146ed4dfdba,Creative writing options,2025-12-10T20:22:57.434814+00:00,high: export filename
file_00000000427071fdb23841362c10c9e6.dat,file_00000000427071fdb23841362c10c9e6.dat,yes,no,1,183850,183850,yes,074dcae72ee32d4be685bad93fce4c5ba688fdd0397c663fa2af5b8c9a3b3b7d,1,,,image/png,.png,4c75d3c8-229c-483d-98ba-40457838454f.png,4c75d3c8-229c-483d-98ba-40457838454f.png,1,69442610-bd18-8331-9681-b9eb0f676b76,Co-located multiplayer VR setup,2025-12-18T16:06:16.852620+00:00,high: export filename
file_0000000043bc71f8b38617738cc40da4.dat,file_0000000043bc71f8b38617738cc40da4.dat,yes,no,1,312308,312308,yes,0f75281d51e96920d4d69248114441e1693b96e5bfb57eed7809fb7ba6b4ee02,1,,,image/jpeg,.jpg,7AECD13A-75AE-42F3-92C3-CE1EADB8D3A9.jpeg,7AECD13A-75AE-42F3-92C3-CE1EADB8D3A9.jpeg,1,69606c39-933c-8331-9a73-7058f46af7ee,Real or Rendered Photo,2026-01-09T02:47:22.238915+00:00,high: export filename
file_00000000449471f8861c31cb4898cdae.dat,file_00000000449471f8861c31cb4898cdae.dat,yes,no,1,339574,339574,yes,a1d9b072702302e1c028234bdf3cfd666e9095d9a9aefdbfccac8b1f129b2d71,1,,,image/jpeg,.jpg,38835EE5-A5F1-4909-9054-5B73B988131B.jpeg,38835EE5-A5F1-4909-9054-5B73B988131B.jpeg,1,69d6542c-2a24-832a-8241-43a046e75253,Secure Boot Authorization Issue,2026-04-08T13:12:31.965560+00:00,high: export filename
file_0000000045b471fdb9506791d6b7f786.dat,file_0000000045b471fdb9506791d6b7f786.dat,yes,no,1,92399,92399,yes,33587bdf5785ef6c669288a68800a233e7d13b223a41e375f4b6cf4b984b44b2,1,,,image/png,.png,6f9e6f74-dcea-4627-beb7-d833ef463cb6.png,6f9e6f74-dcea-4627-beb7-d833ef463cb6.png,1,69c6b905-f294-832d-b718-3257c41d863d,SMART Goals for Team,2026-03-27T17:07:36.515983+00:00,high: export filename
file_000000004620720cac8041e84e4c047f.dat,file_000000004620720cac8041e84e4c047f.dat,yes,no,1,632000,632000,yes,005c3437506c0f63453df5144f8cb7ac1df3cb8b12e292de8b43d301b55a368a,1,,,image/jpeg,.jpg,IMG_1CE5F0E8-CDF8-46D0-B646-361E35C950A7.jpeg,IMG_1CE5F0E8-CDF8-46D0-B646-361E35C950A7.jpeg,2,6a1c5fb9-f460-83ea-945f-ac3b30738cb0,Optmizing,2026-05-31T16:20:49.846812+00:00,high: export filename
file_00000000462c71f8a451f4573ba85f4f.dat,file_00000000462c71f8a451f4573ba85f4f.dat,yes,no,1,617913,617913,yes,0d02e09130880bc284e6049038c57ff8c4413aa0ec8cc621dbc1ae84909900d5,1,,,image/jpeg,.jpg,C427327A-646C-41EF-B0F6-B3CA66CE86B4.jpeg,C427327A-646C-41EF-B0F6-B3CA66CE86B4.jpeg,1,6968e056-fe4c-8330-a35b-c1b627bc1466,Dual GPU Comparison DCS,2026-01-15T12:42:47.676513+00:00,high: export filename
file_0000000046ac71f88b30349959068a09.dat,file_0000000046ac71f88b30349959068a09.dat,yes,no,1,133976,133976,yes,cbdf54f98b4bfa1845b286b8c2de6e240d8d140091b9462cd5c24eca40319e5c,1,,,image/png,.png,2ccdc1b8-5c63-4d16-97ed-a8a574b1178c.png,2ccdc1b8-5c63-4d16-97ed-a8a574b1178c.png,1,69626f72-c318-832c-832a-8bef6d20351f,Multiplayer VR Co-location,2026-01-10T15:30:37.848498+00:00,high: export filename
file_000000004818720c8d879d5aec6eb81e.dat,file_000000004818720c8d879d5aec6eb81e.dat,yes,no,1,31892,31892,yes,df71597bcc7f868697ffaa45e318cb5307d3cd663672a7cfc2b0d0ffa5babe32,1,,,image/png,.png,d5db6f46-3028-4414-b9fb-66e15774b8d5.png,d5db6f46-3028-4414-b9fb-66e15774b8d5.png,1,6a4fa243-7eec-83ea-ae1b-5d4e580b93d9,Mid-year review assistance,2026-07-09T13:29:40.404876+00:00,high: export filename
file_00000000484c722fbcb72a68ec205f47.dat,file_00000000484c722fbcb72a68ec205f47.dat,yes,no,1,329326,329326,yes,18cee24009654f24d37d5eb2da281e12c16fcb5d53140b9ecb17dce436174501,1,,,image/jpeg,.jpg,5AECB134-402B-4615-B01C-6C9217E32193.jpeg,5AECB134-402B-4615-B01C-6C9217E32193.jpeg,1,6912c63a-cd28-8327-bc7b-b654025495a7,Heist date ideas,2025-11-11T05:14:35.541144+00:00,high: export filename
file_0000000048c471f5aa04e5592daf6178.dat,file_0000000048c471f5aa04e5592daf6178.dat,yes,no,1,56201,56201,yes,6217cdb139e5c2f00438c23fbe84ef20e4cf342fe140f74f31d024b5bdad98fb,1,,,image/png,.png,aa16d19c-912a-4a7c-9658-75632bab55f7.png,aa16d19c-912a-4a7c-9658-75632bab55f7.png,1,69442610-bd18-8331-9681-b9eb0f676b76,Co-located multiplayer VR setup,2025-12-18T16:06:16.852620+00:00,high: export filename
file_00000000491871f7b74dcaf68d1a0af7.dat,file_00000000491871f7b74dcaf68d1a0af7.dat,yes,no,1,478941,478941,yes,9b34e6572ac6fcb0e62f94de7361299e34c0851c4aeebc24df446368d96f7e4f,1,,,image/jpeg,.jpg,328B380B-0A5C-4DA2-861E-F6EB3B50DDE9.jpeg,328B380B-0A5C-4DA2-861E-F6EB3B50DDE9.jpeg,2,6a3b265f-24e4-83ea-b6b3-82cc5ba5df0a,Scheduling Next Week,2026-06-24T00:36:11.251293+00:00,high: export filename
file_000000004944722f959f9c8bc34b892b.dat,file_000000004944722f959f9c8bc34b892b.dat,yes,no,1,319777,319777,yes,e44111f4dfc77e6f6601aed7d14ef3eb3dd0ce1976f6618223c6bef33e77d0da,1,,,image/jpeg,.jpg,B8AA3DE4-BD91-4A66-B83F-1ECE5EC9CE67.jpeg,B8AA3DE4-BD91-4A66-B83F-1ECE5EC9CE67.jpeg,1,6912c63a-cd28-8327-bc7b-b654025495a7,Heist date ideas,2025-11-11T05:14:35.541144+00:00,high: export filename
file_000000004988720c849496bdeb4af421.dat,file_000000004988720c849496bdeb4af421.dat,yes,no,1,7023,7023,yes,a07ea200c2396b609d9231501a549cbf609b34009f4aa4e067b25e8456bd7601,1,,,text/plain,.txt,TAP_PR.txt,TAP_PR.txt,2,6a4871b1-a6d4-83ea-9f17-64dd949da184,Branch · Copilot Enterprise Automation,2026-07-04T02:36:37.881520+00:00,high: export filename
file_000000004b70722fb130c426040915d3.dat,file_000000004b70722fb130c426040915d3(1).dat,no,yes,2,3970652,3970652,yes,6fe94dd7f2a82d26a565fcbd007bf70308356fabf56f721c335224d0e64c2d76,2,SHA-6fe94dd7f2a8,same export path uploaded more than once,image/jpeg,.jpg,IMG_E73D9BC5-F520-498A-ABA9-6EE574D63FCC.jpeg,IMG_E73D9BC5-F520-498A-ABA9-6EE574D63FCC.jpeg,1,69442610-bd18-8331-9681-b9eb0f676b76,Co-located multiplayer VR setup,2025-12-18T16:06:16.852620+00:00,high: export filename
file_000000004b70722fb130c426040915d3.dat,file_000000004b70722fb130c426040915d3.dat,yes,no,2,3970652,3970652,yes,6fe94dd7f2a82d26a565fcbd007bf70308356fabf56f721c335224d0e64c2d76,2,SHA-6fe94dd7f2a8,same export path uploaded more than once,image/jpeg,.jpg,IMG_E73D9BC5-F520-498A-ABA9-6EE574D63FCC.jpeg,IMG_E73D9BC5-F520-498A-ABA9-6EE574D63FCC.jpeg,1,69442610-bd18-8331-9681-b9eb0f676b76,Co-located multiplayer VR setup,2025-12-18T16:06:16.852620+00:00,high: export filename
file_000000004ba071fda583aad757c1d55b.dat,file_000000004ba071fda583aad757c1d55b(1).dat,no,yes,2,161240,161240,yes,18de1b43a9260ab4491fec4f117b6e8a5eb7509d5bfd915d634d34f433cb2105,2,SHA-18de1b43a926,same export path uploaded more than once,image/png,.png,7636d17d-d9e6-4685-9a1c-08ad3ff8ce5d.png,7636d17d-d9e6-4685-9a1c-08ad3ff8ce5d.png,1,69f73d73-effc-83ea-9a0a-66ef88926ef7,Remote Project Setup,2026-05-03T12:25:52.920883+00:00,high: export filename
file_000000004ba071fda583aad757c1d55b.dat,file_000000004ba071fda583aad757c1d55b.dat,yes,no,2,161240,161240,yes,18de1b43a9260ab4491fec4f117b6e8a5eb7509d5bfd915d634d34f433cb2105,2,SHA-18de1b43a926,same export path uploaded more than once,image/png,.png,7636d17d-d9e6-4685-9a1c-08ad3ff8ce5d.png,7636d17d-d9e6-4685-9a1c-08ad3ff8ce5d.png,1,69f73d73-effc-83ea-9a0a-66ef88926ef7,Remote Project Setup,2026-05-03T12:25:52.920883+00:00,high: export filename
file_000000004ba471f7b2e28cda89ec8dd3.dat,file_000000004ba471f7b2e28cda89ec8dd3(1).dat,no,yes,2,58537,58537,yes,f4c453ee18b7074529504de790dd30fc488a28f7b55eae020ea08c1a4cdf8f36,2,SHA-f4c453ee18b7,same export path uploaded more than once,image/png,.png,6d7588a7-24ee-46e1-9fa8-df947d7db4a7.png,6d7588a7-24ee-46e1-9fa8-df947d7db4a7.png,1,690e8f49-ef34-832a-9553-80c853478e25,Multicrew aircraft requirements,2025-11-08T00:31:52.294169+00:00,high: export filename
file_000000004ba471f7b2e28cda89ec8dd3.dat,file_000000004ba471f7b2e28cda89ec8dd3.dat,yes,no,2,58537,58537,yes,f4c453ee18b7074529504de790dd30fc488a28f7b55eae020ea08c1a4cdf8f36,2,SHA-f4c453ee18b7,same export path uploaded more than once,image/png,.png,6d7588a7-24ee-46e1-9fa8-df947d7db4a7.png,6d7588a7-24ee-46e1-9fa8-df947d7db4a7.png,1,690e8f49-ef34-832a-9553-80c853478e25,Multicrew aircraft requirements,2025-11-08T00:31:52.294169+00:00,high: export filename
file_000000004c4c71fdb8836d3eb49ff833.dat,file_000000004c4c71fdb8836d3eb49ff833(1).dat,no,yes,2,5439,5439,yes,f9f317aa9983778d5a3188d753424185acce42ebfac9aace8b9c838f55706577,2,SHA-f9f317aa9983,same export path uploaded more than once,image/png,.png,6da11ae7-2762-453b-851b-4dd3b05ba3b9.png,6da11ae7-2762-453b-851b-4dd3b05ba3b9.png,1,6963005c-6370-8331-b9a1-d58b49b7bc64,Attractive Answer Tips,2026-01-11T01:43:58.836947+00:00,high: export filename
file_000000004c4c71fdb8836d3eb49ff833.dat,file_000000004c4c71fdb8836d3eb49ff833.dat,yes,no,2,5439,5439,yes,f9f317aa9983778d5a3188d753424185acce42ebfac9aace8b9c838f55706577,2,SHA-f9f317aa9983,same export path uploaded more than once,image/png,.png,6da11ae7-2762-453b-851b-4dd3b05ba3b9.png,6da11ae7-2762-453b-851b-4dd3b05ba3b9.png,1,6963005c-6370-8331-b9a1-d58b49b7bc64,Attractive Answer Tips,2026-01-11T01:43:58.836947+00:00,high: export filename
file_000000004c887230b5e71bcc6977bc5d.dat,file_000000004c887230b5e71bcc6977bc5d(1).dat,no,yes,2,652457,652457,yes,2e32f2209b6935187f926b0f015103ddee82436df1d0a112a85b8932f471b221,2,SHA-2e32f2209b69,same export path uploaded more than once,image/jpeg,.jpg,38BFE50B-1CF1-496A-B408-74CDE57EFEE6.jpeg,38BFE50B-1CF1-496A-B408-74CDE57EFEE6.jpeg,1,6a0ee31d-f6a4-83ea-99a0-6ad785ae0dce,Organizing Juggling Projects,2026-05-21T10:49:08.462143+00:00,high: export filename
file_000000004c887230b5e71bcc6977bc5d.dat,file_000000004c887230b5e71bcc6977bc5d.dat,yes,no,2,652457,652457,yes,2e32f2209b6935187f926b0f015103ddee82436df1d0a112a85b8932f471b221,2,SHA-2e32f2209b69,same export path uploaded more than once,image/jpeg,.jpg,38BFE50B-1CF1-496A-B408-74CDE57EFEE6.jpeg,38BFE50B-1CF1-496A-B408-74CDE57EFEE6.jpeg,1,6a0ee31d-f6a4-83ea-99a0-6ad785ae0dce,Organizing Juggling Projects,2026-05-21T10:49:08.462143+00:00,high: export filename
file_000000004cb871f59dfa9765e1e3533b.dat,file_000000004cb871f59dfa9765e1e3533b(1).dat,no,yes,2,526970,526970,yes,623157aeff5c5003d457e5b9537b59a4a7fa3412f39956fa8cf5219e78cd40db,2,SHA-623157aeff5c,same export path uploaded more than once,image/png,.png,064a8bdf-6e29-4385-8436-5bacffd59a66.png,064a8bdf-6e29-4385-8436-5bacffd59a66.png,1,698e10c8-0968-8333-8083-3ad9651e1dc7,VR Date Space Design,2026-02-12T17:41:48.582351+00:00,high: export filename
file_000000004cb871f59dfa9765e1e3533b.dat,file_000000004cb871f59dfa9765e1e3533b.dat,yes,no,2,526970,526970,yes,623157aeff5c5003d457e5b9537b59a4a7fa3412f39956fa8cf5219e78cd40db,2,SHA-623157aeff5c,same export path uploaded more than once,image/png,.png,064a8bdf-6e29-4385-8436-5bacffd59a66.png,064a8bdf-6e29-4385-8436-5bacffd59a66.png,1,698e10c8-0968-8333-8083-3ad9651e1dc7,VR Date Space Design,2026-02-12T17:41:48.582351+00:00,high: export filename
file_000000004cd0722fb17feb6de0df5b28.dat,file_000000004cd0722fb17feb6de0df5b28(1).dat,no,yes,2,58670,58670,yes,06658a1aad32b728057c56ffb7d398c20951d87b8212e14e6b4942f3b677b72f,2,SHA-06658a1aad32,same export path uploaded more than once,image/png,.png,43c4a575-47fb-4bf5-96a3-604c1c998f1f.png,43c4a575-47fb-4bf5-96a3-604c1c998f1f.png,1,6980ce5f-9e70-8329-9b60-7c2cc2b795f9,Vocab Matching Tips,2026-02-02T16:19:28.133960+00:00,high: export filename
file_000000004cd0722fb17feb6de0df5b28.dat,file_000000004cd0722fb17feb6de0df5b28.dat,yes,no,2,58670,58670,yes,06658a1aad32b728057c56ffb7d398c20951d87b8212e14e6b4942f3b677b72f,2,SHA-06658a1aad32,same export path uploaded more than once,image/png,.png,43c4a575-47fb-4bf5-96a3-604c1c998f1f.png,43c4a575-47fb-4bf5-96a3-604c1c998f1f.png,1,6980ce5f-9e70-8329-9b60-7c2cc2b795f9,Vocab Matching Tips,2026-02-02T16:19:28.133960+00:00,high: export filename
file_000000004d8471fd85cd303022e805ed.dat,file_000000004d8471fd85cd303022e805ed(1).dat,no,yes,2,59668,59668,yes,ac621f0b2b9e9d530a8d567b87f9168efd9df2bcb1e7688cc225554fed9e87b2,2,SHA-ac621f0b2b9e,same export path uploaded more than once,image/png,.png,4b4bf49d-6e50-4315-82dc-35ad00a8c623.png,4b4bf49d-6e50-4315-82dc-35ad00a8c623.png,1,6980ce5f-9e70-8329-9b60-7c2cc2b795f9,Vocab Matching Tips,2026-02-02T16:19:28.133960+00:00,high: export filename
file_000000004d8471fd85cd303022e805ed.dat,file_000000004d8471fd85cd303022e805ed.dat,yes,no,2,59668,59668,yes,ac621f0b2b9e9d530a8d567b87f9168efd9df2bcb1e7688cc225554fed9e87b2,2,SHA-ac621f0b2b9e,same export path uploaded more than once,image/png,.png,4b4bf49d-6e50-4315-82dc-35ad00a8c623.png,4b4bf49d-6e50-4315-82dc-35ad00a8c623.png,1,6980ce5f-9e70-8329-9b60-7c2cc2b795f9,Vocab Matching Tips,2026-02-02T16:19:28.133960+00:00,high: export filename
file_000000004ed071fdbc67c7d80f50b3ac.dat,file_000000004ed071fdbc67c7d80f50b3ac(1).dat,no,yes,2,3649432,3649432,yes,7b71dd94ba0d4f7c40e0afcc404c80c22a126fa6c31a5f909cffb90dc7a22ea2,2,SHA-7b71dd94ba0d,same export path uploaded more than once,image/jpeg,.jpg,IMG_F38B53B0-8328-4CD8-9DD5-10A8FCA55FCE.jpeg,IMG_F38B53B0-8328-4CD8-9DD5-10A8FCA55FCE.jpeg,1,698e10c8-0968-8333-8083-3ad9651e1dc7,VR Date Space Design,2026-02-12T17:41:48.582351+00:00,high: export filename
file_000000004ed071fdbc67c7d80f50b3ac.dat,file_000000004ed071fdbc67c7d80f50b3ac.dat,yes,no,2,3649432,3649432,yes,7b71dd94ba0d4f7c40e0afcc404c80c22a126fa6c31a5f909cffb90dc7a22ea2,2,SHA-7b71dd94ba0d,same export path uploaded more than once,image/jpeg,.jpg,IMG_F38B53B0-8328-4CD8-9DD5-10A8FCA55FCE.jpeg,IMG_F38B53B0-8328-4CD8-9DD5-10A8FCA55FCE.jpeg,1,698e10c8-0968-8333-8083-3ad9651e1dc7,VR Date Space Design,2026-02-12T17:41:48.582351+00:00,high: export filename
file_0000000051cc722fa692661368e18a4b.dat,file_0000000051cc722fa692661368e18a4b.dat,yes,no,1,799908,799908,yes,7d79041874d6e003918712d3f03f94dc8c8a2f88ea2ca34d2ad87219fb0da3c9,2,SHA-7d79041874d6,byte-identical content under different export paths,image/jpeg,.jpg,CE8747C3-4C46-4300-AF40-25A478CC40E2.jpeg,CE8747C3-4C46-4300-AF40-25A478CC40E2.jpeg,1,6939a6a2-e66c-8330-b3f7-2fc307bb27b8,Rewrite for attractiveness,2025-12-10T16:58:11.692884+00:00,high: export filename
file_0000000052b471f7827ec44ee6048e46.dat,file_0000000052b471f7827ec44ee6048e46.dat,yes,no,1,156078,156078,yes,08c7faf6dd2895f1027f3d20f445f2c4f0256314b34e3047944e3346ecb2b2d7,1,,,audio/x-wav,.wav,6968e056-fe4c-8330-a35b-c1b627bc1466/audio/e802d8c5-24a7-44c4-a639-af5fdb5e3862.wav,6968e056-fe4c-8330-a35b-c1b627bc1466/audio/e802d8c5-24a7-44c4-a639-af5fdb5e3862.wav,1,6968e056-fe4c-8330-a35b-c1b627bc1466,Dual GPU Comparison DCS,2026-01-15T12:42:47.676513+00:00,high: export filename
file_000000005310722faf968a6e5400181c.dat,file_000000005310722faf968a6e5400181c.dat,yes,no,1,857920,857920,yes,30486694531921262ec27027a2c2429c32beacaec95a85c88b2f706df1bd077a,2,SHA-304866945319,byte-identical content under different export paths,image/jpeg,.jpg,36186F3E-9078-4DBC-876F-575BA02650DB.jpeg,36186F3E-9078-4DBC-876F-575BA02650DB.jpeg,4,6a3fc4e4-6a60-83ea-9115-f2400b13e124,WeaselNet Logo Concepts,2026-06-27T12:41:32.509695+00:00,high: export filename
file_00000000531871f5b2bc5eb20364d71f.dat,file_00000000531871f5b2bc5eb20364d71f.dat,yes,no,1,161174,161174,yes,1e93433365ff737a96ae6ad3f0e5ec84f6732f0db324cc35b74460f1246b00a0,2,SHA-1e93433365ff,byte-identical content under different export paths,application/pdf,.pdf,HR Resume.pdf,HR Resume.pdf,2,69ba9edc-5d58-8330-928c-0d1cc46f7c1a,Resume review request,2026-03-18T12:47:34.907490+00:00,high: export filename
file_0000000053b871f5b8851e586a1823b1.dat,file_0000000053b871f5b8851e586a1823b1.dat,yes,no,1,534139,534139,yes,a17c7b7849b8cc37157c98c493141d40305f1bf9a32c83337a1378e0ed1fb207,1,,,image/jpeg,.jpg,C7918BAF-BFED-4E6D-957D-30E24216FDF7.jpeg,C7918BAF-BFED-4E6D-957D-30E24216FDF7.jpeg,1,69a88c4b-3a04-832e-bb5d-abc44056a6bf,Fire Tornado Design Setup,2026-03-04T19:48:33.329183+00:00,high: export filename
file_0000000053e4720ca62f09c1f98857f5.dat,file_0000000053e4720ca62f09c1f98857f5.dat,yes,no,1,8454,8454,yes,383b9e3b78ed6ada17a89c5996518cfc7a28f6b2dbc482c94d7c374c337cf491,2,SHA-383b9e3b78ed,byte-identical content under different export paths,image/png,.png,f7a68bdb-8e49-4882-bf56-a90d5fe54715.png,f7a68bdb-8e49-4882-bf56-a90d5fe54715.png,1,6a4fa243-7eec-83ea-ae1b-5d4e580b93d9,Mid-year review assistance,2026-07-09T13:29:40.404876+00:00,high: export filename
file_0000000054f8722f888201fdefc690db.dat,file_0000000054f8722f888201fdefc690db.dat,yes,no,1,963245,963245,yes,c37515bd445eb9012f9c284e2a39638e65203c5e9ee0bb56bf0760e98d0587d0,1,,,image/jpeg,.jpg,745DC333-C492-4DA5-8B3D-2AE128BE6C2C.jpeg,745DC333-C492-4DA5-8B3D-2AE128BE6C2C.jpeg,1,6a0cf76f-a768-83ea-9fd6-60b42f354a04,Air Force Theme Background,2026-05-19T23:53:59.816343+00:00,high: export filename
file_00000000559c71fdbc3f7512d5369246.dat,file_00000000559c71fdbc3f7512d5369246.dat,yes,no,1,77531,77531,yes,eee24bf49a24c54b9481045d64c07820ed240622804674b1085224f77c94c2db,1,,,application/vnd.openxmlformats-officedocument.wordprocessingml.document,.docx,Doc1.docx,Doc1.docx,1,6a197ef3-d644-83ea-81bf-785935b2a3dd,Image Recreation Request,2026-05-29T11:56:57.878662+00:00,high: export filename
file_00000000560c71f5baaf5a642a22b70f.dat,file_00000000560c71f5baaf5a642a22b70f.dat,yes,no,1,11034,11034,yes,4e68e6f6dda450d5af3d60e8e441f73b857107eb84c38a86b1ce2303b5b3e98b,1,,,text/plain,.txt,,file_00000000560c71f5baaf5a642a22b70f.txt,0,,,,high: export filename
file_0000000056bc722fb32a90fa040d9b72.dat,file_0000000056bc722fb32a90fa040d9b72.dat,yes,no,1,155695,155695,yes,93cd77648868e912a945068dbb3585520c1acaaa7890932da5a3277a0753e076,1,,,image/jpeg,.jpg,F5B08C68-DD36-4B04-90B0-26DF54FBC78D.jpeg,F5B08C68-DD36-4B04-90B0-26DF54FBC78D.jpeg,2,6a1c5fb9-f460-83ea-945f-ac3b30738cb0,Optmizing,2026-05-31T16:20:49.846812+00:00,high: export filename
file_00000000572871f5b3d9fae56a2f6d4d.dat,file_00000000572871f5b3d9fae56a2f6d4d.dat,yes,no,1,102796,102796,yes,75169a4ebd3913574ff486cca4783f3fc6799200886f3696301d47f624ca43bf,1,,,image/png,.png,7bbf4d21-7332-48f0-8756-b18003999729.png,7bbf4d21-7332-48f0-8756-b18003999729.png,1,69416d88-ade8-8327-b351-a5b03200ed40,Formulate response options,2025-12-16T14:33:43.674773+00:00,high: export filename
file_0000000057cc722fb119ecfa1851abeb.dat,file_0000000057cc722fb119ecfa1851abeb.dat,yes,no,1,446478,446478,yes,0914a89e9948304597a6130f7f3067a94ade4d08e735c547ebe3046331ca6870,1,,,audio/x-wav,.wav,6939d6a0-c024-8333-bd11-7146ed4dfdba/audio/e9f2604a-f184-4c1c-a67a-311046c08007.wav,6939d6a0-c024-8333-bd11-7146ed4dfdba/audio/e9f2604a-f184-4c1c-a67a-311046c08007.wav,5,6939d6a0-c024-8333-bd11-7146ed4dfdba,Creative writing options,2025-12-10T20:22:57.434814+00:00,high: export filename
file_00000000581871fd86ff0517013abf12.dat,file_00000000581871fd86ff0517013abf12.dat,yes,no,1,171296,171296,yes,55c7f6dda5e17573476c1feeb0e7f3633966f2ba18df13514079a64b51aed12f,1,,,image/png,.png,b09db97d-c731-4b8e-b82d-208596ca34aa.png,b09db97d-c731-4b8e-b82d-208596ca34aa.png,1,69f73d73-effc-83ea-9a0a-66ef88926ef7,Remote Project Setup,2026-05-03T12:25:52.920883+00:00,high: export filename
file_00000000581871fd9bf210ac0d005dc0.dat,file_00000000581871fd9bf210ac0d005dc0.dat,yes,no,1,475150,475150,yes,6a9cfcc9785124ab4aa887f67c15f6c67de9f4517846cad33692b49da7fc6a3c,1,,,image/jpeg,.jpg,09AC42DA-0B1D-42C1-B53C-77EA72873008.jpeg,09AC42DA-0B1D-42C1-B53C-77EA72873008.jpeg,1,690e8f49-ef34-832a-9553-80c853478e25,Multicrew aircraft requirements,2025-11-08T00:31:52.294169+00:00,high: export filename
file_00000000584471f88901a6afdb831a48.dat,file_00000000584471f88901a6afdb831a48.dat,yes,no,1,45710,45710,yes,de9bff4026f8b0df0e0ab86645de11d112b4aa3815a55459b44b235eb8b1730b,1,,,image/png,.png,bec3dc7b-3d3d-4723-82a0-87ae3d55bde1.png,bec3dc7b-3d3d-4723-82a0-87ae3d55bde1.png,1,698e745c-2bb0-8333-b63f-2c3d7681ef8d,Prompting Meta Gen AI,2026-02-13T00:46:49.470791+00:00,high: export filename
file_00000000587471f5b27e3bb0d62a3d9d.dat,file_00000000587471f5b27e3bb0d62a3d9d.dat,yes,no,1,658939,658939,yes,8d5c8ad03768dca5a7a0d2c3eb378c7c9597356446a37c5089f40934b9e8ede8,1,,,image/jpeg,.jpg,AB55690E-4FE2-4A10-930B-F44BC59F8924.jpeg,AB55690E-4FE2-4A10-930B-F44BC59F8924.jpeg,5,6939d6a0-c024-8333-bd11-7146ed4dfdba,Creative writing options,2025-12-10T20:22:57.434814+00:00,high: export filename
file_00000000589071f58badd19ac19b972a.dat,file_00000000589071f58badd19ac19b972a.dat,yes,no,1,578781,578781,yes,8ad99e10bcc32a7b81ae6c3898303837b42b3b15a9da0b348458ef4c8bde8847,2,SHA-8ad99e10bcc3,byte-identical content under different export paths,image/jpeg,.jpg,A1172776-95B6-475A-B720-96A16C93190A.jpeg,A1172776-95B6-475A-B720-96A16C93190A.jpeg,1,6939a6a2-e66c-8330-b3f7-2fc307bb27b8,Rewrite for attractiveness,2025-12-10T16:58:11.692884+00:00,high: export filename
file_00000000589471f59bebd23c8a7d3a96.dat,file_00000000589471f59bebd23c8a7d3a96.dat,yes,no,1,416164,416164,yes,f02671e5cb93844aa47ee7364862b5d4d1d01ff489ea03cc133d58657de32fc1,1,,,image/jpeg,.jpg,23A0D86D-8E66-4B95-91A1-1B6083300D7B.jpeg,23A0D86D-8E66-4B95-91A1-1B6083300D7B.jpeg,1,6a387924-2464-83ea-9f05-31a3c07a0988,Shirt Design Mockup,2026-06-21T23:53:06.609763+00:00,high: export filename
file_0000000058cc722f83dfe697fcfb2cf2.dat,file_0000000058cc722f83dfe697fcfb2cf2.dat,yes,no,1,396555,396555,yes,2d804cc5ca507010048345d5ba69b5eaefa80aaa6be5e7851778266fff2e97c3,1,,,image/jpeg,.jpg,3842CE2E-2E95-49ED-A68E-66E44CE73CE2.jpeg,3842CE2E-2E95-49ED-A68E-66E44CE73CE2.jpeg,1,6a09ae38-712c-83ea-a939-4eba9eeebc49,Removing MainSignalSearchDaemon,2026-05-17T12:03:06.068253+00:00,high: export filename
file_00000000597471f7beb3a21756dafe97.dat,file_00000000597471f7beb3a21756dafe97.dat,yes,no,1,240094,240094,yes,cd482787b2681530fe9204a1ff1ef9383767ab541a5bf19e4f54ec31b2dcba1c,2,SHA-cd482787b268,byte-identical content under different export paths,image/jpeg,.jpg,,file_00000000597471f7beb3a21756dafe97.jpg,0,,,,high: export filename
file_0000000059cc71fdae42db4666c9b43d.dat,file_0000000059cc71fdae42db4666c9b43d.dat,yes,no,1,161759,161759,yes,053b49a0aeb6d5fb287e4358b480728043fc90ac40c1850c56cbdb57f5bd8b3d,1,,,image/png,.png,0945b139-a5ed-481c-b687-36cd2c9cbaef.png,0945b139-a5ed-481c-b687-36cd2c9cbaef.png,1,698e10c8-0968-8333-8083-3ad9651e1dc7,VR Date Space Design,2026-02-12T17:41:48.582351+00:00,high: export filename
file_000000005a78722fb1a8068768af3961.dat,file_000000005a78722fb1a8068768af3961(1).dat,no,yes,2,31228,31228,yes,faf1ff06183612cf6f1dd7ea4de64208a47ced7b7e957f59ee57dddd27bcba6d,2,SHA-faf1ff061836,same export path uploaded more than once,image/png,.png,c5da46d6-8860-40eb-9ef9-bfb336be6df8.png,c5da46d6-8860-40eb-9ef9-bfb336be6df8.png,1,6939a6a2-e66c-8330-b3f7-2fc307bb27b8,Rewrite for attractiveness,2025-12-10T16:58:11.692884+00:00,high: export filename
file_000000005a78722fb1a8068768af3961.dat,file_000000005a78722fb1a8068768af3961.dat,yes,no,2,31228,31228,yes,faf1ff06183612cf6f1dd7ea4de64208a47ced7b7e957f59ee57dddd27bcba6d,2,SHA-faf1ff061836,same export path uploaded more than once,image/png,.png,c5da46d6-8860-40eb-9ef9-bfb336be6df8.png,c5da46d6-8860-40eb-9ef9-bfb336be6df8.png,1,6939a6a2-e66c-8330-b3f7-2fc307bb27b8,Rewrite for attractiveness,2025-12-10T16:58:11.692884+00:00,high: export filename
file_000000005a8871fd8362c7c2c93d8f07.dat,file_000000005a8871fd8362c7c2c93d8f07(1).dat,no,yes,2,40250,40250,yes,0a00b446b1a9840d1862c652964df592d8e4e4f7de522031e777ade273a362f4,2,SHA-0a00b446b1a9,same export path uploaded more than once,image/png,.png,9840f201-3516-49b8-849f-c4ce73e610f9.png,9840f201-3516-49b8-849f-c4ce73e610f9.png,1,69442610-bd18-8331-9681-b9eb0f676b76,Co-located multiplayer VR setup,2025-12-18T16:06:16.852620+00:00,high: export filename
file_000000005a8871fd8362c7c2c93d8f07.dat,file_000000005a8871fd8362c7c2c93d8f07.dat,yes,no,2,40250,40250,yes,0a00b446b1a9840d1862c652964df592d8e4e4f7de522031e777ade273a362f4,2,SHA-0a00b446b1a9,same export path uploaded more than once,image/png,.png,9840f201-3516-49b8-849f-c4ce73e610f9.png,9840f201-3516-49b8-849f-c4ce73e610f9.png,1,69442610-bd18-8331-9681-b9eb0f676b76,Co-located multiplayer VR setup,2025-12-18T16:06:16.852620+00:00,high: export filename
file_000000005ad871f5b2ddf3deb9c39c56.dat,file_000000005ad871f5b2ddf3deb9c39c56(1).dat,no,yes,2,71999,71999,yes,88702fc4222643def14354e2ed78eb021101ade0f1b2b2ed9d15d66dc2d4d636,2,SHA-88702fc42226,same export path uploaded more than once,image/png,.png,31425ea0-546e-4e9a-b3a2-3e8709b40f1a.png,31425ea0-546e-4e9a-b3a2-3e8709b40f1a.png,1,69442610-bd18-8331-9681-b9eb0f676b76,Co-located multiplayer VR setup,2025-12-18T16:06:16.852620+00:00,high: export filename
file_000000005ad871f5b2ddf3deb9c39c56.dat,file_000000005ad871f5b2ddf3deb9c39c56.dat,yes,no,2,71999,71999,yes,88702fc4222643def14354e2ed78eb021101ade0f1b2b2ed9d15d66dc2d4d636,2,SHA-88702fc42226,same export path uploaded more than once,image/png,.png,31425ea0-546e-4e9a-b3a2-3e8709b40f1a.png,31425ea0-546e-4e9a-b3a2-3e8709b40f1a.png,1,69442610-bd18-8331-9681-b9eb0f676b76,Co-located multiplayer VR setup,2025-12-18T16:06:16.852620+00:00,high: export filename
file_000000005b2871fd98af3bf74f56bfa4.dat,file_000000005b2871fd98af3bf74f56bfa4(1).dat,no,yes,2,35081,35081,yes,bc426399ae39da2b095915e86968e47f0e2dc03f47e05d85ffd7b2a978d4dff5,2,SHA-bc426399ae39,same export path uploaded more than once,image/png,.png,58344878-7c03-4e08-b992-bc383bf14a6e.png,58344878-7c03-4e08-b992-bc383bf14a6e.png,1,69f73d73-effc-83ea-9a0a-66ef88926ef7,Remote Project Setup,2026-05-03T12:25:52.920883+00:00,high: export filename
file_000000005b2871fd98af3bf74f56bfa4.dat,file_000000005b2871fd98af3bf74f56bfa4.dat,yes,no,2,35081,35081,yes,bc426399ae39da2b095915e86968e47f0e2dc03f47e05d85ffd7b2a978d4dff5,2,SHA-bc426399ae39,same export path uploaded more than once,image/png,.png,58344878-7c03-4e08-b992-bc383bf14a6e.png,58344878-7c03-4e08-b992-bc383bf14a6e.png,1,69f73d73-effc-83ea-9a0a-66ef88926ef7,Remote Project Setup,2026-05-03T12:25:52.920883+00:00,high: export filename
file_000000005b4071f59ba607a9a56b8ac7.dat,file_000000005b4071f59ba607a9a56b8ac7.dat,yes,no,1,652551,652551,yes,bc71ce48a0e6fe392c84b958a6470400d1b34ef03bf3b1a519905f07b4f21cf5,1,,,image/png,.png,229fd737-09c4-4203-909a-3428be559db0.png,229fd737-09c4-4203-909a-3428be559db0.png,1,698e10c8-0968-8333-8083-3ad9651e1dc7,VR Date Space Design,2026-02-12T17:41:48.582351+00:00,high: export filename
file_000000005b4871f79a2ef46758e15c3b.dat,file_000000005b4871f79a2ef46758e15c3b.dat,yes,no,1,4152294,4152294,yes,30ae3a49b99e49cc14441db591b9e2eddfcd2d4f427e1e6acb78baa53b072fc6,1,,,image/jpeg,.jpg,IMG_8D97CAAE-28D1-4D5D-B51F-BCB2FC1F0BE3.jpeg,IMG_8D97CAAE-28D1-4D5D-B51F-BCB2FC1F0BE3.jpeg,1,6980ce5f-9e70-8329-9b60-7c2cc2b795f9,Vocab Matching Tips,2026-02-02T16:19:28.133960+00:00,high: export filename
file_000000005bb071fda1b063a1f2afd2a5.dat,file_000000005bb071fda1b063a1f2afd2a5.dat,yes,no,1,3824818,3824818,yes,126615870146321f4bd299b33c59b8422549014e05d6b5c4c5f76569a6df3199,1,,,image/jpeg,.jpg,IMG_CA8F3E3D-FABC-44B3-A401-083D28ED1DB9.jpeg,IMG_CA8F3E3D-FABC-44B3-A401-083D28ED1DB9.jpeg,1,69442610-bd18-8331-9681-b9eb0f676b76,Co-located multiplayer VR setup,2025-12-18T16:06:16.852620+00:00,high: export filename
file_000000005c58722f9dd0ff6d79bcd974.dat,file_000000005c58722f9dd0ff6d79bcd974.dat,yes,no,1,197597,197597,yes,7360e210547499d6d94a29ea058d672bf2ffff5edd18a5a3c6b994c3133fe2f2,1,,,image/jpeg,.jpg,E22BF7A4-2718-4888-A371-97A73B367031.jpeg,E22BF7A4-2718-4888-A371-97A73B367031.jpeg,2,6a1c5fb9-f460-83ea-945f-ac3b30738cb0,Optmizing,2026-05-31T16:20:49.846812+00:00,high: export filename
file_000000005da871f5aa0f2fc73be3275e.dat,file_000000005da871f5aa0f2fc73be3275e.dat,yes,no,1,310158,310158,yes,e17b721ff20b569b2ea86efa4c0db9d00f2161baa9db2164d343ea266ff59cf1,1,,,audio/x-wav,.wav,6939d6a0-c024-8333-bd11-7146ed4dfdba/audio/525c21c3-44ad-4292-9512-993fa00b8cb8.wav,6939d6a0-c024-8333-bd11-7146ed4dfdba/audio/525c21c3-44ad-4292-9512-993fa00b8cb8.wav,0,,,,high: export filename
file_000000005f8c71f5a9d1d745545aefc3.dat,file_000000005f8c71f5a9d1d745545aefc3.dat,yes,no,1,280806,280806,yes,3b321737e87f1c49b6c426a25c5f01762d84d4057ceddf3c918dc74bb3db39fb,1,,,image/jpeg,.jpg,E5824662-809A-47F4-AA63-FB6E652D44E3.jpeg,E5824662-809A-47F4-AA63-FB6E652D44E3.jpeg,1,6939a6a2-e66c-8330-b3f7-2fc307bb27b8,Rewrite for attractiveness,2025-12-10T16:58:11.692884+00:00,high: export filename
file_000000005fd4722fa8aaead22074f26d.dat,file_000000005fd4722fa8aaead22074f26d.dat,yes,no,1,60660,60660,yes,eb50e1b7278610cf36c84a5403ed6a00d3feebda1a2e6a715375469ff253afb9,1,,,image/png,.png,7f59af45-3277-4ff6-88fa-a7fd73ad076d.png,7f59af45-3277-4ff6-88fa-a7fd73ad076d.png,1,6980ce5f-9e70-8329-9b60-7c2cc2b795f9,Vocab Matching Tips,2026-02-02T16:19:28.133960+00:00,high: export filename
file_000000005fec71fdac1e61bbc8ffa11a.dat,file_000000005fec71fdac1e61bbc8ffa11a.dat,yes,no,1,186259,186259,yes,85a30970aebb9c8e593432fea8ce77b795510abac981c2d23f9c58e7b9d33bc7,1,,,image/png,.png,af9723e7-a2bb-4286-a210-eea528e78141.png,af9723e7-a2bb-4286-a210-eea528e78141.png,1,6980ce5f-9e70-8329-9b60-7c2cc2b795f9,Vocab Matching Tips,2026-02-02T16:19:28.133960+00:00,high: export filename
file_000000006018722fa996d2519eae7442.dat,file_000000006018722fa996d2519eae7442.dat,yes,no,1,2833073,2833073,yes,e87f3a7ae3453b624016cf42536c5c29ab2ca1a0e37d670c7c9c703f9d5a2366,1,,,image/jpeg,.jpg,IMG_A2413DD9-4F77-4E1D-A753-0D009ACC516E.jpeg,IMG_A2413DD9-4F77-4E1D-A753-0D009ACC516E.jpeg,1,69442610-bd18-8331-9681-b9eb0f676b76,Co-located multiplayer VR setup,2025-12-18T16:06:16.852620+00:00,high: export filename
file_00000000606072309f9dfb20cc19a883.dat,file_00000000606072309f9dfb20cc19a883.dat,yes,no,1,297244,297244,yes,23e3bc66cca2e03667d0fb3af3f8ba3fb78a10ea686261ac098cd8939b6526d0,1,,,image/jpeg,.jpg,8CB2AA5B-BEF3-4B5D-9A54-B11F6EAD6E62.jpeg,8CB2AA5B-BEF3-4B5D-9A54-B11F6EAD6E62.jpeg,1,6982985f-6dc4-832f-88cb-11d5bc675b6c,Convert to mm,2026-02-04T00:52:54.817746+00:00,high: export filename
file_0000000060e071fd8253ff353cbe2a40.dat,file_0000000060e071fd8253ff353cbe2a40.dat,yes,no,1,32533,32533,yes,a4feadd54a1c2dc701c68277a3f7a43834d33cf641141ce7e448b7c3de27533e,1,,,image/png,.png,cbe48a13-750d-445a-9f5e-5b73aa785034.png,cbe48a13-750d-445a-9f5e-5b73aa785034.png,1,69f73d73-effc-83ea-9a0a-66ef88926ef7,Remote Project Setup,2026-05-03T12:25:52.920883+00:00,high: export filename
file_00000000614071fd86a36c9dd8c7c162.dat,file_00000000614071fd86a36c9dd8c7c162.dat,yes,no,1,1140244,1140244,yes,4a21e153a2011083b9bd86ce9cdb78e28c72e928ecee058cfe3a4a3144ab0cae,1,,,image/png,.png,a79ce269-c215-43de-95a9-1cd80ee023f6.png,a79ce269-c215-43de-95a9-1cd80ee023f6.png,1,698e10c8-0968-8333-8083-3ad9651e1dc7,VR Date Space Design,2026-02-12T17:41:48.582351+00:00,high: export filename
file_00000000625071f797e3b3fe2478e26b.dat,file_00000000625071f797e3b3fe2478e26b.dat,yes,no,1,114720,114720,yes,0183fd8fd53bcb9f849621001dfba8bcf8027e6efee5cb92d31504f70edfcbe4,2,SHA-0183fd8fd53b,byte-identical content under different export paths,image/png,.png,5b19663e-bfa1-4489-873d-7dc0fa9926ae.png,5b19663e-bfa1-4489-873d-7dc0fa9926ae.png,1,69442610-bd18-8331-9681-b9eb0f676b76,Co-located multiplayer VR setup,2025-12-18T16:06:16.852620+00:00,high: export filename
file_00000000629871fdb369514bbc7bf474.dat,file_00000000629871fdb369514bbc7bf474.dat,yes,no,1,242289,242289,yes,1f8a939762ae70afba96c6eaeee5b276ea6f8dadb6965d5afd132dc9d298d176,1,,,image/png,.png,a2110b6c-f3fc-4b3d-94fe-0cdfd5f3d998.png,a2110b6c-f3fc-4b3d-94fe-0cdfd5f3d998.png,1,69f73d73-effc-83ea-9a0a-66ef88926ef7,Remote Project Setup,2026-05-03T12:25:52.920883+00:00,high: export filename
file_0000000062c471fd844c59e64cd6e02d.dat,file_0000000062c471fd844c59e64cd6e02d.dat,yes,no,1,18215,18215,yes,c251c689187260edc6f116b3bb0270b8b30e331cc3a27893ac1b8191d0780f4f,1,,,image/png,.png,55da4619-45ff-4496-b23e-d2294efc84a9.png,55da4619-45ff-4496-b23e-d2294efc84a9.png,1,69739fa7-585c-832b-887f-3451ac00c843,Upgrade Path Testing Tips,2026-01-23T16:23:05.936075+00:00,high: export filename
file_0000000062cc61f7a9bbe42c0e11b49e.dat,file_0000000062cc61f7a9bbe42c0e11b49e.dat,yes,no,1,295840,295840,yes,7580a73349e829f14a2b31c35992fe5d61c4a683e0d50ce1255ab2a65e68d1a6,1,,,image/jpeg,.jpg,E0DAB9B0-936F-4770-B6C7-411142986138.jpeg,E0DAB9B0-936F-4770-B6C7-411142986138.jpeg,1,69038ee6-7b40-8325-a27a-cc46bc001a35,Responding to a friend,2025-10-30T16:15:26.208451+00:00,high: export filename
file_00000000637471f5a2f5e795649e623e.dat,file_00000000637471f5a2f5e795649e623e.dat,yes,no,1,1857986,1857986,yes,fda69641fad41bcb8ea8f9ece0d5e31d3f6cf449cd18e58c27a65e15f1e370ca,1,,,image/png,.png,AC74BE8B-7241-4507-9CD9-6D87A064F2E2.png,AC74BE8B-7241-4507-9CD9-6D87A064F2E2.png,1,6953f15d-9fc8-832e-a46a-226a8fc5e9c3,Weasel Squad Patch Design,2025-12-30T15:37:00.206325+00:00,high: export filename
file_00000000637871f58936de2880a60404.dat,file_00000000637871f58936de2880a60404.dat,yes,no,1,43758,43758,yes,470bdc2f07c96cb09bbf20fe039ce9bb6af3a83d6b3f39893ed6ebb5f9c7943f,1,,,audio/x-wav,.wav,6939d6a0-c024-8333-bd11-7146ed4dfdba/audio/c9217be4-74cb-4098-b598-a82bd9bd86b3.wav,6939d6a0-c024-8333-bd11-7146ed4dfdba/audio/c9217be4-74cb-4098-b598-a82bd9bd86b3.wav,0,,,,high: export filename
file_000000006558722fb37124e9fc10ccca.dat,file_000000006558722fb37124e9fc10ccca.dat,yes,no,1,3824928,3824928,yes,5b8e4bc302d467e2ec3a06604679342714ca53845ce29b4aaf7cfe1d877fc925,1,,,image/jpeg,.jpg,IMG_87537093-A93C-4265-8580-8BDE20055A07.jpeg,IMG_87537093-A93C-4265-8580-8BDE20055A07.jpeg,1,69442610-bd18-8331-9681-b9eb0f676b76,Co-located multiplayer VR setup,2025-12-18T16:06:16.852620+00:00,high: export filename
file_0000000065bc71f590cde4f1bb5b2cff.dat,file_0000000065bc71f590cde4f1bb5b2cff.dat,yes,no,1,9937761,9937761,yes,51f689c13f258b3896eb7f2570a1daed769f51fb704fd8eeee175a6e12792d0d,1,,,text/csv,.csv,IL-2-P51D-Quest3-RTX4000Ada-80percentFOV-80percenRender.csv,IL-2-P51D-Quest3-RTX4000Ada-80percentFOV-80percenRender.csv,1,6a480ce2-0c94-83ea-93e0-bc26a0a3c825,VR-fov reduction,2026-07-03T19:28:58.927532+00:00,high: export filename
file_0000000065d8722f8f334adc00df5286.dat,file_0000000065d8722f8f334adc00df5286.dat,yes,no,1,418442,418442,yes,c5bb426d93ab104ca4f5e5004b2bac3e893763b942bc8d84236fe0417626a71d,1,,,image/jpeg,.jpg,IMG_F2F8E1A8-7B7E-478F-A846-E580880D61EC.jpeg,IMG_F2F8E1A8-7B7E-478F-A846-E580880D61EC.jpeg,1,690e8f49-ef34-832a-9553-80c853478e25,Multicrew aircraft requirements,2025-11-08T00:31:52.294169+00:00,high: export filename
file_000000006770722fb626cda5552ba696.dat,file_000000006770722fb626cda5552ba696.dat,yes,no,1,100797,100797,yes,f3f3026085cb131004171f52007b0fb8fe9bd9eb672457d580f29a798269b3d6,1,,,image/png,.png,36907bcc-85cf-4992-9ad0-884118337ed0.png,36907bcc-85cf-4992-9ad0-884118337ed0.png,1,69626f72-c318-832c-832a-8bef6d20351f,Multiplayer VR Co-location,2026-01-10T15:30:37.848498+00:00,high: export filename
file_00000000680871fd80e970a597d5d2b1.dat,file_00000000680871fd80e970a597d5d2b1.dat,yes,no,1,404921,404921,yes,dcc1a940e865f16a77ce153443ba4a58014d613d0294f559442a3aadcadc867a,1,,,image/jpeg,.jpg,IMG_493F510E-DEAD-4BC0-9FA9-FCEB49F3A241.jpeg,IMG_493F510E-DEAD-4BC0-9FA9-FCEB49F3A241.jpeg,1,6a09ae38-712c-83ea-a939-4eba9eeebc49,Removing MainSignalSearchDaemon,2026-05-17T12:03:06.068253+00:00,high: export filename
file_00000000689471fd99f2bfd7f7135bed.dat,file_00000000689471fd99f2bfd7f7135bed.dat,yes,no,1,77362,77362,yes,94c91015243063af075acd42a222e2a7595272c0d1d0f5b37d18b08ae3a1642e,1,,,image/png,.png,792e0532-3b40-4bf6-8338-0dc8bb3495fd.png,792e0532-3b40-4bf6-8338-0dc8bb3495fd.png,1,6980ce5f-9e70-8329-9b60-7c2cc2b795f9,Vocab Matching Tips,2026-02-02T16:19:28.133960+00:00,high: export filename
file_00000000693c71fdb5d3dd34365247fc.dat,file_00000000693c71fdb5d3dd34365247fc.dat,yes,no,1,604158,604158,yes,59c617c473873510475ed55b15de96d835438b318d2fd7ce19b5bc15868c0fbb,1,,,image/jpeg,.jpg,IMG_587EBD27-54C1-4E20-A6E0-3C2F55D5B73E.jpeg,IMG_587EBD27-54C1-4E20-A6E0-3C2F55D5B73E.jpeg,1,6a09ae38-712c-83ea-a939-4eba9eeebc49,Removing MainSignalSearchDaemon,2026-05-17T12:03:06.068253+00:00,high: export filename
file_0000000069cc71f5ba12cc221009ee6d.dat,file_0000000069cc71f5ba12cc221009ee6d.dat,yes,no,1,607212,607212,yes,eddb00cf70c938a1b2a5ed75eb50328b5962f025510deb0e04ae5c33ff22fffd,1,,,image/jpeg,.jpg,3D8D0F69-78D6-45EF-A960-723C63C3DD38.jpeg,3D8D0F69-78D6-45EF-A960-723C63C3DD38.jpeg,5,6939d6a0-c024-8333-bd11-7146ed4dfdba,Creative writing options,2025-12-10T20:22:57.434814+00:00,high: export filename
file_000000006a3071fdac06d6e2e728b412.dat,file_000000006a3071fdac06d6e2e728b412.dat,yes,no,1,547774,547774,yes,5fe5d1ec99a1eb0404719b1d660106e0c042ae283abfe9f0147a61add21cf3c3,1,,,image/jpeg,.jpg,2EF3538F-7758-4681-BC62-804835870BA9.jpeg,2EF3538F-7758-4681-BC62-804835870BA9.jpeg,5,6939d6a0-c024-8333-bd11-7146ed4dfdba,Creative writing options,2025-12-10T20:22:57.434814+00:00,high: export filename
file_000000006a8c71fd825c9a6f0fabf062.dat,file_000000006a8c71fd825c9a6f0fabf062.dat,yes,no,1,22028,22028,yes,84eb7818716486816f77ae06dba737cf180d0c8df2b49fcda62d11367c367938,1,,,image/png,.png,03c849ca-1777-491d-ae93-e73d277d4c67.png,03c849ca-1777-491d-ae93-e73d277d4c67.png,1,69f73d73-effc-83ea-9a0a-66ef88926ef7,Remote Project Setup,2026-05-03T12:25:52.920883+00:00,high: export filename
file_000000006ad8722f9560bb8225bf7215.dat,file_000000006ad8722f9560bb8225bf7215.dat,yes,no,1,24751,24751,yes,d5222443af347cb4263fe60d5b89344571e82c100da740ed995cec2aee4359bf,1,,,image/png,.png,af71e669-e45c-45ba-be9b-40ab4a883d40.png,af71e669-e45c-45ba-be9b-40ab4a883d40.png,1,69442610-bd18-8331-9681-b9eb0f676b76,Co-located multiplayer VR setup,2025-12-18T16:06:16.852620+00:00,high: export filename
file_000000006b3071f592d2156e8579497c.dat,file_000000006b3071f592d2156e8579497c.dat,yes,no,1,687536,687536,yes,54867ef72e597205f198c89807d588686d34f963ec791e9ffc7d776d318c7cb9,1,,,image/jpeg,.jpg,BC5782A9-A20F-40D3-8663-2BEC91ECB734.jpeg,BC5782A9-A20F-40D3-8663-2BEC91ECB734.jpeg,2,6a49040d-ebc4-83ea-aea3-89cc4b632c7f,Branch · WeaselNet Logo Concepts,2026-07-04T13:01:04.582855+00:00,high: export filename
file_000000006bf471fd8e6e84245b271650.dat,file_000000006bf471fd8e6e84245b271650.dat,yes,no,1,2968525,2968525,yes,c9faf1189da6ddc17ea35f195483ee7b47667b66a9358f7040f831caf53cc4b1,1,,,image/jpeg,.jpg,562BCA28-3F09-4F30-AD21-754FFAA7A620.jpeg,562BCA28-3F09-4F30-AD21-754FFAA7A620.jpeg,1,69989a27-c410-832d-8365-ff9d051e3955,Serial and Model Extraction,2026-02-20T17:31:51.107261+00:00,high: export filename
file_000000006c0871fdb4307d35ada8cb96.dat,file_000000006c0871fdb4307d35ada8cb96.dat,yes,no,1,1153086,1153086,yes,6064bcac038157b3b5e9af44028ade383ae245353a3b2bb4341700b741c20c35,1,,,image/png,.png,88799526-b919-4027-8897-c5a38e32a468.png,88799526-b919-4027-8897-c5a38e32a468.png,1,698e10c8-0968-8333-8083-3ad9651e1dc7,VR Date Space Design,2026-02-12T17:41:48.582351+00:00,high: export filename
file_000000006cc461fbbcea9039aafb6f8b.dat,file_000000006cc461fbbcea9039aafb6f8b.dat,yes,no,1,301276,301276,yes,8b1641f12339233bbe8b9379d5cc5add893091adb50e74f5b6661f947f031494,1,,,image/jpeg,.jpg,945F9161-1FB0-4C66-B37A-5CEFC5860F21.jpeg,945F9161-1FB0-4C66-B37A-5CEFC5860F21.jpeg,1,68d8113c-24dc-8322-9905-0204c14a82f3,Game instance distribution,2025-09-27T16:32:13.776068+00:00,high: export filename
file_000000006e3071fd99aae4310e64dc80.dat,file_000000006e3071fd99aae4310e64dc80.dat,yes,no,1,3825548,3825548,yes,cf6d847b1ac8a9718b9789e8d6d11086423a661c5ccd8aacf1c474b5e9fd3432,1,,,image/jpeg,.jpg,IMG_241E68A4-5779-4A5A-8499-6C45DB77A1E0.jpeg,IMG_241E68A4-5779-4A5A-8499-6C45DB77A1E0.jpeg,1,69442610-bd18-8331-9681-b9eb0f676b76,Co-located multiplayer VR setup,2025-12-18T16:06:16.852620+00:00,high: export filename
file_000000006ecc720c8ed6d2ca5344f06a.dat,file_000000006ecc720c8ed6d2ca5344f06a.dat,yes,no,1,342,342,yes,e98e05f34b55a64d3f07185a217bb696b34b4c453d5546aa94f5f75215d5e940,1,,,text/plain,.txt,Historical Archive 0001.md,Historical Archive 0001.md,2,6a3fc4e4-6a60-83ea-9115-f2400b13e124,WeaselNet Logo Concepts,2026-06-27T12:41:32.509695+00:00,high: export filename
file_000000006f4071fda3e617cd3d550f25.dat,file_000000006f4071fda3e617cd3d550f25.dat,yes,no,1,90869,90869,yes,dcef8592f3c9b0384d97f65a4f568ecf7e99621b6686bd2e3f83060e946d46d7,1,,,image/png,.png,1a035b2c-1860-409b-b691-47631442df7e.png,1a035b2c-1860-409b-b691-47631442df7e.png,1,698e10c8-0968-8333-8083-3ad9651e1dc7,VR Date Space Design,2026-02-12T17:41:48.582351+00:00,high: export filename
file_00000000709c720c8700d645f569d202.dat,file_00000000709c720c8700d645f569d202.dat,yes,no,1,35341,35341,yes,943be09fb79b1b5c2fd95ca038ac704d609f9a99e40a1a15870d8555d00d57b5,1,,,image/png,.png,4cd93417-0ee2-44ce-a5fc-0a44723d5b89.png,4cd93417-0ee2-44ce-a5fc-0a44723d5b89.png,1,6a4fa243-7eec-83ea-ae1b-5d4e580b93d9,Mid-year review assistance,2026-07-09T13:29:40.404876+00:00,high: export filename
file_0000000070a8722fb7902280b79c3ee6.dat,file_0000000070a8722fb7902280b79c3ee6.dat,yes,no,1,53735,53735,yes,c3d16ebc2f6531f2ff81f05e3da05468004a44c5d9c12d04e085998667a8a600,1,,,image/png,.png,9a8c30c2-02b0-40e1-9aeb-79d62988e00b.png,9a8c30c2-02b0-40e1-9aeb-79d62988e00b.png,1,69442610-bd18-8331-9681-b9eb0f676b76,Co-located multiplayer VR setup,2025-12-18T16:06:16.852620+00:00,high: export filename
file_0000000070f0722f9d75b3149e48d518.dat,file_0000000070f0722f9d75b3149e48d518.dat,yes,no,1,8273,8273,yes,b2f60e4cb4518ad8e0d6d0d0f11ead36df41dbfedb2a57df9702bb5adb4fc367,1,,,image/png,.png,ca085b34-b29e-420b-9bcd-921837cda683.png,ca085b34-b29e-420b-9bcd-921837cda683.png,1,6a400725-4f34-83ea-a7da-2add52ad04d1,Gpedit.msc Error Explanation,2026-06-27T17:23:58.024586+00:00,high: export filename
file_000000007110720ca8e456f9b8688e37.dat,file_000000007110720ca8e456f9b8688e37.dat,yes,no,1,3905084,3905084,yes,9a9ebcb24cbcc6c3300384b0088f853832911fedec2362e7c51e1f416b6f1274,1,,,image/jpeg,.jpg,IMG_2BC8F68A-DBCC-4995-9DCF-F7F3F43BE1AF.jpeg,IMG_2BC8F68A-DBCC-4995-9DCF-F7F3F43BE1AF.jpeg,1,690e8f49-ef34-832a-9553-80c853478e25,Multicrew aircraft requirements,2025-11-08T00:31:52.294169+00:00,high: export filename
file_00000000721c722f918a52f32fc26352.dat,file_00000000721c722f918a52f32fc26352.dat,yes,no,1,3592599,3592599,yes,8fac40f8f2ca11bc6208a5b45cdd1d88806f07052e1fd0aa03a5586aad79ccca,1,,,image/jpeg,.jpg,IMG_260092FC-ECBD-4286-AE8F-49AB7DAE6CB9.jpeg,IMG_260092FC-ECBD-4286-AE8F-49AB7DAE6CB9.jpeg,1,69442610-bd18-8331-9681-b9eb0f676b76,Co-located multiplayer VR setup,2025-12-18T16:06:16.852620+00:00,high: export filename
file_0000000072c871f7a31c72d255dcd733.dat,file_0000000072c871f7a31c72d255dcd733.dat,yes,no,1,192081,192081,yes,2891a8883bffc3895eb4ea05d52fe4eb77aa3fe079f07759be93b7e5ccdcd97d,1,,,image/png,.png,2f3007d3-036a-4eb6-9473-a1d96650847c.png,2f3007d3-036a-4eb6-9473-a1d96650847c.png,1,69626f72-c318-832c-832a-8bef6d20351f,Multiplayer VR Co-location,2026-01-10T15:30:37.848498+00:00,high: export filename
file_00000000734071fd9cc834350ec88ccf.dat,file_00000000734071fd9cc834350ec88ccf.dat,yes,no,1,102196,102196,yes,04aed194d4848e6f3cc5a0228c5ed74f187bbe2ffd3d38000f356b3d4cbfe1f5,1,,,image/png,.png,bc440e4b-29d9-49d9-b0b8-3b7a45639f0b.png,bc440e4b-29d9-49d9-b0b8-3b7a45639f0b.png,1,69626f72-c318-832c-832a-8bef6d20351f,Multiplayer VR Co-location,2026-01-10T15:30:37.848498+00:00,high: export filename
file_0000000073a071fdbd35a19d9449ee09.dat,file_0000000073a071fdbd35a19d9449ee09.dat,yes,no,1,66026,66026,yes,b778b59d0c18bb0eeafdef5585a6cb41a1e0f221ee5eaa84b50f51317b66968d,1,,,image/png,.png,39bfa958-40dc-4cb8-8b69-59472bd53873.png,39bfa958-40dc-4cb8-8b69-59472bd53873.png,1,698e10c8-0968-8333-8083-3ad9651e1dc7,VR Date Space Design,2026-02-12T17:41:48.582351+00:00,high: export filename
file_000000007410722fa315a6431e793ed9.dat,file_000000007410722fa315a6431e793ed9.dat,yes,no,1,48078,48078,yes,6e269b788a8e68035e57416a0076f2d9b94b1aa63621d1999d0dad823f049bb7,1,,,audio/x-wav,.wav,6939d6a0-c024-8333-bd11-7146ed4dfdba/audio/fea37570-3c9a-4cd8-8de5-71afc4d23ac6.wav,6939d6a0-c024-8333-bd11-7146ed4dfdba/audio/fea37570-3c9a-4cd8-8de5-71afc4d23ac6.wav,1,6939d6a0-c024-8333-bd11-7146ed4dfdba,Creative writing options,2025-12-10T20:22:57.434814+00:00,high: export filename
file_000000007410722fae2aa9bebd20fe76.dat,file_000000007410722fae2aa9bebd20fe76.dat,yes,no,1,1279008,1279008,yes,c8edebbbf6df6cfd029482da66e401fca13c39bc7b29e8d6dda135601e25ba07,1,,,image/png,.png,f73fb960-153d-4f46-98df-11e1e0f15f94.png,f73fb960-153d-4f46-98df-11e1e0f15f94.png,1,698e10c8-0968-8333-8083-3ad9651e1dc7,VR Date Space Design,2026-02-12T17:41:48.582351+00:00,high: export filename
file_0000000074d071f593a38dbc85c773d9.dat,file_0000000074d071f593a38dbc85c773d9.dat,yes,no,1,887913,887913,yes,286e25cb830b9488e5284ccaffac240d8cd0d9be8382da0055146c59b863531c,1,,,image/jpeg,.jpg,4764E96D-22FA-437F-8BE4-5C3FA04880DD.jpeg,4764E96D-22FA-437F-8BE4-5C3FA04880DD.jpeg,1,6912c63a-cd28-8327-bc7b-b654025495a7,Heist date ideas,2025-11-11T05:14:35.541144+00:00,high: export filename
file_00000000751c72308268ead5b22589a6.dat,file_00000000751c72308268ead5b22589a6.dat,yes,no,1,293797,293797,yes,83a5d4883414b823bb38e8569dbde92d4576a8a7f87b31dfed332a4183d37a82,1,,,image/jpeg,.jpg,3A35F0F7-9A44-4C52-9B68-9B72BC24A091.jpeg,3A35F0F7-9A44-4C52-9B68-9B72BC24A091.jpeg,1,6939a6a2-e66c-8330-b3f7-2fc307bb27b8,Rewrite for attractiveness,2025-12-10T16:58:11.692884+00:00,high: export filename
file_00000000758c71f59a9f198af3b22280.dat,file_00000000758c71f59a9f198af3b22280.dat,yes,no,1,499462,499462,yes,05677df34ff8543560577a4c17c25bfe3931e021fb06c83a58edeaa66bc61fba,1,,,image/jpeg,.jpg,IMG_C2161A86-3A39-4C9D-8062-2D5B7CBE8802.jpeg,IMG_C2161A86-3A39-4C9D-8062-2D5B7CBE8802.jpeg,1,69442610-bd18-8331-9681-b9eb0f676b76,Co-located multiplayer VR setup,2025-12-18T16:06:16.852620+00:00,high: export filename
file_0000000075fc722fb51587ab17195573.dat,file_0000000075fc722fb51587ab17195573.dat,yes,no,1,270719,270719,yes,5e7255cbeb119e9f2e130d10821cd28c6263267a137355e66ae4a6d9812919d5,1,,,image/jpeg,.jpg,B426F557-8F67-4C49-A97F-A265ECD1D632.jpeg,B426F557-8F67-4C49-A97F-A265ECD1D632.jpeg,1,6939a6a2-e66c-8330-b3f7-2fc307bb27b8,Rewrite for attractiveness,2025-12-10T16:58:11.692884+00:00,high: export filename
file_00000000760c71fdbc2dfafdffff3829.dat,file_00000000760c71fdbc2dfafdffff3829.dat,yes,no,1,50810,50810,yes,27e7ca13283559fe75e36188ff63eb57a122362616222041b0215ded0be89a21,1,,,image/png,.png,af871e8f-eade-4770-93e4-57660b240808.png,af871e8f-eade-4770-93e4-57660b240808.png,1,69a0d9ef-5200-8331-89e6-de3c40573d00,Jira Ticket Test Issue,2026-02-26T23:40:31.857858+00:00,high: export filename
file_00000000768c71fd9771228aeb0850ae.dat,file_00000000768c71fd9771228aeb0850ae.dat,yes,no,1,239863,239863,yes,d7418b1f4f38865013bc531a308651f14df2a0289f4f324560520b0529e33281,1,,,image/png,.png,f534df2b-8303-4226-b3d1-7a63889ef213.png,f534df2b-8303-4226-b3d1-7a63889ef213.png,1,69f73d73-effc-83ea-9a0a-66ef88926ef7,Remote Project Setup,2026-05-03T12:25:52.920883+00:00,high: export filename
file_000000007744722f8f7361be73724cfa.dat,file_000000007744722f8f7361be73724cfa.dat,yes,no,1,3547315,3547315,yes,bba952b25716ac0bd416575067b256fe95fa06949f753a715b2cc6184459ed40,1,,,image/jpeg,.jpg,IMG_C2728A49-9395-4F75-A7DB-06561392D687.jpeg,IMG_C2728A49-9395-4F75-A7DB-06561392D687.jpeg,1,690e8f49-ef34-832a-9553-80c853478e25,Multicrew aircraft requirements,2025-11-08T00:31:52.294169+00:00,high: export filename
file_00000000778061f7b2ed76c736bd55b9.dat,file_00000000778061f7b2ed76c736bd55b9.dat,yes,no,1,1093716,1093716,yes,0b8c42287a126b2501072c795c7c59d0bed3f13338ee1c32f9092d6efb3b8acb,3,SHA-0b8c42287a12,byte-identical content under different export paths,image/jpeg,.jpg,5F56FC41-950F-420F-BA95-62973496FCD5.jpeg,5F56FC41-950F-420F-BA95-62973496FCD5.jpeg,1,68e5d3df-3340-832a-a966-ec3c94cc95cf,Banter ideas for hippie chick,2025-10-08T03:00:47.712642+00:00,high: export filename
file_0000000078ec720cac8cf204cc2c5026.dat,file_0000000078ec720cac8cf204cc2c5026.dat,yes,no,1,350707,350707,yes,917e725a0d98fe4dfe74ef15b42a220b0ce7299428158f2d9b3f5acfa5d631ad,1,,,image/jpeg,.jpg,422DAD84-CACA-4AE5-AE8D-58DDAD90893E.jpeg,422DAD84-CACA-4AE5-AE8D-58DDAD90893E.jpeg,1,6a0cf76f-a768-83ea-9fd6-60b42f354a04,Air Force Theme Background,2026-05-19T23:53:59.816343+00:00,high: export filename
file_000000007990722fbd0da7c9c5597543.dat,file_000000007990722fbd0da7c9c5597543.dat,yes,no,1,64913,64913,yes,442c96b03dbb3a11fe226d0fccdfd5b320d5a50be6d14318276c6e1b3d7f3241,1,,,image/png,.png,a2fd3e9c-185e-465d-9bde-587ee278b589.png,a2fd3e9c-185e-465d-9bde-587ee278b589.png,1,6980ce5f-9e70-8329-9b60-7c2cc2b795f9,Vocab Matching Tips,2026-02-02T16:19:28.133960+00:00,high: export filename
file_00000000799c71f7862ae8631c93ac1b.dat,file_00000000799c71f7862ae8631c93ac1b.dat,yes,no,1,44098,44098,yes,ba702866fa673861cc44bee341b582b23b1f0fcad99f23b2d08e244d70a3338a,1,,,image/png,.png,c221b40f-c7b6-4c00-84b1-eaf4ae8418d6.png,c221b40f-c7b6-4c00-84b1-eaf4ae8418d6.png,1,69626f72-c318-832c-832a-8bef6d20351f,Multiplayer VR Co-location,2026-01-10T15:30:37.848498+00:00,high: export filename
file_000000007ae871fda28eeb593cb22163.dat,file_000000007ae871fda28eeb593cb22163.dat,yes,no,1,810127,810127,yes,84021ee75f0d01f717b0349ee04bd7c2b66a38e13f6fc57679cd842114ebbbac,1,,,image/png,.png,7B6CB058-A1CC-4F71-ABF7-8E0A4779DEF8.png,7B6CB058-A1CC-4F71-ABF7-8E0A4779DEF8.png,1,6939a6a2-e66c-8330-b3f7-2fc307bb27b8,Rewrite for attractiveness,2025-12-10T16:58:11.692884+00:00,high: export filename
file_000000007b08722fb6939ce7a1e73c7a.dat,file_000000007b08722fb6939ce7a1e73c7a.dat,yes,no,1,25550,25550,yes,1f58b61ff5ed54a7356b98f3bb9987fedb8cf23702b37558546880a40d51fa50,1,,,image/png,.png,0389f267-3530-4050-811d-bd391430609f.png,0389f267-3530-4050-811d-bd391430609f.png,1,697baed9-091c-8330-8718-539820883b5d,Orthanc Server Connection Help,2026-01-29T19:03:40.494685+00:00,high: export filename
file_000000007b18722fbca6d9ef336d4df5.dat,file_000000007b18722fbca6d9ef336d4df5.dat,yes,no,1,131886,131886,yes,bb73249ca613deebe8b7ce9022ec54e18372b3c67e37d79fe544a0c98c579d44,1,,,image/jpeg,.jpg,67D78784-28EC-443C-B1D6-5DCE46AC3E94.jpeg,67D78784-28EC-443C-B1D6-5DCE46AC3E94.jpeg,2,6a1c5fb9-f460-83ea-945f-ac3b30738cb0,Optmizing,2026-05-31T16:20:49.846812+00:00,high: export filename
file_000000007be871fdb042ce8dd3b5657f.dat,file_000000007be871fdb042ce8dd3b5657f.dat,yes,no,1,3354847,3354847,yes,ea38b73ad2a28cb0b92c075af2192417f39abfb9e42d9a2fc0d0875e024c1cf9,1,,,image/jpeg,.jpg,IMG_FF0CA2FB-F812-4F14-B2D6-3734FB393F0E.jpeg,IMG_FF0CA2FB-F812-4F14-B2D6-3734FB393F0E.jpeg,1,6939a6a2-e66c-8330-b3f7-2fc307bb27b8,Rewrite for attractiveness,2025-12-10T16:58:11.692884+00:00,high: export filename
file_000000007d247230a7bac678947d9e13.dat,file_000000007d247230a7bac678947d9e13.dat,yes,no,1,40964,40964,yes,aaf672fb0403cc7a2f9f960dcf93ca01a59902a7a57a21368f2a4c57730c5973,1,,,image/png,.png,59464c5d-aaa0-4596-9a4e-0ffa989a6751.png,59464c5d-aaa0-4596-9a4e-0ffa989a6751.png,1,6980ce5f-9e70-8329-9b60-7c2cc2b795f9,Vocab Matching Tips,2026-02-02T16:19:28.133960+00:00,high: export filename
file_000000007de061f7a326dcb1874df018.dat,file_000000007de061f7a326dcb1874df018.dat,yes,no,1,342731,342731,yes,79cbc41136ab1f13b509cc2df8e699a16436dca9fec7751774ef336014f024f2,1,,,image/jpeg,.jpg,2330F40D-0C9D-4291-8A96-9654F892C140.jpeg,2330F40D-0C9D-4291-8A96-9654F892C140.jpeg,1,68e7cfba-38d4-8327-92f9-dcb05b976db1,Tighten tease response,2025-10-09T15:07:38.712979+00:00,high: export filename
file_000000007e00720cb8f1d025f578d248.dat,file_000000007e00720cb8f1d025f578d248.dat,yes,no,1,484607,484607,yes,c2cf9da1d5ca32b3447fc0bc0e606b3dd06b0c51e7f7ee6e59ffe15805303a15,1,,,image/jpeg,.jpg,FFEB6087-5CC7-4046-90DA-75C07BEFC0C8.jpeg,FFEB6087-5CC7-4046-90DA-75C07BEFC0C8.jpeg,1,6a0e334d-ac88-83ea-b9b4-db93a19f6999,Servo vs Stepper Motor,2026-05-20T22:19:39.091066+00:00,high: export filename
file_000000007e6471f5b98e40ea7df78711.dat,file_000000007e6471f5b98e40ea7df78711.dat,yes,no,1,768441,768441,yes,a169b0642f1d94c44943674a6fa3f2803e01b13d96aa26c7cbffcafc928f888c,1,,,image/jpeg,.jpg,AAD4E837-3B12-49BA-90C0-1A971DF563F4.jpeg,AAD4E837-3B12-49BA-90C0-1A971DF563F4.jpeg,1,68811b62-862c-800e-b14f-2b3d23187b9c,LW_Breakdown,2025-07-23T17:26:59.072900+00:00,high: export filename
file_000000007f90722fb25b8d3118ce84e3.dat,file_000000007f90722fb25b8d3118ce84e3.dat,yes,no,1,1113876,1113876,yes,588ee7b4c52259637a741a983198bbbaea0833f82068a8d863c94283ab90c7ad,1,,,image/png,.png,2af9fddf-45fd-4484-b3b2-88d061ae7dcc.png,2af9fddf-45fd-4484-b3b2-88d061ae7dcc.png,1,698e10c8-0968-8333-8083-3ad9651e1dc7,VR Date Space Design,2026-02-12T17:41:48.582351+00:00,high: export filename
file_00000000803071f8bed1753b26e5b093.dat,file_00000000803071f8bed1753b26e5b093.dat,yes,no,1,144705,144705,yes,281cd3bebe25bbd398fbcc44d3ea1c72b250a0b1fbbc7af80682fde1e4ed9dcf,1,,,image/png,.png,a271f40f-6af9-4355-b764-e41d39a9562d.png,a271f40f-6af9-4355-b764-e41d39a9562d.png,1,69626f72-c318-832c-832a-8bef6d20351f,Multiplayer VR Co-location,2026-01-10T15:30:37.848498+00:00,high: export filename
file_00000000811461f58f3c85e27a285af6.dat,file_00000000811461f58f3c85e27a285af6.dat,yes,no,1,735909,735909,yes,08fad73f823635202f5aa70e827effb1d465cf4c132259a0630ee265555df7fc,1,,,image/jpeg,.jpg,AE29104F-ABBC-4029-99EF-9ED7EE0F5ED7.jpeg,AE29104F-ABBC-4029-99EF-9ED7EE0F5ED7.jpeg,1,68811b62-862c-800e-b14f-2b3d23187b9c,LW_Breakdown,2025-07-23T17:26:59.072900+00:00,high: export filename
file_00000000819071fdbe97b5950904505c.dat,file_00000000819071fdbe97b5950904505c.dat,yes,no,1,3421798,3421798,yes,74ce10d15ad0d39017dac1eacf216b6f350d37b9b20df30762a7f6e0b8040d5e,1,,,image/jpeg,.jpg,IMG_7A55BD88-2B98-43CA-9E22-A2FC8C94728A.jpeg,IMG_7A55BD88-2B98-43CA-9E22-A2FC8C94728A.jpeg,1,69442610-bd18-8331-9681-b9eb0f676b76,Co-located multiplayer VR setup,2025-12-18T16:06:16.852620+00:00,high: export filename
file_00000000826461f790892a5764b4f69c.dat,file_00000000826461f790892a5764b4f69c.dat,yes,no,1,383458,383458,yes,ea84e9bd9298093559bd6c1050b6567e8aff6d034365a1bf99fc555ebf7776cc,1,,,image/jpeg,.jpg,D9BFEEE3-A4CE-49D4-B9E2-BA867FD2D486.jpeg,D9BFEEE3-A4CE-49D4-B9E2-BA867FD2D486.jpeg,1,69038ee6-7b40-8325-a27a-cc46bc001a35,Responding to a friend,2025-10-30T16:15:26.208451+00:00,high: export filename
file_00000000827c722fb66545072c681f41.dat,file_00000000827c722fb66545072c681f41.dat,yes,no,1,868371,868371,yes,70a3b0ccb9ada9a8117dae50cec99b226765b130f555ae55eb28732f3cbae4f6,1,,,text/csv,.csv,DCS-P51D-Quest3-RTX4000Ada-NVidia_AggresiveFan-curve.csv,DCS-P51D-Quest3-RTX4000Ada-NVidia_AggresiveFan-curve.csv,1,6a3fe8ef-aa68-83ea-9ac6-cc39989e5948,Reversing Ultimate Performance Command,2026-06-27T15:15:57.441019+00:00,high: export filename
file_00000000835871f5ae8e5b3aaa76873c.dat,file_00000000835871f5ae8e5b3aaa76873c.dat,yes,no,1,34782,34782,yes,89dd6aa513e8a4e14eb46000f26995d8843bfb60efe241ab1b85da5e4ea26809,1,,,image/png,.png,57616621-eabd-4698-b393-a972704c2cea.png,57616621-eabd-4698-b393-a972704c2cea.png,1,69442610-bd18-8331-9681-b9eb0f676b76,Co-located multiplayer VR setup,2025-12-18T16:06:16.852620+00:00,high: export filename
file_0000000084d471f8917b74e34e41b2fb.dat,file_0000000084d471f8917b74e34e41b2fb.dat,yes,no,1,303643,303643,yes,fe4d8d9cff5ff8fbe16922fb3e181a478b5420bfedf3b34a663df40e86bc8fd4,1,,,image/png,.png,96d0f37c-8278-4e79-ae7a-f2a242d3e806.png,96d0f37c-8278-4e79-ae7a-f2a242d3e806.png,1,6980ce5f-9e70-8329-9b60-7c2cc2b795f9,Vocab Matching Tips,2026-02-02T16:19:28.133960+00:00,high: export filename
file_0000000085ec71fdb9b45711a823dc3b.dat,file_0000000085ec71fdb9b45711a823dc3b.dat,yes,no,1,317934,317934,yes,c5e40572504ec1674d6624d6b83a3bed68345e65be210497d8f9bf1f113036ab,1,,,image/png,.png,0175119b-52f0-4d48-a2fe-6e859a1f407c.png,0175119b-52f0-4d48-a2fe-6e859a1f407c.png,1,690e8f49-ef34-832a-9553-80c853478e25,Multicrew aircraft requirements,2025-11-08T00:31:52.294169+00:00,high: export filename
file_0000000085f471fda524a7dba1f02445.dat,file_0000000085f471fda524a7dba1f02445.dat,yes,no,1,3184040,3184040,yes,8be5e549d04cbc6babb6b843d0640569ad2f071b24b8da77ce49f801c575e130,1,,,image/jpeg,.jpg,3438DCD9-2891-406A-9510-C0355155216F.jpeg,3438DCD9-2891-406A-9510-C0355155216F.jpeg,1,69989a27-c410-832d-8365-ff9d051e3955,Serial and Model Extraction,2026-02-20T17:31:51.107261+00:00,high: export filename
file_000000008604720c9e74cca296941988.dat,file_000000008604720c9e74cca296941988.dat,yes,no,1,39976,39976,yes,b201bfa3a5ef83fdec03929acdf5ed41b25c8f8de32897d157520397e219de28,1,,,image/png,.png,6d779b94-f6ce-4393-901d-28515c6642e1.png,6d779b94-f6ce-4393-901d-28515c6642e1.png,1,6a4fa243-7eec-83ea-ae1b-5d4e580b93d9,Mid-year review assistance,2026-07-09T13:29:40.404876+00:00,high: export filename
file_00000000871871f59b53d771cce63f1d.dat,file_00000000871871f59b53d771cce63f1d.dat,yes,no,1,691027,691027,yes,91e2b044e3cb2dd0aa68d71cf31ebe83f8c0d353b637f3fec8a40ad6d37539c2,1,,,image/png,.png,4f711079-3525-4088-bf7f-4a48e214225c.png,4f711079-3525-4088-bf7f-4a48e214225c.png,1,698e10c8-0968-8333-8083-3ad9651e1dc7,VR Date Space Design,2026-02-12T17:41:48.582351+00:00,high: export filename
file_00000000882c71fdaee432f9da89ca26.dat,file_00000000882c71fdaee432f9da89ca26.dat,yes,no,1,209661,209661,yes,f56308d1c8ada321ae8e162db67db0e1b53204537869049de29a8de3d907839d,1,,,image/png,.png,545cdca1-37ef-48b5-ba10-cda3b5f2099e.png,545cdca1-37ef-48b5-ba10-cda3b5f2099e.png,1,69626f72-c318-832c-832a-8bef6d20351f,Multiplayer VR Co-location,2026-01-10T15:30:37.848498+00:00,high: export filename
file_00000000883071f58a705e375dbd3499.dat,file_00000000883071f58a705e375dbd3499.dat,yes,no,1,355476,355476,yes,4254c4f563d775098a4d6befd3063a6de84593f0089f707eaccd2730111b1174,2,SHA-4254c4f563d7,byte-identical content under different export paths,image/jpeg,.jpg,37F1AD02-1942-49A8-BE98-9B6448308817.jpeg,37F1AD02-1942-49A8-BE98-9B6448308817.jpeg,1,6a0cf76f-a768-83ea-9fd6-60b42f354a04,Air Force Theme Background,2026-05-19T23:53:59.816343+00:00,high: export filename
file_00000000884471f5b3beda2c3a3d8fdd.dat,file_00000000884471f5b3beda2c3a3d8fdd.dat,yes,no,1,148375,148375,yes,86e60813541c42a9f2a540eddc623a7ef71741b3b5054d8c9a5f6870c932afc5,1,,,image/jpeg,.jpg,C57ED423-0F1A-4245-9A15-C0135A0400ED.jpeg,C57ED423-0F1A-4245-9A15-C0135A0400ED.jpeg,1,690e8f49-ef34-832a-9553-80c853478e25,Multicrew aircraft requirements,2025-11-08T00:31:52.294169+00:00,high: export filename
file_0000000089bc722f84cff0234e38e149.dat,file_0000000089bc722f84cff0234e38e149.dat,yes,no,1,3457565,3457565,yes,e2a8732afc67545fc20c684b0f86635561b27ead937c16f7b17eba6d97d63402,1,,,image/jpeg,.jpg,IMG_2735122A-87FB-45F9-8D26-916C95B08656.jpeg,IMG_2735122A-87FB-45F9-8D26-916C95B08656.jpeg,1,690e8f49-ef34-832a-9553-80c853478e25,Multicrew aircraft requirements,2025-11-08T00:31:52.294169+00:00,high: export filename
file_000000008b3c720cbe7d266b5a312e2e.dat,file_000000008b3c720cbe7d266b5a312e2e.dat,yes,no,1,446690,446690,yes,ed7a7f86ede1ee687eb1f8f930b56077bef0913fafe524f5418db12261ab5935,1,,,image/jpeg,.jpg,83F62FE6-9C3D-45AF-9B2A-91151C742EC8.jpeg,83F62FE6-9C3D-45AF-9B2A-91151C742EC8.jpeg,4,6a1c5fb9-f460-83ea-945f-ac3b30738cb0,Optmizing,2026-05-31T16:20:49.846812+00:00,high: export filename
file_000000008b507230b207e8b6555f3b49.dat,file_000000008b507230b207e8b6555f3b49.dat,yes,no,1,175126,175126,yes,a8fe5f6b6cad33269b4044b4282db62f6aa5eda932494ed8f04aa4c7fbcd22d5,1,,,image/png,.png,7820b46f-3fa6-44e5-97f1-26b6829a28a4.png,7820b46f-3fa6-44e5-97f1-26b6829a28a4.png,1,6980ce5f-9e70-8329-9b60-7c2cc2b795f9,Vocab Matching Tips,2026-02-02T16:19:28.133960+00:00,high: export filename
file_000000008ba8722f9806d5c9b388bc05.dat,file_000000008ba8722f9806d5c9b388bc05.dat,yes,no,1,2068878,2068878,yes,150b321c6c2e12649652ca3948033f9df09108b72dd80f6038107b022b7c8cfd,1,,,audio/x-wav,.wav,6939d6a0-c024-8333-bd11-7146ed4dfdba/audio/f186178c-2b06-4f4c-99e3-c7b96598f83c.wav,6939d6a0-c024-8333-bd11-7146ed4dfdba/audio/f186178c-2b06-4f4c-99e3-c7b96598f83c.wav,5,6939d6a0-c024-8333-bd11-7146ed4dfdba,Creative writing options,2025-12-10T20:22:57.434814+00:00,high: export filename
file_000000008ce471fdbd37bf4962177ebc.dat,file_000000008ce471fdbd37bf4962177ebc.dat,yes,no,1,452543,452543,yes,601a5a8dc430aef697fa244e494934802fc1295d8754449bf0b934e847a24d8a,1,,,image/jpeg,.jpg,C6CD1B88-3088-4150-BF0E-0E817652C5E1.jpeg,C6CD1B88-3088-4150-BF0E-0E817652C5E1.jpeg,1,690e8f49-ef34-832a-9553-80c853478e25,Multicrew aircraft requirements,2025-11-08T00:31:52.294169+00:00,high: export filename
file_000000008d3c71fd883301b5204c98b7.dat,file_000000008d3c71fd883301b5204c98b7.dat,yes,no,1,3874626,3874626,yes,ec3e8b30f7ae37ab08d5cb715962fec4d4d2c70163247152e32aaea6b4235b77,1,,,image/jpeg,.jpg,IMG_9A38CF8A-D995-4DF1-9A76-91DA83812BCB.jpeg,IMG_9A38CF8A-D995-4DF1-9A76-91DA83812BCB.jpeg,1,69442610-bd18-8331-9681-b9eb0f676b76,Co-located multiplayer VR setup,2025-12-18T16:06:16.852620+00:00,high: export filename
file_000000008d9061f7ada2e101d52381f8.dat,file_000000008d9061f7ada2e101d52381f8.dat,yes,no,1,604229,604229,yes,4a6d44eda101848fb2724113486ab44023b44b0d6f3189cc432913dca4b9faa9,3,SHA-4a6d44eda101,byte-identical content under different export paths,image/jpeg,.jpg,56DA0B8C-E634-4559-A421-FA0A45933F7A.jpeg,56DA0B8C-E634-4559-A421-FA0A45933F7A.jpeg,1,68811b62-862c-800e-b14f-2b3d23187b9c,LW_Breakdown,2025-07-23T17:26:59.072900+00:00,high: export filename
file_000000008e0871f8a72298eb59321fa0.dat,file_000000008e0871f8a72298eb59321fa0.dat,yes,no,1,18800,18800,yes,f495f254c8c288672de8a5bd2aa960fef0445c7d40f63da7b214c07ff7346435,1,,,image/png,.png,fd5c75ed-d983-4d62-92de-0fd505422024.png,fd5c75ed-d983-4d62-92de-0fd505422024.png,1,69442610-bd18-8331-9681-b9eb0f676b76,Co-located multiplayer VR setup,2025-12-18T16:06:16.852620+00:00,high: export filename
file_000000008e5471f5992ad9411314f4fd.dat,file_000000008e5471f5992ad9411314f4fd.dat,yes,no,1,3210887,3210887,yes,addfe26171eeae61c1c68bde78284921641a1ca5ebb6d3879205e93a6cc736b5,1,,,image/jpeg,.jpg,940F8BA5-D302-4D9E-842A-DB90A8630D29.jpeg,940F8BA5-D302-4D9E-842A-DB90A8630D29.jpeg,1,6980ce5f-9e70-8329-9b60-7c2cc2b795f9,Vocab Matching Tips,2026-02-02T16:19:28.133960+00:00,high: export filename
file_000000008ed071fd877df29d642957ec.dat,file_000000008ed071fd877df29d642957ec.dat,yes,no,1,127970,127970,yes,b7cef139ef3391edaa24e2a3a6b4152ff9209a4ca67afb7a4fcd041d9f0ad305,1,,,image/png,.png,81e720e5-3281-42c9-a858-f03832dac1d0.png,81e720e5-3281-42c9-a858-f03832dac1d0.png,1,69442610-bd18-8331-9681-b9eb0f676b76,Co-located multiplayer VR setup,2025-12-18T16:06:16.852620+00:00,high: export filename
file_000000008ed0722f928f9f476ceb62a4.dat,file_000000008ed0722f928f9f476ceb62a4.dat,yes,no,1,8012,8012,yes,bd4ebfaa499f66e11214a45f128a6036277e51ab99417b66e9b9b0d3f6692958,1,,,image/png,.png,e88f991b-d571-4d47-b79f-4a3d6c9cfb07.png,e88f991b-d571-4d47-b79f-4a3d6c9cfb07.png,1,690e8f49-ef34-832a-9553-80c853478e25,Multicrew aircraft requirements,2025-11-08T00:31:52.294169+00:00,high: export filename
file_000000008ee871fdb539c7c73d07e9b0.dat,file_000000008ee871fdb539c7c73d07e9b0.dat,yes,no,1,3367082,3367082,yes,8a702f4c68d4695ce45f0b1a3560e8835f5861d26d0e721a8593975a83e9950f,1,,,image/jpeg,.jpg,22972D17-458E-420F-A018-59CF79808122.jpeg,22972D17-458E-420F-A018-59CF79808122.jpeg,1,6993da8e-98c0-8327-a06e-a1b7cc315d30,Tactile Bass Shaker vs Subwoofer,2026-02-17T03:04:57.833696+00:00,high: export filename
file_000000008f5c71f59f77efed8d303df9.dat,file_000000008f5c71f59f77efed8d303df9.dat,yes,no,1,3342965,3342965,yes,72705f57ca5f103cd066cc83b18efd13f6c323124089689e0143aa24500e74a2,1,,,image/jpeg,.jpg,IMG_D87311D3-D06A-40F4-B3B2-E4FAEE1E7441.jpeg,IMG_D87311D3-D06A-40F4-B3B2-E4FAEE1E7441.jpeg,1,69442610-bd18-8331-9681-b9eb0f676b76,Co-located multiplayer VR setup,2025-12-18T16:06:16.852620+00:00,high: export filename
file_000000008fbc722fbd04af5193d18794.dat,file_000000008fbc722fbd04af5193d18794.dat,yes,no,1,497808,497808,yes,8c207984ab887c2e505c5f42bc63316c8a75e1c6fc9990fc91ae5f06c97f9e6d,1,,,image/png,.png,f0bf23a7-6f00-4e7b-8b01-cfde78ff669d.png,f0bf23a7-6f00-4e7b-8b01-cfde78ff669d.png,1,6980ce5f-9e70-8329-9b60-7c2cc2b795f9,Vocab Matching Tips,2026-02-02T16:19:28.133960+00:00,high: export filename
file_000000008ffc71f894fff32768060ee3.dat,file_000000008ffc71f894fff32768060ee3.dat,yes,no,1,13427,13427,yes,4dfa4fd9faaae201935f7348f2ccdf81839dc98cff9880bab80c4e801633a9b7,1,,,image/png,.png,171187ca-1179-4b3f-b371-f20913d475d0.png,171187ca-1179-4b3f-b371-f20913d475d0.png,1,69f73d73-effc-83ea-9a0a-66ef88926ef7,Remote Project Setup,2026-05-03T12:25:52.920883+00:00,high: export filename
file_00000000923471fd955297357ee65489.dat,file_00000000923471fd955297357ee65489.dat,yes,no,1,116014,116014,yes,fd365e14927ce3dd641172a424c421d0eae50d92834b92981f607b0f6a155a24,1,,,image/png,.png,55d7797e-5dc6-4254-bf9f-06887c325eae.png,55d7797e-5dc6-4254-bf9f-06887c325eae.png,1,69f73d73-effc-83ea-9a0a-66ef88926ef7,Remote Project Setup,2026-05-03T12:25:52.920883+00:00,high: export filename
file_0000000093ec71f5b818e0682a0c1777.dat,file_0000000093ec71f5b818e0682a0c1777.dat,yes,no,1,151398,151398,yes,c28d8591e1ac57e4618f57e847d1350bae60ec07bab89df701b8b1fd827653d5,1,,,image/jpeg,.jpg,51E55075-D0D5-46F7-A2B4-7CF0A3EFE262.jpeg,51E55075-D0D5-46F7-A2B4-7CF0A3EFE262.jpeg,1,690e8f49-ef34-832a-9553-80c853478e25,Multicrew aircraft requirements,2025-11-08T00:31:52.294169+00:00,high: export filename
file_00000000943c722f916963d301688705.dat,file_00000000943c722f916963d301688705.dat,yes,no,1,440481,440481,yes,af02ea21e8a4e525809a3a321bf0e9b14fd40f8f4ef3c5287da51ea25ea1cf2f,1,,,image/jpeg,.jpg,IMG_02E14AAD-B3FA-4DDD-8B3C-5F1EDBA198D0.jpeg,IMG_02E14AAD-B3FA-4DDD-8B3C-5F1EDBA198D0.jpeg,1,69442610-bd18-8331-9681-b9eb0f676b76,Co-located multiplayer VR setup,2025-12-18T16:06:16.852620+00:00,high: export filename
file_000000009444722f8700fb9fb9a19029.dat,file_000000009444722f8700fb9fb9a19029.dat,yes,no,1,42198,42198,yes,b13b3302d247d80b4ae66173ee0fb98c8fdc4010d3b4a28161a3140eedd7740b,1,,,image/png,.png,c9570123-45e1-4ceb-8517-2a86ba0f3f6f.png,c9570123-45e1-4ceb-8517-2a86ba0f3f6f.png,1,6a4fa243-7eec-83ea-ae1b-5d4e580b93d9,Mid-year review assistance,2026-07-09T13:29:40.404876+00:00,high: export filename
file_0000000094e071f5b9d05b9a7945d3d3.dat,file_0000000094e071f5b9d05b9a7945d3d3.dat,yes,no,1,20392,20392,yes,34d873fa1088a807f55640de619223dad2a9e6a96f79cbd867a23c8b73dc2b59,1,,,image/png,.png,79ae38cd-3fb6-4515-972f-4a6393dc7300.png,79ae38cd-3fb6-4515-972f-4a6393dc7300.png,1,690e8f49-ef34-832a-9553-80c853478e25,Multicrew aircraft requirements,2025-11-08T00:31:52.294169+00:00,high: export filename
file_00000000952c722f9e01f3f600146ad3.dat,file_00000000952c722f9e01f3f600146ad3.dat,yes,no,1,12492,12492,yes,6c74b8dc92b6460b650a33626e6a4f3d328a03257eb8844276b55b1ef3417fcd,1,,,text/plain,.txt,Pasted markdown.md,Pasted markdown.md,2,6a4871b1-a6d4-83ea-9f17-64dd949da184,Branch · Copilot Enterprise Automation,2026-07-04T02:36:37.881520+00:00,high: export filename
file_00000000957071fda7629fd8506ca78c.dat,file_00000000957071fda7629fd8506ca78c.dat,yes,no,1,508987,508987,yes,f12488a8ad424b9e19806ba9cf3c019dff022a98620581aa05ab78879e6ded5c,1,,,image/jpeg,.jpg,Image (1).jfif,Image (1).jfif,1,69835ebf-42b4-8332-9619-ccb873c2f035,Image Text Extraction,2026-02-04T14:59:46.326571+00:00,high: export filename
file_00000000957471f5bbca84635a792d05.dat,file_00000000957471f5bbca84635a792d05.dat,yes,no,1,3982762,3982762,yes,0131c68862b4bc648e4f951d637ef409c19078fe78f4d960e9b54c744ac834d9,1,,,image/jpeg,.jpg,IMG_4D0E14E5-05FE-4B97-8DFC-4D3710EE995C.jpeg,IMG_4D0E14E5-05FE-4B97-8DFC-4D3710EE995C.jpeg,1,690e8f49-ef34-832a-9553-80c853478e25,Multicrew aircraft requirements,2025-11-08T00:31:52.294169+00:00,high: export filename
file_000000009598622fa01601fda4bef924.dat,file_000000009598622fa01601fda4bef924.dat,yes,no,1,362366,362366,yes,b5d04133d585a565cfba03d02c226f6523a6aceadc4c097b0979e02c718974b1,2,SHA-b5d04133d585,byte-identical content under different export paths,image/jpeg,.jpg,E958B10C-2A34-426A-BF09-3A5BED19B0D2.jpeg,E958B10C-2A34-426A-BF09-3A5BED19B0D2.jpeg,1,68811b62-862c-800e-b14f-2b3d23187b9c,LW_Breakdown,2025-07-23T17:26:59.072900+00:00,high: export filename
file_00000000962c71fd9f1bc5cf175ea7e0.dat,file_00000000962c71fd9f1bc5cf175ea7e0.dat,yes,no,1,811285,811285,yes,3c1bdf682ae02162b0a3023e7284e4755d97ec341a6a678f2d005c84aa6df50e,1,,,image/jpeg,.jpg,FF7890B7-84AC-4F2F-912C-47CE896AD29B.jpeg,FF7890B7-84AC-4F2F-912C-47CE896AD29B.jpeg,5,6939d6a0-c024-8333-bd11-7146ed4dfdba,Creative writing options,2025-12-10T20:22:57.434814+00:00,high: export filename
file_00000000967071fb9066c032e0d5f7d5.dat,file_00000000967071fb9066c032e0d5f7d5.dat,yes,no,1,75095,75095,yes,69d28a41ea4d289901d9b0451355a5c87e84cb9d5bb17490667d73fa200d9980,1,,,text/plain,.txt,dcs.20260414-211336.log,dcs.20260414-211336.log,2,69d6542c-2a24-832a-8241-43a046e75253,Secure Boot Authorization Issue,2026-04-08T13:12:31.965560+00:00,high: export filename
file_00000000975071f5b3b68a8537f77bdd.dat,file_00000000975071f5b3b68a8537f77bdd.dat,yes,no,1,941951,941951,yes,e87074d6ef63ce02ee89e31e3001f4485732f402b7248153c5e378fca9a54e34,1,,,application/pdf,.pdf,2025-Q4 SwVE OKRs-v19-20260629_154311.pdf,2025-Q4 SwVE OKRs-v19-20260629_154311.pdf,3,6a427835-f5a4-83ea-a116-1f0bb39f9e94,OKRs Creation and Refinement,2026-06-29T13:51:25.033917+00:00,high: export filename
file_0000000097c871fd947181d329ff364c.dat,file_0000000097c871fd947181d329ff364c.dat,yes,no,1,31714,31714,yes,69dba6869b8df83c0a4363670982993aeb711f4c253ed33ca74d4b9e060295dd,1,,,application/vnd.openxmlformats-officedocument.wordprocessingml.document,.docx,Saad Haider -- Resume 2026.docx,Saad Haider -- Resume 2026.docx,2,69f109f5-71f8-83ea-adba-c8e37aa69bc6,New chat,2026-04-28T19:26:51.225579+00:00,high: export filename
file_000000009844722fa047ae4b0dab8ad8.dat,file_000000009844722fa047ae4b0dab8ad8.dat,yes,no,1,85840,85840,yes,c29058a271adabbf7cb5105ecd9e74cf9879260b07c803450a726a718550d7be,1,,,image/png,.png,b402cdea-e2a9-422b-9e46-669fd79a7b56.png,b402cdea-e2a9-422b-9e46-669fd79a7b56.png,1,6980ce5f-9e70-8329-9b60-7c2cc2b795f9,Vocab Matching Tips,2026-02-02T16:19:28.133960+00:00,high: export filename
file_000000009848722f954db896e0b74cf8.dat,file_000000009848722f954db896e0b74cf8.dat,yes,no,1,645386,645386,yes,f53ad98b35a813e95d5f99f5625438c9364d53050cee976905a07513d3c0d544,1,,,image/jpeg,.jpg,FAD1F3EE-53F0-4C2E-B7DE-B1AB0269B308.jpeg,FAD1F3EE-53F0-4C2E-B7DE-B1AB0269B308.jpeg,1,690e8f49-ef34-832a-9553-80c853478e25,Multicrew aircraft requirements,2025-11-08T00:31:52.294169+00:00,high: export filename
file_00000000991c71f58946f7db2cd0345d.dat,file_00000000991c71f58946f7db2cd0345d.dat,yes,no,1,4063100,4063100,yes,bd524ff75a449ed978d7d366bc5f3e9b46c2cfa40f0881f37e1eaddb50a283a9,1,,,image/jpeg,.jpg,IMG_46939B09-3EFC-48B7-9F22-73F10AF997EF.jpeg,IMG_46939B09-3EFC-48B7-9F22-73F10AF997EF.jpeg,1,69442610-bd18-8331-9681-b9eb0f676b76,Co-located multiplayer VR setup,2025-12-18T16:06:16.852620+00:00,high: export filename
file_0000000099b471f5be86485d7a53265f.dat,file_0000000099b471f5be86485d7a53265f.dat,yes,no,1,79616,79616,yes,d127c01c0caf291c9e0ffe1b47b2d351c7db255758dd484057ff5b96980bd41f,1,,,image/png,.png,2922f083-6522-43c7-9953-19c3da9e8b7e.png,2922f083-6522-43c7-9953-19c3da9e8b7e.png,1,69442610-bd18-8331-9681-b9eb0f676b76,Co-located multiplayer VR setup,2025-12-18T16:06:16.852620+00:00,high: export filename
file_0000000099d071f59f252966e87a8e0a.dat,file_0000000099d071f59f252966e87a8e0a.dat,yes,no,1,425358,425358,yes,2da5dfc301bf7d28b81c2b174ce16e2ca7bba21840437ea798b22cbd4f71abd9,1,,,audio/x-wav,.wav,6939d6a0-c024-8333-bd11-7146ed4dfdba/audio/492c2bde-e90d-4c2f-818a-551f3bf276e5.wav,6939d6a0-c024-8333-bd11-7146ed4dfdba/audio/492c2bde-e90d-4c2f-818a-551f3bf276e5.wav,0,,,,high: export filename
file_000000009c9c71fdbad7cc295892066e.dat,file_000000009c9c71fdbad7cc295892066e.dat,yes,no,1,552225,552225,yes,44c9fb070735086e39d88dc9b9ec51930340cbe7772c6c0e701d1cb588cffc14,1,,,image/jpeg,.jpg,,file_000000009c9c71fdbad7cc295892066e.jpg,0,,,,high: export filename
file_000000009d6871f5acad2f004e4be282.dat,file_000000009d6871f5acad2f004e4be282.dat,yes,no,1,1274478,1274478,yes,da1d0ae40f9b72b32af6b7536c39fea1df6cc7526ead2dfb07e7835fefa24805,1,,,audio/x-wav,.wav,6939d6a0-c024-8333-bd11-7146ed4dfdba/audio/0c01ad13-7853-498c-a551-44ff3a2aeb16.wav,6939d6a0-c024-8333-bd11-7146ed4dfdba/audio/0c01ad13-7853-498c-a551-44ff3a2aeb16.wav,5,6939d6a0-c024-8333-bd11-7146ed4dfdba,Creative writing options,2025-12-10T20:22:57.434814+00:00,high: export filename
file_000000009de461f785c6af9637a15b74.dat,file_000000009de461f785c6af9637a15b74.dat,yes,no,1,271472,271472,yes,9698f9c15ac7581a94f087594c13ecdb0048da496341d7e58716404621e39138,1,,,image/jpeg,.jpg,4850879F-81DD-4B1D-9453-EB2137C6D592.jpeg,4850879F-81DD-4B1D-9453-EB2137C6D592.jpeg,1,68d8113c-24dc-8322-9905-0204c14a82f3,Game instance distribution,2025-09-27T16:32:13.776068+00:00,high: export filename
file_000000009f00720c994c8127c4d5d10d.dat,file_000000009f00720c994c8127c4d5d10d.dat,yes,no,1,285352,285352,yes,9bd02490d6597e4067693cf9cbbc43fddcb28f073f43e77219d250717af85aff,1,,,image/jpeg,.jpg,E91AC99C-1CF4-4A52-A40A-431D4083B567.jpeg,E91AC99C-1CF4-4A52-A40A-431D4083B567.jpeg,1,6917c63e-4d40-8329-b620-96bbf6d2a6dc,Respond to coworker,2025-11-15T00:17:32.067538+00:00,high: export filename
file_000000009f4871f58b84919b82103742.dat,file_000000009f4871f58b84919b82103742.dat,yes,no,1,461960,461960,yes,8ca70f51faa9a1f9b6ba8faed8619ecf1899e5e80530fd682474c4754b7f1f94,1,,,image/jpeg,.jpg,,file_000000009f4871f58b84919b82103742.jpg,0,,,,high: export filename
file_000000009f74722f99a843bf0ae0ca00.dat,file_000000009f74722f99a843bf0ae0ca00.dat,yes,no,1,2712415,2712415,yes,13da58dd2c6f6eb9a135ac153b96bed13af2618eda4faa061a492f0e13f8c245,1,,,image/jpeg,.jpg,IMG_31BDA7ED-8EDC-4E36-BA87-CA64442A3226.jpeg,IMG_31BDA7ED-8EDC-4E36-BA87-CA64442A3226.jpeg,1,69442610-bd18-8331-9681-b9eb0f676b76,Co-located multiplayer VR setup,2025-12-18T16:06:16.852620+00:00,high: export filename
file_000000009fa8722f822a3c0373efe906.dat,file_000000009fa8722f822a3c0373efe906.dat,yes,no,1,575324,575324,yes,fa3c4d6eb22f45a158c80a44cadc6c8c89d71d6646ca7efc4e1f3a17635ff4c0,1,,,image/jpeg,.jpg,76D85CE3-C53B-4625-BB3F-65DCFD4789F7.jpeg,76D85CE3-C53B-4625-BB3F-65DCFD4789F7.jpeg,1,69b02fdd-0534-8329-a51c-46ace11ba4d2,DCS Performance on Ultra 7,2026-03-10T14:51:59.156102+00:00,high: export filename
file_00000000a09071fdb07950be538fec10.dat,file_00000000a09071fdb07950be538fec10.dat,yes,no,1,278748,278748,yes,712ec49492186c9f90b086e12451a4006f286029185620ff16418b32133c4712,1,,,image/png,.png,09621636-470e-4461-a572-663998515877.png,09621636-470e-4461-a572-663998515877.png,1,6980ce5f-9e70-8329-9b60-7c2cc2b795f9,Vocab Matching Tips,2026-02-02T16:19:28.133960+00:00,high: export filename
file_00000000a3b471fb878a231790d99abb.dat,file_00000000a3b471fb878a231790d99abb.dat,yes,no,1,211542,211542,yes,ae7b50a62f52169bf65fc98434f2431ceca299b3c5cd8cfe28a035993b706378,1,,,image/jpeg,.jpg,D80F5D54-3188-4779-B23E-1D3E02778AC7.jpeg,D80F5D54-3188-4779-B23E-1D3E02778AC7.jpeg,1,6939a6a2-e66c-8330-b3f7-2fc307bb27b8,Rewrite for attractiveness,2025-12-10T16:58:11.692884+00:00,high: export filename
file_00000000a3f4722fb65fba9c7236a30b.dat,file_00000000a3f4722fb65fba9c7236a30b.dat,yes,no,1,386503,386503,yes,9a809fd4fd7d641fc330bf43eed657902f782dc7debe6fd897668a088b7108b0,1,,,image/jpeg,.jpg,0350CE04-4255-4972-B6AE-B29C941D1455.jpeg,0350CE04-4255-4972-B6AE-B29C941D1455.jpeg,1,68811b62-862c-800e-b14f-2b3d23187b9c,LW_Breakdown,2025-07-23T17:26:59.072900+00:00,high: export filename
file_00000000a42471f591b2cc983a3fc0fc.dat,file_00000000a42471f591b2cc983a3fc0fc.dat,yes,no,1,170182,170182,yes,0953e16d38476002945fde8b26a7df45ac63977c863a1339a126d637d705c41c,1,,,image/png,.png,c28067ae-ca6c-4473-b470-766e0c21d154.png,c28067ae-ca6c-4473-b470-766e0c21d154.png,1,69442610-bd18-8331-9681-b9eb0f676b76,Co-located multiplayer VR setup,2025-12-18T16:06:16.852620+00:00,high: export filename
file_00000000a474720ca68aeba7da03f421.dat,file_00000000a474720ca68aeba7da03f421.dat,yes,no,1,651214,651214,yes,3617236768baa9bdeb51eadd1a888584b0deb156e7d45d0eceb5f2be8ae3bfb7,1,,,image/jpeg,.jpg,76C36852-CDB5-4793-BEF8-9D4E76374C20.jpeg,76C36852-CDB5-4793-BEF8-9D4E76374C20.jpeg,1,6a09ae38-712c-83ea-a939-4eba9eeebc49,Removing MainSignalSearchDaemon,2026-05-17T12:03:06.068253+00:00,high: export filename
file_00000000a4c871fda55817c43f2e18bd.dat,file_00000000a4c871fda55817c43f2e18bd.dat,yes,no,1,104883,104883,yes,508666ef0c73e41a0a30c6b467c0e3a6a1be2460cc535b204cc6510c166fcc64,1,,,image/png,.png,e0c28063-1927-4a08-aeb7-e829946f2bc2.png,e0c28063-1927-4a08-aeb7-e829946f2bc2.png,1,69626f72-c318-832c-832a-8bef6d20351f,Multiplayer VR Co-location,2026-01-10T15:30:37.848498+00:00,high: export filename
file_00000000a60871f5b1256e3f50080836.dat,file_00000000a60871f5b1256e3f50080836.dat,yes,no,1,379539,379539,yes,efb53d89f90e50c3487d2245e2816589ea3274837d79fd085e2c768a8bcfd805,1,,,image/jpeg,.jpg,680E8BAA-6256-4DD2-AC83-397E8DAD863E.jpeg,680E8BAA-6256-4DD2-AC83-397E8DAD863E.jpeg,1,6963005c-6370-8331-b9a1-d58b49b7bc64,Attractive Answer Tips,2026-01-11T01:43:58.836947+00:00,high: export filename
file_00000000a6b471fd802b1086b82dbe2c.dat,file_00000000a6b471fd802b1086b82dbe2c.dat,yes,no,1,28245,28245,yes,bf90f5d5dbcc7076102fe491d1297d2c7808453693f68796e7693a47fe440663,1,,,image/png,.png,73d17023-8ca9-4682-b5be-8eaa2a3ea517.png,73d17023-8ca9-4682-b5be-8eaa2a3ea517.png,1,69626f72-c318-832c-832a-8bef6d20351f,Multiplayer VR Co-location,2026-01-10T15:30:37.848498+00:00,high: export filename
file_00000000a75c722f84f356e231c320d0.dat,file_00000000a75c722f84f356e231c320d0.dat,yes,no,1,126985,126985,yes,1b6af340d1bf2f4167a0b910e354b2f21c58de2bd0f48318ce9218262cca60b2,1,,,image/png,.png,dfb5aa96-de6c-4025-8a88-dfa8d1450c59.png,dfb5aa96-de6c-4025-8a88-dfa8d1450c59.png,1,69f8b427-4df8-83ea-bfeb-0b1e4797b3bd,Codex Agent Setup,2026-05-04T15:03:46.341535+00:00,high: export filename
file_00000000a7c871fdba294707bb79099e.dat,file_00000000a7c871fdba294707bb79099e.dat,yes,no,1,404991,404991,yes,5a0ff2ede84f7978912ee5dc11e28293ca07b777167a1126d8f9fea3b2c85688,1,,,image/jpeg,.jpg,CC4EA015-E166-4A85-91A5-EF799E4DD529.jpeg,CC4EA015-E166-4A85-91A5-EF799E4DD529.jpeg,1,69f73d73-effc-83ea-9a0a-66ef88926ef7,Remote Project Setup,2026-05-03T12:25:52.920883+00:00,high: export filename
file_00000000a864720cb2332068437de2f3.dat,file_00000000a864720cb2332068437de2f3.dat,yes,no,1,504241,504241,yes,86c1fe5fcef10753635ff6d826fb540411a91fd98240c7e14a871413f1d08b4e,1,,,image/jpeg,.jpg,IMG_48ED3450-95EE-4EC6-AC78-7C5959562ACD.jpeg,IMG_48ED3450-95EE-4EC6-AC78-7C5959562ACD.jpeg,1,690e8f49-ef34-832a-9553-80c853478e25,Multicrew aircraft requirements,2025-11-08T00:31:52.294169+00:00,high: export filename
file_00000000a934722f8ff8c9b242398702.dat,file_00000000a934722f8ff8c9b242398702.dat,yes,no,1,571045,571045,yes,161c934bc0265b9b501f010cdbc39118f21323c511eec2b744be5f001a1d3710,1,,,image/jpeg,.jpg,F14AC4EE-00C9-48B3-858F-44C71FDD4029.jpeg,F14AC4EE-00C9-48B3-858F-44C71FDD4029.jpeg,1,69b02fdd-0534-8329-a51c-46ace11ba4d2,DCS Performance on Ultra 7,2026-03-10T14:51:59.156102+00:00,high: export filename
file_00000000a94471f59db88f753db09200.dat,file_00000000a94471f59db88f753db09200.dat,yes,no,1,38194,38194,yes,54e6cae4803b92c1904a7be369dd527974198f8615a8f9fc17287f50abaf0eb9,1,,,application/vnd.openxmlformats-officedocument.wordprocessingml.document,.docx,,file_00000000a94471f59db88f753db09200.docx,0,,,,high: export filename
file_00000000aa04722f809c5b5605a17fdb.dat,file_00000000aa04722f809c5b5605a17fdb.dat,yes,no,1,271579,271579,yes,ac1345ba73f201c402ffda1e03a33663b16f08a3dd2dec98a47bd2497dc914b2,1,,,image/jpeg,.jpg,9932C3BC-D122-4BBA-B1A7-80525607F322.jpeg,9932C3BC-D122-4BBA-B1A7-80525607F322.jpeg,1,6939a6a2-e66c-8330-b3f7-2fc307bb27b8,Rewrite for attractiveness,2025-12-10T16:58:11.692884+00:00,high: export filename
file_00000000aa1c71f58320f5a6dc268cbd.dat,file_00000000aa1c71f58320f5a6dc268cbd.dat,yes,no,1,682707,682707,yes,6c99b5301e8efd31fc1c3214a3a3fb1fac7c07ed79921778bebdb07495e30eed,1,,,image/jpeg,.jpg,IMG_C39146D2-EE2B-40AB-AD10-62A84381E62B.jpeg,IMG_C39146D2-EE2B-40AB-AD10-62A84381E62B.jpeg,2,6a1c5fb9-f460-83ea-945f-ac3b30738cb0,Optmizing,2026-05-31T16:20:49.846812+00:00,high: export filename
file_00000000aaf871fd99d203e5f746f848.dat,file_00000000aaf871fd99d203e5f746f848.dat,yes,no,1,4173520,4173520,yes,4eef74bd994b84d01a385e1f5eefbd6770b5840ce2d76f33c825315f7c195afc,1,,,image/jpeg,.jpg,IMG_698D416B-F8FB-4B5A-B93C-879A3656CE4D.jpeg,IMG_698D416B-F8FB-4B5A-B93C-879A3656CE4D.jpeg,1,69442610-bd18-8331-9681-b9eb0f676b76,Co-located multiplayer VR setup,2025-12-18T16:06:16.852620+00:00,high: export filename
file_00000000abbc722f86e1462b82cfdb5b.dat,file_00000000abbc722f86e1462b82cfdb5b.dat,yes,no,1,315539,315539,yes,f4945bf7ec8e3b7337aa8281da63c7cd1a87386b8675db56730371e8aff0ec66,1,,,image/jpeg,.jpg,BDFCD084-70FB-46CB-A467-9B54879E8237.jpeg,BDFCD084-70FB-46CB-A467-9B54879E8237.jpeg,5,6939d6a0-c024-8333-bd11-7146ed4dfdba,Creative writing options,2025-12-10T20:22:57.434814+00:00,high: export filename
file_00000000ad04722fa601ca3c8c7cda1e.dat,file_00000000ad04722fa601ca3c8c7cda1e.dat,yes,no,1,3332894,3332894,yes,63ee58104bc9a0abbac8835bebe9c137157a4183b906396e80027ac3a50ab213,1,,,image/jpeg,.jpg,IMG_12F95408-3C4C-4B00-9F38-D39319603176.jpeg,IMG_12F95408-3C4C-4B00-9F38-D39319603176.jpeg,1,6924a7ef-ac90-832f-ac3a-0072ea56b3af,Answering corporate training questions,2025-11-24T18:46:27.684719+00:00,high: export filename
file_00000000ad1071fd913bb514c82bc694.dat,file_00000000ad1071fd913bb514c82bc694.dat,yes,no,1,372774,372774,yes,57249799c34aea79348865be300bc72e591b19ec805fb1c712c4da76ba03eeec,1,,,image/jpeg,.jpg,B45446CE-F16C-4983-9DD1-61C35355CEA4.jpeg,B45446CE-F16C-4983-9DD1-61C35355CEA4.jpeg,1,6993da8e-98c0-8327-a06e-a1b7cc315d30,Tactile Bass Shaker vs Subwoofer,2026-02-17T03:04:57.833696+00:00,high: export filename
file_00000000ada071fdb6fc96f0939bf52a.dat,file_00000000ada071fdb6fc96f0939bf52a.dat,yes,no,1,518518,518518,yes,6347aa565967ac054b0bebb60b1780acfdd9f3207b37af7caa245c2bd0ccefcc,1,,,image/jpeg,.jpg,E304DE9A-58A6-413A-B6D8-2AF95B024779.jpeg,E304DE9A-58A6-413A-B6D8-2AF95B024779.jpeg,1,690e8f49-ef34-832a-9553-80c853478e25,Multicrew aircraft requirements,2025-11-08T00:31:52.294169+00:00,high: export filename
file_00000000aec8722fb08e8e284ed5fdcd.dat,file_00000000aec8722fb08e8e284ed5fdcd.dat,yes,no,1,3342936,3342936,yes,c5d30bfeb4ebd1a32db323124268cd23cbe74b093b3302263e9e476df00648d6,1,,,image/jpeg,.jpg,IMG_196C94C4-2EA8-44E2-BCC4-A901F6810B13.jpeg,IMG_196C94C4-2EA8-44E2-BCC4-A901F6810B13.jpeg,1,69ee821c-888c-83ea-ba59-900376bb4912,MSI SSD BIOS Configuration,2026-04-26T21:25:40.557787+00:00,high: export filename
file_00000000aef8720cb96bc38f26323aa0.dat,file_00000000aef8720cb96bc38f26323aa0.dat,yes,no,1,232003,232003,yes,8f2200f4dd16ebe262fcca48f4c28dc5536114e30531a634ddc97f3ea397712d,1,,,image/png,.png,a2bde828-53f3-4030-a58f-d4f717a9d23d.png,a2bde828-53f3-4030-a58f-d4f717a9d23d.png,1,6a3c8530-21a8-83ea-984c-682190344741,VR Co-Space Anchor Ideas,2026-06-25T01:35:46.383449+00:00,high: export filename
file_00000000af28722f924823600bff3b41.dat,file_00000000af28722f924823600bff3b41.dat,yes,no,1,533285,533285,yes,749c4b0b9d5bfcd8721a373c8146babac76f7db0f1a1eee98cc648749681ec5e,2,SHA-749c4b0b9d5b,byte-identical content under different export paths,image/jpeg,.jpg,,file_00000000af28722f924823600bff3b41.jpg,0,,,,high: export filename
file_00000000b09871f79a371b7da065e211.dat,file_00000000b09871f79a371b7da065e211.dat,yes,no,1,743523,743523,yes,3646eb897c3eb21e3bd18a12d2d5fefbe863a8489c29ee4c346e3a6adb7b1356,1,,,image/jpeg,.jpg,F7AD588E-1F03-41F9-8411-9C7732F3CC98.jpeg,F7AD588E-1F03-41F9-8411-9C7732F3CC98.jpeg,1,68811b62-862c-800e-b14f-2b3d23187b9c,LW_Breakdown,2025-07-23T17:26:59.072900+00:00,high: export filename
file_00000000b11871f898aecb9ec48a13ed.dat,file_00000000b11871f898aecb9ec48a13ed.dat,yes,no,1,312771,312771,yes,dcdad704dc9962523ee14ccc2b55d456afd00c9d2b1c2421dd41d53455817567,1,,,image/jpeg,.jpg,64AC5561-4DCA-4C95-A1A1-F2CEB5E98CCF.jpeg,64AC5561-4DCA-4C95-A1A1-F2CEB5E98CCF.jpeg,5,6939d6a0-c024-8333-bd11-7146ed4dfdba,Creative writing options,2025-12-10T20:22:57.434814+00:00,high: export filename
file_00000000b170722f854b4b49f520a4e7.dat,file_00000000b170722f854b4b49f520a4e7.dat,yes,no,1,1337445,1337445,yes,4e30b031e6c809914bfe335754bec08aef4701d146524649dcdc1bbf590a4dfb,2,SHA-4e30b031e6c8,byte-identical content under different export paths,image/jpeg,.jpg,F13A5251-9D75-4543-8987-0CB0A926DF70.jpeg,F13A5251-9D75-4543-8987-0CB0A926DF70.jpeg,1,6968e056-fe4c-8330-a35b-c1b627bc1466,Dual GPU Comparison DCS,2026-01-15T12:42:47.676513+00:00,high: export filename
file_00000000b188722f99e0f1efe5c71fae.dat,file_00000000b188722f99e0f1efe5c71fae(1).dat,yes,yes,1,221221,221221,yes,e8399e6f701ba4a22f03ed066de1b883157fb366ff7253db4e42861682749906,1,,,image/png,.png,d820a224-9110-408e-8ea5-67c1fa14f859.png,d820a224-9110-408e-8ea5-67c1fa14f859.png,1,69f73d73-effc-83ea-9a0a-66ef88926ef7,Remote Project Setup,2026-05-03T12:25:52.920883+00:00,high: export filename
file_00000000b2cc61f7bbb3dd67ed9537d1.dat,file_00000000b2cc61f7bbb3dd67ed9537d1.dat,yes,no,1,362366,362366,yes,b5d04133d585a565cfba03d02c226f6523a6aceadc4c097b0979e02c718974b1,2,SHA-b5d04133d585,byte-identical content under different export paths,image/jpeg,.jpg,A57A67D1-C3FB-4B9C-9571-3098334FD5A6.jpeg,A57A67D1-C3FB-4B9C-9571-3098334FD5A6.jpeg,1,68811b62-862c-800e-b14f-2b3d23187b9c,LW_Breakdown,2025-07-23T17:26:59.072900+00:00,high: export filename
file_00000000b39471f686dc4ce3a8608173.dat,file_00000000b39471f686dc4ce3a8608173.dat,yes,no,1,1002654,1002654,yes,f51d68791cae0d9130841e8cc7211c157b65accb01b63e11acfc0342a13f3124,2,SHA-f51d68791cae,byte-identical content under different export paths,image/jpeg,.jpg,BA79F15D-DC56-4E73-B76C-C3BC6678D2E2.jpeg,BA79F15D-DC56-4E73-B76C-C3BC6678D2E2.jpeg,1,6a3f0c72-7948-83ea-961f-62c39dc065bb,Funny Meme Creation,2026-06-26T23:34:35.852680+00:00,high: export filename
file_00000000b3b061f5a7310c8b6d3a1b3f.dat,file_00000000b3b061f5a7310c8b6d3a1b3f.dat,yes,no,1,522647,522647,yes,ff3af2f4ce54a78d3e742e95a4e4246a9070729232df672abc9e922fb3ceb37d,1,,,image/jpeg,.jpg,358502FF-A1AA-408C-A90D-CB86ED40B7C4.jpeg,358502FF-A1AA-408C-A90D-CB86ED40B7C4.jpeg,1,68e4379f-ff30-8326-9df2-a1fef891ffe0,Prime factorization breakdown,2025-10-06T21:42:03.204584+00:00,high: export filename
file_00000000b3fc71fd8986450223508185.dat,file_00000000b3fc71fd8986450223508185.dat,yes,no,1,62887,62887,yes,b337de8aff96946d0b50672944c0ed0af25504cbc34a6470fbfd9db58b4b97ac,1,,,image/png,.png,bd7023a0-5df7-4830-9de7-f3d082c30287.png,bd7023a0-5df7-4830-9de7-f3d082c30287.png,1,69442610-bd18-8331-9681-b9eb0f676b76,Co-located multiplayer VR setup,2025-12-18T16:06:16.852620+00:00,high: export filename
file_00000000b5a471fba5a9435cb2b74dba.dat,file_00000000b5a471fba5a9435cb2b74dba.dat,yes,no,1,250924,250924,yes,19a7c9af3d8651fc95d14052d764eeefb2429a53cc4479f89f8b1a10a708c499,1,,,image/jpeg,.jpg,FA13411A-A29A-4673-9D1C-A2BBC2EC3761.jpeg,FA13411A-A29A-4673-9D1C-A2BBC2EC3761.jpeg,1,6939a6a2-e66c-8330-b3f7-2fc307bb27b8,Rewrite for attractiveness,2025-12-10T16:58:11.692884+00:00,high: export filename
file_00000000b66471f5882c514feea40c3e.dat,file_00000000b66471f5882c514feea40c3e.dat,yes,no,1,391278,391278,yes,9e0eba727dc44ae533e6f539c8761bd75e7068ff3060ec74fcb0a3d06d04e3e7,1,,,audio/x-wav,.wav,6939d6a0-c024-8333-bd11-7146ed4dfdba/audio/034347cb-f35b-4f6a-ae53-db57ac8f41ae.wav,6939d6a0-c024-8333-bd11-7146ed4dfdba/audio/034347cb-f35b-4f6a-ae53-db57ac8f41ae.wav,5,6939d6a0-c024-8333-bd11-7146ed4dfdba,Creative writing options,2025-12-10T20:22:57.434814+00:00,high: export filename
file_00000000b6c4723089e973d9cf40114d.dat,file_00000000b6c4723089e973d9cf40114d.dat,yes,no,1,86898,86898,yes,e0560f6b9bbc71c65f37251844478c519a8acc57357c1e82c352cd7e1318c6f2,1,,,image/png,.png,45c46020-37ec-4e81-b2dc-9a475d351129.png,45c46020-37ec-4e81-b2dc-9a475d351129.png,1,69160a45-7840-832c-b2b9-6bea70637591,File input setup,2025-11-13T16:41:43.731511+00:00,high: export filename
file_00000000b71471f8bfdbb36213d39ee9.dat,file_00000000b71471f8bfdbb36213d39ee9.dat,yes,no,1,30157,30157,yes,11c6b3a1d64ce4c8558accfd21c58761d7ec11b505c50a5efcc6603cc9b4f64a,1,,,image/png,.png,20fdc167-3840-49ee-9c11-d44347968702.png,20fdc167-3840-49ee-9c11-d44347968702.png,1,69f73d73-effc-83ea-9a0a-66ef88926ef7,Remote Project Setup,2026-05-03T12:25:52.920883+00:00,high: export filename
file_00000000b84871f6948e75aaed147c31.dat,file_00000000b84871f6948e75aaed147c31.dat,yes,no,1,130047,130047,yes,352f8932bf592d24761e24fe2e68a75f049f1bde9f7c0de7ab0e146bf0796966,1,,,image/jpeg,.jpg,F76DCD5D-310C-46E4-B9A8-D9F3819A8C9C.jpeg,F76DCD5D-310C-46E4-B9A8-D9F3819A8C9C.jpeg,1,6a060d2e-8efc-83ea-b17f-d677d9ab6f0c,HP Laptop Key Function,2026-05-14T17:58:28.728285+00:00,high: export filename
file_00000000b87871f58c49c84bba95ba89.dat,file_00000000b87871f58c49c84bba95ba89.dat,yes,no,1,110411,110411,yes,db3a9ec888b5c6edafa1216bcaed6e2613fb636fb9ff89254085720e520c96ad,1,,,image/png,.png,307c63c4-f480-431d-90f8-2fbcf62c658f.png,307c63c4-f480-431d-90f8-2fbcf62c658f.png,1,698e10c8-0968-8333-8083-3ad9651e1dc7,VR Date Space Design,2026-02-12T17:41:48.582351+00:00,high: export filename
file_00000000b8d471f7b5597f027996fc33.dat,file_00000000b8d471f7b5597f027996fc33.dat,yes,no,1,217063,217063,yes,161f8d429e655a763be290bd44c247de0eba7bd4c5901d7edb0f5125d32515d1,1,,,image/png,.png,b63612a4-0292-4199-89c7-fdd32849db5e.png,b63612a4-0292-4199-89c7-fdd32849db5e.png,1,69626f72-c318-832c-832a-8bef6d20351f,Multiplayer VR Co-location,2026-01-10T15:30:37.848498+00:00,high: export filename
file_00000000b91071fdb0d041cc5da6dc09.dat,file_00000000b91071fdb0d041cc5da6dc09.dat,yes,no,1,2329385,2329385,yes,f08a0a4d1463b73624256ea7c714ffa774c480710ad9fccbac78d7e1458a0896,1,,,image/png,.png,6e8c25b8-e718-4c3c-907f-d12a97e9533c.png,6e8c25b8-e718-4c3c-907f-d12a97e9533c.png,1,698e10c8-0968-8333-8083-3ad9651e1dc7,VR Date Space Design,2026-02-12T17:41:48.582351+00:00,high: export filename
file_00000000b96c620aa8d65d65332ebf84.dat,file_00000000b96c620aa8d65d65332ebf84.dat,yes,no,1,337614,337614,yes,af175565706297af55f10cd382f8d7483aa86171f0572485ca9f0e1181410698,1,,,image/jpeg,.jpg,CDE559E6-EF16-4DD3-82B3-3847075C0E1A.jpeg,CDE559E6-EF16-4DD3-82B3-3847075C0E1A.jpeg,1,68d8113c-24dc-8322-9905-0204c14a82f3,Game instance distribution,2025-09-27T16:32:13.776068+00:00,high: export filename
file_00000000ba18722fbf39dfac8e8af1f7.dat,file_00000000ba18722fbf39dfac8e8af1f7(1).dat,yes,yes,1,591,591,yes,28777126fbf41ffcc74629a6e0d05c7d6b46d1374fc3629a4546513e049a537f,1,,,text/csv,.csv,,file_00000000ba18722fbf39dfac8e8af1f7.csv,0,,,,high: export filename
file_00000000ba3861fda2d56e12705e9021.dat,file_00000000ba3861fda2d56e12705e9021(1).dat,yes,yes,1,241076,241076,yes,e73a913873f966f4ad728baf2c35f29d9089b427b80e34f6d617d72caa51e1ac,1,,,image/jpeg,.jpg,E7005CE0-9C4B-4195-8102-AA20E22BF290.jpeg,E7005CE0-9C4B-4195-8102-AA20E22BF290.jpeg,1,68d8113c-24dc-8322-9905-0204c14a82f3,Game instance distribution,2025-09-27T16:32:13.776068+00:00,high: export filename
file_00000000ba68722fa89340150d451997.dat,file_00000000ba68722fa89340150d451997(1).dat,yes,yes,1,756078,756078,yes,057148b291bc4ae0cb13468096cf51db917c4dd2c0029e909bbd5a8330ae10db,1,,,audio/x-wav,.wav,6939d6a0-c024-8333-bd11-7146ed4dfdba/audio/227fbe8c-a42a-461f-a92f-beea3c98628d.wav,6939d6a0-c024-8333-bd11-7146ed4dfdba/audio/227fbe8c-a42a-461f-a92f-beea3c98628d.wav,5,6939d6a0-c024-8333-bd11-7146ed4dfdba,Creative writing options,2025-12-10T20:22:57.434814+00:00,high: export filename
file_00000000bb94722fbcdec9ed07df2d64.dat,file_00000000bb94722fbcdec9ed07df2d64(1).dat,yes,yes,1,361605,361605,yes,b89adcdde07e0207ddab501dcb020bdde9605ff1e0696d17359e50d44fadc2dd,1,,,image/jpeg,.jpg,92657632-6ABF-4C29-85DA-B57606983F07.jpeg,92657632-6ABF-4C29-85DA-B57606983F07.jpeg,1,6912c63a-cd28-8327-bc7b-b654025495a7,Heist date ideas,2025-11-11T05:14:35.541144+00:00,high: export filename
file_00000000bbdc71f6887600689e7f4afa.dat,file_00000000bbdc71f6887600689e7f4afa(1).dat,yes,yes,1,72084,72084,yes,b7481c22d8edf494384586dfeb5de6bfa4934b8e33351b7f50fe7bdb7b8ceed7,1,,,image/jpeg,.jpg,CEE81C90-9280-4FA9-88D3-8BF137F6B44F.jpeg,CEE81C90-9280-4FA9-88D3-8BF137F6B44F.jpeg,1,6a3f0c72-7948-83ea-961f-62c39dc065bb,Funny Meme Creation,2026-06-26T23:34:35.852680+00:00,high: export filename
file_00000000bc64722f8b1f72d26201ed81.dat,file_00000000bc64722f8b1f72d26201ed81.dat,yes,no,1,700651,700651,yes,2a64b344d697c39a0b46205f19a7c58e36d2839139c7b775e7ea83f5953c7fa8,2,SHA-2a64b344d697,byte-identical content under different export paths,image/jpeg,.jpg,1C6707E2-5C1E-45AF-AED7-7131963B8503.jpeg,1C6707E2-5C1E-45AF-AED7-7131963B8503.jpeg,1,6a0cf76f-a768-83ea-9fd6-60b42f354a04,Air Force Theme Background,2026-05-19T23:53:59.816343+00:00,high: export filename
file_00000000bd2471f591a51fb61586981c.dat,file_00000000bd2471f591a51fb61586981c.dat,yes,no,1,669156,669156,yes,fdef9a95cf2335de22d2a4cdf31d50a8c1e677f721adfb070644a9685d8c210f,1,,,image/jpeg,.jpg,FA786D19-0813-40F8-A56D-8639E125CC75.jpeg,FA786D19-0813-40F8-A56D-8639E125CC75.jpeg,2,6a40723b-6c48-83ea-b725-1c7fa9f058a5,Branch · WeaselNet Logo Concepts,2026-06-28T01:00:45.608746+00:00,high: export filename
file_00000000bd5871fd8c1c04cbdaed2abd.dat,file_00000000bd5871fd8c1c04cbdaed2abd.dat,yes,no,1,100718,100718,yes,19db12a1a0914fd9fadf123cd14ba08740085b97c1ceab73c01fd4540a843670,1,,,image/png,.png,65799483-54ee-47df-a050-eeef583adb87.png,65799483-54ee-47df-a050-eeef583adb87.png,1,690e8f49-ef34-832a-9553-80c853478e25,Multicrew aircraft requirements,2025-11-08T00:31:52.294169+00:00,high: export filename
file_00000000bf8071fd990d9a2c17ca3942.dat,file_00000000bf8071fd990d9a2c17ca3942.dat,yes,no,1,29498,29498,yes,36e91f85f4512d8969d2447f61f2566cd866ac409bccc39b351d72936d04c648,1,,,image/png,.png,46eeb422-74f1-4f7d-b118-44253c6e64f7.png,46eeb422-74f1-4f7d-b118-44253c6e64f7.png,1,6a0c5f2d-6394-83ea-9b03-a515e9716fd4,Responding to Stressful Messages,2026-05-19T13:01:47.128126+00:00,high: export filename
file_00000000bfb071fd8c6ea365c90e9872.dat,file_00000000bfb071fd8c6ea365c90e9872.dat,yes,no,1,36282,36282,yes,9c728b03b354e2259ebdde23f275c034c7e355bef334f6ac53ade16fde721c1e,1,,,image/png,.png,8ea6a848-af96-4b4c-a172-02234c32e519.png,8ea6a848-af96-4b4c-a172-02234c32e519.png,1,69442610-bd18-8331-9681-b9eb0f676b76,Co-located multiplayer VR setup,2025-12-18T16:06:16.852620+00:00,high: export filename
file_00000000c000722f8995983cec0a29e0.dat,file_00000000c000722f8995983cec0a29e0(2).dat,no,yes,2,105718,105718,yes,df2088183f11bb5ade80f6a6f2e84f90ac69d29411315c317ffadcd6b0b91d06,3,SHA-df2088183f11,same export path uploaded more than once,image/png,.png,MENU.png,MENU.png,2,6a0cf76f-a768-83ea-9fd6-60b42f354a04,Air Force Theme Background,2026-05-19T23:53:59.816343+00:00,high: export filename
file_00000000c000722f8995983cec0a29e0.dat,file_00000000c000722f8995983cec0a29e0.dat,yes,no,2,105718,105718,yes,df2088183f11bb5ade80f6a6f2e84f90ac69d29411315c317ffadcd6b0b91d06,3,SHA-df2088183f11,same export path uploaded more than once,image/png,.png,MENU.png,MENU.png,2,6a0cf76f-a768-83ea-9fd6-60b42f354a04,Air Force Theme Background,2026-05-19T23:53:59.816343+00:00,high: export filename
file_00000000c010722f8f586c04e479cc51.dat,file_00000000c010722f8f586c04e479cc51(1).dat,yes,yes,1,547347,547347,yes,5bbaf43c4e91b4da7845c4f8a9ab8180c393353cfbfb81e9de648ca1b45de47f,1,,,image/png,.png,34311e01-20c9-40bd-a8b4-158a5a430282.png,34311e01-20c9-40bd-a8b4-158a5a430282.png,1,698e10c8-0968-8333-8083-3ad9651e1dc7,VR Date Space Design,2026-02-12T17:41:48.582351+00:00,high: export filename
file_00000000c04871f5a88544c231ee82d9.dat,file_00000000c04871f5a88544c231ee82d9(1).dat,yes,yes,1,42171,42171,yes,fa4908e29938a27754ea9e2eec410eeb7085ebe31ce2a08bbabe54bbcbfa2cee,1,,,image/png,.png,17a28516-62d8-4919-baaf-04a3999f884b.png,17a28516-62d8-4919-baaf-04a3999f884b.png,1,6a4871b1-a6d4-83ea-9f17-64dd949da184,Branch · Copilot Enterprise Automation,2026-07-04T02:36:37.881520+00:00,high: export filename
file_00000000c04c71f5b33cf2c4083db632.dat,file_00000000c04c71f5b33cf2c4083db632(1).dat,no,yes,2,3715387,3715387,yes,f727bd81e42fb6fad1fbf46dc587df1b668e6a5bd871dfbea779ceee91c6189e,2,SHA-f727bd81e42f,same export path uploaded more than once,image/jpeg,.jpg,3EF8394F-1ED7-4BFD-9BA4-375F66411B58.jpeg,3EF8394F-1ED7-4BFD-9BA4-375F66411B58.jpeg,1,6968e056-fe4c-8330-a35b-c1b627bc1466,Dual GPU Comparison DCS,2026-01-15T12:42:47.676513+00:00,high: export filename
file_00000000c04c71f5b33cf2c4083db632.dat,file_00000000c04c71f5b33cf2c4083db632.dat,yes,no,2,3715387,3715387,yes,f727bd81e42fb6fad1fbf46dc587df1b668e6a5bd871dfbea779ceee91c6189e,2,SHA-f727bd81e42f,same export path uploaded more than once,image/jpeg,.jpg,3EF8394F-1ED7-4BFD-9BA4-375F66411B58.jpeg,3EF8394F-1ED7-4BFD-9BA4-375F66411B58.jpeg,1,6968e056-fe4c-8330-a35b-c1b627bc1466,Dual GPU Comparison DCS,2026-01-15T12:42:47.676513+00:00,high: export filename
file_00000000c0d071fd9bc9d19346e12eec.dat,file_00000000c0d071fd9bc9d19346e12eec.dat,yes,no,1,304435,304435,yes,be29e0163349d3aae63f480aba4a4fe206017516933b3d2a5addd0d7ac52ac4e,1,,,image/jpeg,.jpg,9A7AE62F-3536-45C5-A4F6-1BDF4B7B112D.jpeg,9A7AE62F-3536-45C5-A4F6-1BDF4B7B112D.jpeg,1,6939a6a2-e66c-8330-b3f7-2fc307bb27b8,Rewrite for attractiveness,2025-12-10T16:58:11.692884+00:00,high: export filename
file_00000000c0f471fda9c9c7c89bacf8fc.dat,file_00000000c0f471fda9c9c7c89bacf8fc.dat,yes,no,1,222407,222407,yes,bb0f3fe8ad0099c6d613d18f86e9b884dca03d0a394ebf11ce58a446f6315bbf,1,,,image/png,.png,43fbe002-343f-4708-a275-e98e907d4aeb.png,43fbe002-343f-4708-a275-e98e907d4aeb.png,1,69442610-bd18-8331-9681-b9eb0f676b76,Co-located multiplayer VR setup,2025-12-18T16:06:16.852620+00:00,high: export filename
file_00000000c14071fd97e1d1e21800c86d.dat,file_00000000c14071fd97e1d1e21800c86d(1).dat,yes,yes,1,44455,44455,yes,5093a45bd405e43bad488ba45abee26bb63c5cf4745a43b8c0fc2a9b6a4bf1dc,1,,,image/png,.png,8ea17a41-88f5-4939-b797-6ae8646022b4.png,8ea17a41-88f5-4939-b797-6ae8646022b4.png,1,69f73d73-effc-83ea-9a0a-66ef88926ef7,Remote Project Setup,2026-05-03T12:25:52.920883+00:00,high: export filename
file_00000000c1b471fdadaaec7cba08db07.dat,file_00000000c1b471fdadaaec7cba08db07.dat,yes,no,1,308847,308847,yes,37507911255756fea1b9f824198d7ce6f9e860afd877267d8f1f7e89bd95bb04,1,,,image/png,.png,2a8c65f1-fb05-4e91-b1c7-f8a244ae39f1.png,2a8c65f1-fb05-4e91-b1c7-f8a244ae39f1.png,1,6980ce5f-9e70-8329-9b60-7c2cc2b795f9,Vocab Matching Tips,2026-02-02T16:19:28.133960+00:00,high: export filename
file_00000000c2607230810f73a44e86c222.dat,file_00000000c2607230810f73a44e86c222.dat,yes,no,1,6554,6554,yes,02e344b309d8fb0db781f379203768351e1d720b5ca11395176426444ef71a0e,1,,,image/png,.png,a3a0730d-2175-4115-a724-7b20b82b3b0a.png,a3a0730d-2175-4115-a724-7b20b82b3b0a.png,1,6908ba27-3518-8330-ae8a-b8af4f1fcab0,Camera detection troubleshooting,2025-11-03T14:20:41.579104+00:00,high: export filename
file_00000000c2dc71fdae29c9f291566537.dat,file_00000000c2dc71fdae29c9f291566537.dat,yes,no,1,117166,117166,yes,43d086ab3bb8e33ea7b686398ae1240620201c6dea5fd3cd5d3a22aeb6988c44,1,,,image/jpeg,.jpg,AB86933A-E584-4CC3-860F-14F6D3485A1B.jpeg,AB86933A-E584-4CC3-860F-14F6D3485A1B.jpeg,1,6939a6a2-e66c-8330-b3f7-2fc307bb27b8,Rewrite for attractiveness,2025-12-10T16:58:11.692884+00:00,high: export filename
file_00000000c37471f5ad72e465ae86359e.dat,file_00000000c37471f5ad72e465ae86359e(1).dat,yes,yes,1,2511492,2511492,yes,a5461cdf971342edaf15c473c8cc40850a27c517e425e7d8c1287c434ae2736c,1,,,image/jpeg,.jpg,5A5DB185-B53E-4B79-B3D6-3338A5EC152C.jpeg,5A5DB185-B53E-4B79-B3D6-3338A5EC152C.jpeg,1,69ee821c-888c-83ea-ba59-900376bb4912,MSI SSD BIOS Configuration,2026-04-26T21:25:40.557787+00:00,high: export filename
file_00000000c37c622fb2ccd1e59c0d992c.dat,file_00000000c37c622fb2ccd1e59c0d992c(1).dat,yes,yes,1,111164,111164,yes,fde5a80ea0a4496089ccd7aed0b56289c43efeb38d324472c2b81b0b1e5b6302,1,,,image/jpeg,.jpg,CA611132-FF9B-4BD6-AB36-D8830B9452B3.jpeg,CA611132-FF9B-4BD6-AB36-D8830B9452B3.jpeg,1,68d804b8-0134-832b-8376-60681c6df973,Systolic healthy limit,2025-09-27T15:37:53.042282+00:00,high: export filename
file_00000000c37c71fd93826a0e0d49b139.dat,file_00000000c37c71fd93826a0e0d49b139.dat,yes,no,1,294697,294697,yes,d52cf592bd83be5c86e45f0328594e920163b0801dd38f2af2dcee166be2dc37,1,,,image/png,.png,27932dfc-2612-4b14-9976-f8e1f390a2a8.png,27932dfc-2612-4b14-9976-f8e1f390a2a8.png,1,69f73d73-effc-83ea-9a0a-66ef88926ef7,Remote Project Setup,2026-05-03T12:25:52.920883+00:00,high: export filename
file_00000000c388722fbaf47f3a118bd1ad.dat,file_00000000c388722fbaf47f3a118bd1ad.dat,yes,no,1,68546,68546,yes,ff0ab27377973d048b789e4d264af0848e092741a9f1ca7a286815e74a4f4638,1,,,image/png,.png,1e9a5d90-3a14-4b16-85bd-d7e9fb8c2d73.png,1e9a5d90-3a14-4b16-85bd-d7e9fb8c2d73.png,1,6980ce5f-9e70-8329-9b60-7c2cc2b795f9,Vocab Matching Tips,2026-02-02T16:19:28.133960+00:00,high: export filename
file_00000000c5b8722f8cbd931cdefc672e.dat,file_00000000c5b8722f8cbd931cdefc672e.dat,yes,no,1,572123,572123,yes,6a2a95bf1ce9ca09a0e12c7cde022a1c0679f5d0ee721b93103e24fe0d3458d6,1,,,image/jpeg,.jpg,C40CA539-3888-43F9-9E27-049EEA823323.jpeg,C40CA539-3888-43F9-9E27-049EEA823323.jpeg,5,6939d6a0-c024-8333-bd11-7146ed4dfdba,Creative writing options,2025-12-10T20:22:57.434814+00:00,high: export filename
file_00000000c70471f883e0d9a4d6fed442.dat,file_00000000c70471f883e0d9a4d6fed442.dat,yes,no,1,348229,348229,yes,2e5341f14ae095761ddb78843ed903969418050796ecaa534d96191189c66b21,1,,,image/jpeg,.jpg,647C05A6-EBFD-46A4-8AC1-EEF134555566.jpeg,647C05A6-EBFD-46A4-8AC1-EEF134555566.jpeg,5,6939d6a0-c024-8333-bd11-7146ed4dfdba,Creative writing options,2025-12-10T20:22:57.434814+00:00,high: export filename
file_00000000c76871fd8a3a8af0f7e87101.dat,file_00000000c76871fd8a3a8af0f7e87101.dat,yes,no,1,37784,37784,yes,ad7563c277adf39d5800ed2cd5e60283ebc29d27c7672521bd2f9c0e2350e9ab,1,,,image/png,.png,9647ae67-625b-4367-a063-02897d79a4ba.png,9647ae67-625b-4367-a063-02897d79a4ba.png,1,69442610-bd18-8331-9681-b9eb0f676b76,Co-located multiplayer VR setup,2025-12-18T16:06:16.852620+00:00,high: export filename
file_00000000c834722fbe76e11ea1b1e080.dat,file_00000000c834722fbe76e11ea1b1e080.dat,yes,no,1,339630,339630,yes,f310d249f0017d0dc728b60edc4f61e9558bf59dfc46cadcb7506b8c7f94e880,1,,,image/jpeg,.jpg,16332276-CC24-402E-9D62-74EC74B17420.jpeg,16332276-CC24-402E-9D62-74EC74B17420.jpeg,1,6963005c-6370-8331-b9a1-d58b49b7bc64,Attractive Answer Tips,2026-01-11T01:43:58.836947+00:00,high: export filename
file_00000000c94471fda35ecdc35e5dc207.dat,file_00000000c94471fda35ecdc35e5dc207.dat,yes,no,1,1183440,1183440,yes,7295d8d0b15c22775bcb5b5f56ccb879ffa3229808729cb7ee8412f98b967d67,1,,,image/jpeg,.jpg,CC30BBC3-1E6A-40BE-AC31-D1C2551856E3.jpeg,CC30BBC3-1E6A-40BE-AC31-D1C2551856E3.jpeg,1,6939a6a2-e66c-8330-b3f7-2fc307bb27b8,Rewrite for attractiveness,2025-12-10T16:58:11.692884+00:00,high: export filename
file_00000000ca5071fd88c88722cde81b07.dat,file_00000000ca5071fd88c88722cde81b07.dat,yes,no,1,125397,125397,yes,a5ebd0ead2c7a8a240a930461ec3d754c4da0ece682b452bfbdb0720e8ef55ed,1,,,image/png,.png,9fd1ce2c-c351-4d8f-a697-d3d55a40ea01.png,9fd1ce2c-c351-4d8f-a697-d3d55a40ea01.png,1,69626f72-c318-832c-832a-8bef6d20351f,Multiplayer VR Co-location,2026-01-10T15:30:37.848498+00:00,high: export filename
file_00000000ca9c722f9f2a8a190f2b954f.dat,file_00000000ca9c722f9f2a8a190f2b954f.dat,yes,no,1,264592,264592,yes,4cec3e392f0ce6829aa988260baed458443f1624410b70f9c8dd303c15ead660,1,,,image/jpeg,.jpg,17F46664-FC3B-43A0-B491-D9D318309AEC.jpeg,17F46664-FC3B-43A0-B491-D9D318309AEC.jpeg,1,6987be12-0fcc-832f-9808-bb69886bbac7,Roommate Request Help,2026-02-07T22:36:36.346770+00:00,high: export filename
file_00000000cac8722f8ac52d224c30f619.dat,file_00000000cac8722f8ac52d224c30f619.dat,yes,no,1,60746,60746,yes,8e013dd1f897d2d3c446e5fb31c8564a3fdad18391b526c0940d0151a043a2e2,1,,,image/png,.png,63655213-f977-4c24-aea7-8e784dd0cf5c.png,63655213-f977-4c24-aea7-8e784dd0cf5c.png,1,6980ce5f-9e70-8329-9b60-7c2cc2b795f9,Vocab Matching Tips,2026-02-02T16:19:28.133960+00:00,high: export filename
file_00000000cb6c71fd8f0d58ede3cf890e.dat,file_00000000cb6c71fd8f0d58ede3cf890e.dat,yes,no,1,27203,27203,yes,bd8c8f2e77bd7025cb1ae2fb42397fed5d477d9bdab016bb41eed47b7231ce67,1,,,image/png,.png,f3124ee4-d4a6-4de5-b466-27ec8ce8866b.png,f3124ee4-d4a6-4de5-b466-27ec8ce8866b.png,1,69739fa7-585c-832b-887f-3451ac00c843,Upgrade Path Testing Tips,2026-01-23T16:23:05.936075+00:00,high: export filename
file_00000000cc04720cb90f4530d07e558b.dat,file_00000000cc04720cb90f4530d07e558b.dat,yes,no,1,65312,65312,yes,2e7792b5f090d697a6c665e9ad371663acc0137a1788dd72a5074e1612fb6b1f,1,,,image/png,.png,32fc8ecb-46f6-4b40-b2ee-fb598c6234c4.png,32fc8ecb-46f6-4b40-b2ee-fb598c6234c4.png,1,69442610-bd18-8331-9681-b9eb0f676b76,Co-located multiplayer VR setup,2025-12-18T16:06:16.852620+00:00,high: export filename
file_00000000ccd471f5af83705b4d2b5fe3.dat,file_00000000ccd471f5af83705b4d2b5fe3.dat,yes,no,1,696078,696078,yes,df1bd50a717df13e8a1486a315afd204e73a13d4b4a18d1abb861d8378ea851c,1,,,audio/x-wav,.wav,6939d6a0-c024-8333-bd11-7146ed4dfdba/audio/db862f8d-4001-49b7-8b46-bcae48af2e35.wav,6939d6a0-c024-8333-bd11-7146ed4dfdba/audio/db862f8d-4001-49b7-8b46-bcae48af2e35.wav,5,6939d6a0-c024-8333-bd11-7146ed4dfdba,Creative writing options,2025-12-10T20:22:57.434814+00:00,high: export filename
file_00000000cd3471f6b11a9660144d297d.dat,file_00000000cd3471f6b11a9660144d297d.dat,yes,no,1,336385,336385,yes,d33c13d5aa0f39b4b9d20d8771b86888d4de297138b0e04fe99cc6aceb48ff6d,1,,,image/jpeg,.jpg,837E94A9-9456-4A1A-B7B6-F92DAB0D3DDE.jpeg,837E94A9-9456-4A1A-B7B6-F92DAB0D3DDE.jpeg,1,6932e535-5934-832b-950a-fced8c1ec96e,Playful tension messages,2025-12-05T13:59:17.934844+00:00,high: export filename
file_00000000ce4071fd86dc1155909cbf18.dat,file_00000000ce4071fd86dc1155909cbf18.dat,yes,no,1,68365,68365,yes,45f0546f1e7fd0b964650400792728205ab19f64f8afc603fcfec109c1a1824f,1,,,image/png,.png,f981f273-af79-464f-9771-1bdbb355a9b3.png,f981f273-af79-464f-9771-1bdbb355a9b3.png,1,69160a45-7840-832c-b2b9-6bea70637591,File input setup,2025-11-13T16:41:43.731511+00:00,high: export filename
file_00000000cef471f7b34adba515d052d0.dat,file_00000000cef471f7b34adba515d052d0.dat,yes,no,1,3466967,3466967,yes,eba809dc8b9363bfea895e1f47cc2149f1f5d8d73a331ee195e1e9aee20ca9c3,1,,,image/jpeg,.jpg,IMG_A8ED7B48-450F-479C-A016-7E2DE4F07680.jpeg,IMG_A8ED7B48-450F-479C-A016-7E2DE4F07680.jpeg,1,6980ce5f-9e70-8329-9b60-7c2cc2b795f9,Vocab Matching Tips,2026-02-02T16:19:28.133960+00:00,high: export filename
file_00000000d13471fda2a43b6b6aebf01b.dat,file_00000000d13471fda2a43b6b6aebf01b.dat,yes,no,1,3576765,3576765,yes,21b71b885b22a7bf36b2715e7d84299dc67937175ad1b1acf62111aaa7950139,1,,,image/jpeg,.jpg,IMG_3676EE71-D227-49F6-B797-749262BAA0EC.jpeg,IMG_3676EE71-D227-49F6-B797-749262BAA0EC.jpeg,1,69442610-bd18-8331-9681-b9eb0f676b76,Co-located multiplayer VR setup,2025-12-18T16:06:16.852620+00:00,high: export filename
file_00000000d15c71f5ad58f38135914fa8.dat,file_00000000d15c71f5ad58f38135914fa8.dat,yes,no,1,105718,105718,yes,df2088183f11bb5ade80f6a6f2e84f90ac69d29411315c317ffadcd6b0b91d06,3,SHA-df2088183f11,byte-identical content under different export paths,image/png,.png,MENU.png,MENU.png,1,6a0cf76f-a768-83ea-9fd6-60b42f354a04,Air Force Theme Background,2026-05-19T23:53:59.816343+00:00,high: export filename
file_00000000d1d4722fa7815854039b8649.dat,file_00000000d1d4722fa7815854039b8649.dat,yes,no,1,867871,867871,yes,0ef047b2e933017e1b2a10bf3a07b37ee6c61ac46cc2cdcb62564ae8b90c5e51,1,,,image/jpeg,.jpg,A94DF3CA-30F6-4F1A-8809-E087100DF305.jpeg,A94DF3CA-30F6-4F1A-8809-E087100DF305.jpeg,1,691895fc-8380-832b-b85e-08f1a09c4e7c,Convert image to SVG,2025-11-15T15:02:21.492694+00:00,high: export filename
file_00000000d1dc71fd9bae51ec1cce9710.dat,file_00000000d1dc71fd9bae51ec1cce9710.dat,yes,no,1,804530,804530,yes,9a41bbf26ee9d44828f8f1a3c3c662c8105de0d5cc96bda5d424eed099f4fd38,1,,,image/jpeg,.jpg,IMG_3139C271-7559-403D-8AC1-E5AC989EDBF2.jpeg,IMG_3139C271-7559-403D-8AC1-E5AC989EDBF2.jpeg,1,6a09ae38-712c-83ea-a939-4eba9eeebc49,Removing MainSignalSearchDaemon,2026-05-17T12:03:06.068253+00:00,high: export filename
file_00000000d25c71fdb5487399b791f258.dat,file_00000000d25c71fdb5487399b791f258.dat,yes,no,1,1341269,1341269,yes,de5a68fdca1de131d0857b4dc5f8d896e81fcb40ef01669d1436fdb1ee29262d,1,,,image/png,.png,da26284b-dbaa-447d-9b8e-e79e56b5fa7c.png,da26284b-dbaa-447d-9b8e-e79e56b5fa7c.png,1,698e10c8-0968-8333-8083-3ad9651e1dc7,VR Date Space Design,2026-02-12T17:41:48.582351+00:00,high: export filename
file_00000000d26871fdb2494322681741e3.dat,file_00000000d26871fdb2494322681741e3.dat,yes,no,1,291008,291008,yes,8601d4a7bdf39ab02c1c4639df56226ff300122fa4bde16341a769f727b15645,1,,,image/jpeg,.jpg,267336AF-38A4-4EAF-BB6C-B78388BC8980.jpeg,267336AF-38A4-4EAF-BB6C-B78388BC8980.jpeg,1,6939a6a2-e66c-8330-b3f7-2fc307bb27b8,Rewrite for attractiveness,2025-12-10T16:58:11.692884+00:00,high: export filename
file_00000000d2f871f5afb4d4dd9075f63d.dat,file_00000000d2f871f5afb4d4dd9075f63d.dat,yes,no,1,486797,486797,yes,40fd2fdbbc7e5d665bdc438812d38327ec7660a0afacd08af1223a7db97b6e7b,1,,,image/png,.png,9ED63C60-981C-4734-BCB1-51FF41DD502B.png,9ED63C60-981C-4734-BCB1-51FF41DD502B.png,1,6a3b29b7-91b8-83ea-ab02-7805049a54de,3D Model Creation Prompt,2026-06-24T00:50:02.325853+00:00,high: export filename
file_00000000d5d4722fb52335be32e7df6c.dat,file_00000000d5d4722fb52335be32e7df6c.dat,yes,no,1,355476,355476,yes,4254c4f563d775098a4d6befd3063a6de84593f0089f707eaccd2730111b1174,2,SHA-4254c4f563d7,byte-identical content under different export paths,image/jpeg,.jpg,6B080B37-7C77-4C07-A7F7-0241F6AF8B8A.jpeg,6B080B37-7C77-4C07-A7F7-0241F6AF8B8A.jpeg,1,6a0cf76f-a768-83ea-9fd6-60b42f354a04,Air Force Theme Background,2026-05-19T23:53:59.816343+00:00,high: export filename
file_00000000d5f471f5ad039fdf129400be.dat,file_00000000d5f471f5ad039fdf129400be.dat,yes,no,1,157806,157806,yes,61a6b4a6d03722c6f442577c4c6de0fb9ee87b067ec14f1b6be4761636eebce6,1,,,image/jpeg,.jpg,C18F6B1D-7DC9-496D-AF1A-0C7C311DABED.jpeg,C18F6B1D-7DC9-496D-AF1A-0C7C311DABED.jpeg,2,6a1c5fb9-f460-83ea-945f-ac3b30738cb0,Optmizing,2026-05-31T16:20:49.846812+00:00,high: export filename
file_00000000d704722f8b0c30e6f2f0c983.dat,file_00000000d704722f8b0c30e6f2f0c983.dat,yes,no,1,43758,43758,yes,038d1eb451008abcd264ffda1090de039f083ca4c73d4a0d6bc8aa16acfdf776,1,,,audio/x-wav,.wav,6939d6a0-c024-8333-bd11-7146ed4dfdba/audio/92b5df09-3dc8-47d2-91eb-bacd51a5874c.wav,6939d6a0-c024-8333-bd11-7146ed4dfdba/audio/92b5df09-3dc8-47d2-91eb-bacd51a5874c.wav,0,,,,high: export filename
file_00000000d80c722fbd35416505944cb6.dat,file_00000000d80c722fbd35416505944cb6.dat,yes,no,1,340318,340318,yes,13aec72a201524374ed015cab92a54a2ef8540c2f91df282fe1566b5ffbaba54,1,,,image/jpeg,.jpg,58BABE1C-410B-424B-865C-134E0683D673.jpeg,58BABE1C-410B-424B-865C-134E0683D673.jpeg,5,6939d6a0-c024-8333-bd11-7146ed4dfdba,Creative writing options,2025-12-10T20:22:57.434814+00:00,high: export filename
file_00000000d84071f58842fcea5307bd70.dat,file_00000000d84071f58842fcea5307bd70.dat,yes,no,1,3523072,3523072,yes,d0aa42d3ed41c13f16a1a40a0de0b45862fb88eb6b2f3be036936c728b14f719,1,,,image/jpeg,.jpg,IMG_B1ECB078-7325-4A78-93AA-E26092F4B5E3.jpeg,IMG_B1ECB078-7325-4A78-93AA-E26092F4B5E3.jpeg,1,69442610-bd18-8331-9681-b9eb0f676b76,Co-located multiplayer VR setup,2025-12-18T16:06:16.852620+00:00,high: export filename
file_00000000d96071fd8d770d839f00efd2.dat,file_00000000d96071fd8d770d839f00efd2.dat,yes,no,1,454814,454814,yes,2a543d8e3a805e11a992f6d92ce78f0bea706becbf2667b24e7b80a01084aae5,1,,,image/jpeg,.jpg,Image.jfif,Image.jfif,1,69835ebf-42b4-8332-9619-ccb873c2f035,Image Text Extraction,2026-02-04T14:59:46.326571+00:00,high: export filename
file_00000000d9f461f6b68b7835e4d67fc6.dat,file_00000000d9f461f6b68b7835e4d67fc6.dat,yes,no,1,223187,223187,yes,37b99fa9da203b290c2068d286b81d0ec9d9d9fc8c00259ea0d592902faeb97f,1,,,image/jpeg,.jpg,17915E09-F6AA-432B-A8FE-5E410E2AF224.jpeg,17915E09-F6AA-432B-A8FE-5E410E2AF224.jpeg,1,68e52055-d6e0-8332-9d8b-f399241522eb,Reaching out to FWB,2025-10-07T14:14:48.614923+00:00,high: export filename
file_00000000da2861f79af130e47bf734e6.dat,file_00000000da2861f79af130e47bf734e6.dat,yes,no,1,985986,985986,yes,3d6d9093d9ba250833f7a2fb0dad08a06c21ec4c54ff9c69be87b742ce56fc53,1,,,image/jpeg,.jpg,8DFA5066-DA01-437D-AFC3-E82A89019E44.jpeg,8DFA5066-DA01-437D-AFC3-E82A89019E44.jpeg,1,68811b62-862c-800e-b14f-2b3d23187b9c,LW_Breakdown,2025-07-23T17:26:59.072900+00:00,high: export filename
file_00000000da48722f9bfc094147f082ee.dat,file_00000000da48722f9bfc094147f082ee.dat,yes,no,1,3984054,3984054,yes,319db1133a5aca1e3b7cda54107c5df41ae69dbf38ce592eaad789b1c45e1170,1,,,image/png,.png,WEASEL-001-WEASELNET LOGOs.png,WEASEL-001-WEASELNET LOGOs.png,1,6a412bd7-a2bc-83ea-b19c-1e8d95b32318,Meshy Badge 3D Prompt,2026-06-28T14:13:53.298365+00:00,high: export filename
file_00000000daa871f59f2aabc089e42a01.dat,file_00000000daa871f59f2aabc089e42a01.dat,yes,no,1,5218596,5218596,yes,1323e4a2369e6f42b58e0c7d7d8777101a245b85d76d6d40f650c6f9451f84e7,1,,,text/csv,.csv,IL-2-P51D-Quest3-RTX4000Ada-XXX.csv,IL-2-P51D-Quest3-RTX4000Ada-XXX.csv,1,6a480ce2-0c94-83ea-93e0-bc26a0a3c825,VR-fov reduction,2026-07-03T19:28:58.927532+00:00,high: export filename
file_00000000db9071fdbcd7235f381182e3.dat,file_00000000db9071fdbcd7235f381182e3.dat,yes,no,1,1098445,1098445,yes,3e2217b138e8d6d2caea5177bcd475be553983ec01c89b7a0635205d76bb577d,1,,,image/png,.png,c2172004-77e2-45b2-850b-9053f5405d4e.png,c2172004-77e2-45b2-850b-9053f5405d4e.png,1,698e10c8-0968-8333-8083-3ad9651e1dc7,VR Date Space Design,2026-02-12T17:41:48.582351+00:00,high: export filename
file_00000000dbe471f58e790b96763d934a.dat,file_00000000dbe471f58e790b96763d934a.dat,yes,no,1,416235,416235,yes,00a1df54941adc782d5a4f1b2acc0f733ab16bab2c435877b1c5d4fe8324d204,1,,,image/jpeg,.jpg,D4C56AA7-61E4-495D-AC46-40D421027073.jpeg,D4C56AA7-61E4-495D-AC46-40D421027073.jpeg,2,6a18dc6a-44e4-83ea-933a-68e2af7d778b,RAM Compatibility Check,2026-05-29T00:24:05.492531+00:00,high: export filename
file_00000000dca471fd923b4d13e9173330.dat,file_00000000dca471fd923b4d13e9173330.dat,yes,no,1,171864,171864,yes,8ead8da6ee05c7742ef0783ad39be9e86c3cb41615e49b103743945629c780cc,1,,,image/png,.png,67c4ec5e-5cf1-46f1-9a21-5ad96a66e785.png,67c4ec5e-5cf1-46f1-9a21-5ad96a66e785.png,1,69626f72-c318-832c-832a-8bef6d20351f,Multiplayer VR Co-location,2026-01-10T15:30:37.848498+00:00,high: export filename
file_00000000dcec71fda56a497e311698e2.dat,file_00000000dcec71fda56a497e311698e2.dat,yes,no,1,67902,67902,yes,09c9d65d8f5d04b24433182e157ed11e0cbd8c9220c6a8c032d1d39fb58150eb,1,,,image/png,.png,c4659e63-5c9d-440c-b275-772aee22ca28.png,c4659e63-5c9d-440c-b275-772aee22ca28.png,1,69626f72-c318-832c-832a-8bef6d20351f,Multiplayer VR Co-location,2026-01-10T15:30:37.848498+00:00,high: export filename
file_00000000ddd461f7889d0758a8994016.dat,file_00000000ddd461f7889d0758a8994016.dat,yes,no,1,326240,326240,yes,a965484debd56c92dd61e2d8b0b2326f492e7c004db87e0c965b77ab66c25238,1,,,image/jpeg,.jpg,AD7018A2-F61A-4749-8153-1AE321179184.jpeg,AD7018A2-F61A-4749-8153-1AE321179184.jpeg,1,68d8113c-24dc-8322-9905-0204c14a82f3,Game instance distribution,2025-09-27T16:32:13.776068+00:00,high: export filename
file_00000000de40722f9826cfc4fb63f78d.dat,file_00000000de40722f9826cfc4fb63f78d.dat,yes,no,1,102053,102053,yes,05b22544bdb6f2b398f60b6dd78e73f961a1aa5fa4961e8ddaa458c51be0f5e4,1,,,image/png,.png,9fa84d4c-bc8d-4ffa-85fa-55ae025bec78.png,9fa84d4c-bc8d-4ffa-85fa-55ae025bec78.png,1,69442610-bd18-8331-9681-b9eb0f676b76,Co-located multiplayer VR setup,2025-12-18T16:06:16.852620+00:00,high: export filename
file_00000000de6c71f894f94cfa5834f923.dat,file_00000000de6c71f894f94cfa5834f923.dat,yes,no,1,11373,11373,yes,33807a84d905cc8a4b607b43ac610129651594f790c8a8c8e27aca9f83459cba,1,,,image/png,.png,a09bca67-3850-4586-8ce8-6f6668bb74d8.png,a09bca67-3850-4586-8ce8-6f6668bb74d8.png,1,69f73d73-effc-83ea-9a0a-66ef88926ef7,Remote Project Setup,2026-05-03T12:25:52.920883+00:00,high: export filename
file_00000000de6c722f95a1dc9404ac1076.dat,file_00000000de6c722f95a1dc9404ac1076.dat,yes,no,1,105113,105113,yes,9a3ef1068228c9d0383497ec85bec572a480ca6bc0e696f168c456da40b32504,1,,,image/jpeg,.jpg,895BC7AD-5C20-49D1-AB8F-A55645FD22C8.jpeg,895BC7AD-5C20-49D1-AB8F-A55645FD22C8.jpeg,5,6939d6a0-c024-8333-bd11-7146ed4dfdba,Creative writing options,2025-12-10T20:22:57.434814+00:00,high: export filename
file_00000000dee071f59bd555b6c4e831be.dat,file_00000000dee071f59bd555b6c4e831be.dat,yes,no,1,919186,919186,yes,b47580b0d50248203903ed572c6c088b6c5d88e0dc465495eb73395913d211c4,1,,,image/png,.png,6C55899D-BABE-4940-AC56-97C5E25214C4.png,6C55899D-BABE-4940-AC56-97C5E25214C4.png,1,6939a6a2-e66c-8330-b3f7-2fc307bb27b8,Rewrite for attractiveness,2025-12-10T16:58:11.692884+00:00,high: export filename
file_00000000def471fdb83a184dc610fad6.dat,file_00000000def471fdb83a184dc610fad6.dat,yes,no,1,498268,498268,yes,41457b6da5b7535390a3c9bb56036615b35a73c3dd515ef76951864a6c084162,1,,,image/jpeg,.jpg,IMG_0E6C2A00-48E0-4370-917E-363C1DA2B7E0.jpeg,IMG_0E6C2A00-48E0-4370-917E-363C1DA2B7E0.jpeg,1,69442610-bd18-8331-9681-b9eb0f676b76,Co-located multiplayer VR setup,2025-12-18T16:06:16.852620+00:00,high: export filename
file_00000000e02871f7b316f0828c8866d1.dat,file_00000000e02871f7b316f0828c8866d1.dat,yes,no,1,69045,69045,yes,161fb0ae08ac5af62d0dbdc355301dae1291cc4f7402e51c51bf67f65dec3097,1,,,image/png,.png,35b272bc-3619-4854-885b-2daea05256b4.png,35b272bc-3619-4854-885b-2daea05256b4.png,2,6a1c5fb9-f460-83ea-945f-ac3b30738cb0,Optmizing,2026-05-31T16:20:49.846812+00:00,high: export filename
file_00000000e1fc71f5b53c2f5be3b83913.dat,file_00000000e1fc71f5b53c2f5be3b83913.dat,yes,no,1,40878,40878,yes,22380bb7fbfad33c5f5a347faad55f2d8b3b4003ef546de1cef73741cef955fd,1,,,audio/x-wav,.wav,6939d6a0-c024-8333-bd11-7146ed4dfdba/audio/f04a841f-bf35-4c7c-8bd9-d924f32c6513.wav,6939d6a0-c024-8333-bd11-7146ed4dfdba/audio/f04a841f-bf35-4c7c-8bd9-d924f32c6513.wav,0,,,,high: export filename
file_00000000e220720c82b8902c0abb3627.dat,file_00000000e220720c82b8902c0abb3627(1).dat,yes,yes,1,270201,270201,yes,9bec177f734b58e556fab0887b2df0f9740ce4793a931677bfc58e5808ee7327,1,,,image/jpeg,.jpg,5449BAFD-5612-4BBE-909C-B177275075FE.jpeg,5449BAFD-5612-4BBE-909C-B177275075FE.jpeg,1,6917c63e-4d40-8329-b620-96bbf6d2a6dc,Respond to coworker,2025-11-15T00:17:32.067538+00:00,high: export filename
file_00000000e26871f58ce597674a045f0e.dat,file_00000000e26871f58ce597674a045f0e(1).dat,yes,yes,1,169710,169710,yes,dfb2404a52b575370b96647f37b098b17974feb7923c43bac128e87f68b75a70,1,,,image/png,.png,1faf42d2-2ac9-4d5d-baf3-ed99a0658edd.png,1faf42d2-2ac9-4d5d-baf3-ed99a0658edd.png,1,69626f72-c318-832c-832a-8bef6d20351f,Multiplayer VR Co-location,2026-01-10T15:30:37.848498+00:00,high: export filename
file_00000000e2bc71fd831254f8e69d07c9.dat,file_00000000e2bc71fd831254f8e69d07c9.dat,yes,no,1,36814,36814,yes,f9a72ea113b113c04722f898723a906593be5ed73ede451fa284e8c0bd1fa380,1,,,image/png,.png,aaeb3b23-7d34-4c8c-a7ae-f58dc88cac4b.png,aaeb3b23-7d34-4c8c-a7ae-f58dc88cac4b.png,1,69f73d73-effc-83ea-9a0a-66ef88926ef7,Remote Project Setup,2026-05-03T12:25:52.920883+00:00,high: export filename
file_00000000e34861f790f753c004e541a3.dat,file_00000000e34861f790f753c004e541a3(1).dat,yes,yes,1,282088,282088,yes,884be983f27a2a02e58e66f9ba52830d89afd4f742f99d3f7b0e1b01ce25ffc7,1,,,image/jpeg,.jpg,A1550662-ACA3-455F-8646-B891F5C3C847.jpeg,A1550662-ACA3-455F-8646-B891F5C3C847.jpeg,1,68d8113c-24dc-8322-9905-0204c14a82f3,Game instance distribution,2025-09-27T16:32:13.776068+00:00,high: export filename
file_00000000e38c71fdb640442cf71152bc.dat,file_00000000e38c71fdb640442cf71152bc.dat,yes,no,1,28621,28621,yes,e6343d1b66fb1a17ba1a5cac88dee7664bbc8a2d4c1d1575a86c0fae2fdde742,1,,,image/png,.png,4200616a-efe2-4994-9e0f-ca469d0742f8.png,4200616a-efe2-4994-9e0f-ca469d0742f8.png,1,69442610-bd18-8331-9681-b9eb0f676b76,Co-located multiplayer VR setup,2025-12-18T16:06:16.852620+00:00,high: export filename
file_00000000e3f071f5a8f3898682ed2a57.dat,file_00000000e3f071f5a8f3898682ed2a57.dat,yes,no,1,49149,49149,yes,4fd7f04bf1d6e243f6fb93d3879282c27fcc5af4f46f9ff4415d452cb9be9382,1,,,image/png,.png,693bc641-12a6-4b49-8266-4e2af59cbc13.png,693bc641-12a6-4b49-8266-4e2af59cbc13.png,1,690e8f49-ef34-832a-9553-80c853478e25,Multicrew aircraft requirements,2025-11-08T00:31:52.294169+00:00,high: export filename
file_00000000e40071f895c376f314ed78c6.dat,file_00000000e40071f895c376f314ed78c6(1).dat,yes,yes,1,171119,171119,yes,862ea4d54d1ac4ca48cae58397a65cd906ef72ebe5325fe625307369793aeee2,1,,,image/png,.png,ab102ff0-8869-4405-a1c7-00ce7127a52c.png,ab102ff0-8869-4405-a1c7-00ce7127a52c.png,1,69442610-bd18-8331-9681-b9eb0f676b76,Co-located multiplayer VR setup,2025-12-18T16:06:16.852620+00:00,high: export filename
file_00000000e4f071fd845dc1639f7e956a.dat,file_00000000e4f071fd845dc1639f7e956a.dat,yes,no,1,58441,58441,yes,1fe0bdfeca34503ce0ceb375eb6236577a9e1cc9a6390e17545edf05de592c7f,1,,,image/png,.png,570334c7-354a-4cf9-ac7b-358bc5ca6c06.png,570334c7-354a-4cf9-ac7b-358bc5ca6c06.png,1,69442610-bd18-8331-9681-b9eb0f676b76,Co-located multiplayer VR setup,2025-12-18T16:06:16.852620+00:00,high: export filename
file_00000000e50071f791fc82f0ddf7c99a.dat,file_00000000e50071f791fc82f0ddf7c99a(1).dat,yes,yes,1,410669,410669,yes,c08ec334d60a8636b9ae84b30f88ca10f5bf0e8e656665815ade59ac86fb82f1,1,,,image/jpeg,.jpg,EB7EE207-BE9E-4C6D-AB8D-8AAFEAE708ED.jpeg,EB7EE207-BE9E-4C6D-AB8D-8AAFEAE708ED.jpeg,4,6a1c5fb9-f460-83ea-945f-ac3b30738cb0,Optmizing,2026-05-31T16:20:49.846812+00:00,high: export filename
file_00000000e59061f682e1a94e716205a0.dat,file_00000000e59061f682e1a94e716205a0(1).dat,yes,yes,1,461637,461637,yes,18590499db99e3016f899b1fb719a328e5b63289e8e8c0449d5d94691bfa0a94,1,,,image/jpeg,.jpg,08C6C716-19A1-4FC1-9739-B08AA158CC17.jpeg,08C6C716-19A1-4FC1-9739-B08AA158CC17.jpeg,1,68dc656b-ee84-832e-a070-1beb146f27ad,Response suggestion for banter,2025-09-30T23:19:08.942865+00:00,high: export filename
file_00000000e70471fd8994d90adce47bae.dat,file_00000000e70471fd8994d90adce47bae(1).dat,yes,yes,1,563138,563138,yes,cd3195cc5f4304bf3735923c16dba629930836aa0de55f1969af0d5b369953a1,1,,,image/jpeg,.jpg,AFBFC9F6-C63B-4143-AA1B-66D7BCEFC9A4.jpeg,AFBFC9F6-C63B-4143-AA1B-66D7BCEFC9A4.jpeg,5,6939d6a0-c024-8333-bd11-7146ed4dfdba,Creative writing options,2025-12-10T20:22:57.434814+00:00,high: export filename
file_00000000e71471fd959e740aab62cee2.dat,file_00000000e71471fd959e740aab62cee2(1).dat,yes,yes,1,2975396,2975396,yes,12cdfd4eb3f32727e4c98cc8d5a971ecb6977f63bbc3356ce6b240269d688926,1,,,image/jpeg,.jpg,IMG_8B7AEBA6-A1A3-484E-BDD2-B7475A91CCAE.jpeg,IMG_8B7AEBA6-A1A3-484E-BDD2-B7475A91CCAE.jpeg,1,69442610-bd18-8331-9681-b9eb0f676b76,Co-located multiplayer VR setup,2025-12-18T16:06:16.852620+00:00,high: export filename
file_00000000e73871f58c5ad701c12f1225.dat,file_00000000e73871f58c5ad701c12f1225(1).dat,yes,yes,1,102318,102318,yes,04cf0b791fc153f18e3451034e6caacbd5fab7942f77181678ad662188ce44fd,1,,,audio/x-wav,.wav,6939d6a0-c024-8333-bd11-7146ed4dfdba/audio/a48df6c8-47b5-40b4-8073-93bba4d1b8d4.wav,6939d6a0-c024-8333-bd11-7146ed4dfdba/audio/a48df6c8-47b5-40b4-8073-93bba4d1b8d4.wav,0,,,,high: export filename
file_00000000e74871fdb8929cc75a297caf.dat,file_00000000e74871fdb8929cc75a297caf(1).dat,yes,yes,1,3260094,3260094,yes,21f0f171a872f1197396b7fd4f4f9b34127f8f9a83b69b9e15946f353fa856af,1,,,image/jpeg,.jpg,IMG_25F5DFAE-4ACA-43FB-9EF4-5E052722F68D.jpeg,IMG_25F5DFAE-4ACA-43FB-9EF4-5E052722F68D.jpeg,1,69442610-bd18-8331-9681-b9eb0f676b76,Co-located multiplayer VR setup,2025-12-18T16:06:16.852620+00:00,high: export filename
file_00000000e74c722fbd6b4abb60d70405.dat,file_00000000e74c722fbd6b4abb60d70405.dat,yes,no,1,756906,756906,yes,d9226dc7d45703c3f61203f077ff1da14eb461302689d20c9cf38fe0ecc4a798,1,,,image/jpeg,.jpg,9CB86596-CAA1-4D1E-AAC6-12854E5E2EF4.jpeg,9CB86596-CAA1-4D1E-AAC6-12854E5E2EF4.jpeg,1,6939a6a2-e66c-8330-b3f7-2fc307bb27b8,Rewrite for attractiveness,2025-12-10T16:58:11.692884+00:00,high: export filename
file_00000000e7c471fd87c5b7d295996804.dat,file_00000000e7c471fd87c5b7d295996804.dat,yes,no,1,4139191,4139191,yes,542929fd9030c37917496e1302c5485267d3505a98e13db154c8a17ef23f8a8c,1,,,image/jpeg,.jpg,IMG_C8C57600-0E67-4CF1-8675-1A5F6A270797.jpeg,IMG_C8C57600-0E67-4CF1-8675-1A5F6A270797.jpeg,1,69442610-bd18-8331-9681-b9eb0f676b76,Co-located multiplayer VR setup,2025-12-18T16:06:16.852620+00:00,high: export filename
file_00000000e84471fdb1b717f80a7cd3d5.dat,file_00000000e84471fdb1b717f80a7cd3d5(1).dat,yes,yes,1,10353,10353,yes,27c0624838ef769e9dca36000572da88dfdd7225e9175a38ff155968bb41780e,1,,,image/png,.png,cb895373-5c5f-4f02-8d66-bea1c6f57b22.png,cb895373-5c5f-4f02-8d66-bea1c6f57b22.png,1,69f73d73-effc-83ea-9a0a-66ef88926ef7,Remote Project Setup,2026-05-03T12:25:52.920883+00:00,high: export filename
file_00000000e84871fba77483aed2a75e25.dat,file_00000000e84871fba77483aed2a75e25(1).dat,yes,yes,1,64456,64456,yes,d0ba880e6c2327eb56401dd37bfa0ce865144bfe8dfa928aef31cccd1b59e94b,1,,,image/png,.png,e3c25c11-4853-468f-8fc8-9a721c999b67.png,e3c25c11-4853-468f-8fc8-9a721c999b67.png,1,690e8f49-ef34-832a-9553-80c853478e25,Multicrew aircraft requirements,2025-11-08T00:31:52.294169+00:00,high: export filename
file_00000000e86071f783b5667994f37521.dat,file_00000000e86071f783b5667994f37521.dat,yes,no,1,31758,31758,yes,6eba92204172e236c79c645907cc54a957bf581825e08511e9f2ed659d489552,1,,,audio/x-wav,.wav,6968e056-fe4c-8330-a35b-c1b627bc1466/audio/ea911b9c-5ec4-4d84-800e-d3fd816f15c4.wav,6968e056-fe4c-8330-a35b-c1b627bc1466/audio/ea911b9c-5ec4-4d84-800e-d3fd816f15c4.wav,0,,,,high: export filename
file_00000000e86871fdb92ec4b9e27def73.dat,file_00000000e86871fdb92ec4b9e27def73(1).dat,yes,yes,1,3446217,3446217,yes,e959045f9b221b4776c0abf58dbe158a8bdbc99120482593f2a1bd67ae8ed553,1,,,image/jpeg,.jpg,IMG_E35AD05D-629D-4A25-BB0A-C70AAB7E0DF6.jpeg,IMG_E35AD05D-629D-4A25-BB0A-C70AAB7E0DF6.jpeg,1,69442610-bd18-8331-9681-b9eb0f676b76,Co-located multiplayer VR setup,2025-12-18T16:06:16.852620+00:00,high: export filename
file_00000000ea1471fd8643e2b23c802748.dat,file_00000000ea1471fd8643e2b23c802748(1).dat,yes,yes,1,594858,594858,yes,7851437e80cd285cb00d3c1f81de3b344be588fcfbef73c685ae3f5fc862ff68,1,,,image/jpeg,.jpg,IMG_DA0AE3D8-E8B7-4437-B52C-72D956F3537B.jpeg,IMG_DA0AE3D8-E8B7-4437-B52C-72D956F3537B.jpeg,1,6a09ae38-712c-83ea-a939-4eba9eeebc49,Removing MainSignalSearchDaemon,2026-05-17T12:03:06.068253+00:00,high: export filename
file_00000000eaa0722f826b4d27d014d1db.dat,file_00000000eaa0722f826b4d27d014d1db(1).dat,yes,yes,1,33692,33692,yes,b22e17d28098991d385eed877db32c777c002bf082adafc100bf66a199c408e0,1,,,image/png,.png,56a69d3a-0985-42fe-99a2-6d8016dbf797.png,56a69d3a-0985-42fe-99a2-6d8016dbf797.png,1,6980ce5f-9e70-8329-9b60-7c2cc2b795f9,Vocab Matching Tips,2026-02-02T16:19:28.133960+00:00,high: export filename
file_00000000ebb471fd8bad24a75ae7068b.dat,file_00000000ebb471fd8bad24a75ae7068b(1).dat,yes,yes,1,233877,233877,yes,4b8fef57f7d645f4c66818bd1818775e9e853681e4a399d83ab5a6c66ef5c2b6,1,,,image/png,.png,dfd27c6b-7cf4-4ed7-8c5b-896b22c8ea0f.png,dfd27c6b-7cf4-4ed7-8c5b-896b22c8ea0f.png,1,6980ce5f-9e70-8329-9b60-7c2cc2b795f9,Vocab Matching Tips,2026-02-02T16:19:28.133960+00:00,high: export filename
file_00000000ebe071f7b30f9c93af32e258.dat,file_00000000ebe071f7b30f9c93af32e258(1).dat,yes,yes,1,490253,490253,yes,fcbbd63f2349df4c6e37596babc24333e6818062d89bd5e6aeb3fe6c1d3da7d4,1,,,image/jpeg,.jpg,96DF78DF-4526-442C-98A9-BB30939365BB.jpeg,96DF78DF-4526-442C-98A9-BB30939365BB.jpeg,1,6939a6a2-e66c-8330-b3f7-2fc307bb27b8,Rewrite for attractiveness,2025-12-10T16:58:11.692884+00:00,high: export filename
file_00000000ec5871f693eab45ac42fee5e.dat,file_00000000ec5871f693eab45ac42fee5e(1).dat,yes,yes,1,1002654,1002654,yes,f51d68791cae0d9130841e8cc7211c157b65accb01b63e11acfc0342a13f3124,2,SHA-f51d68791cae,byte-identical content under different export paths,image/jpeg,.jpg,5C253DDD-4101-4E14-95EA-B267E44CC5C7.jpeg,5C253DDD-4101-4E14-95EA-B267E44CC5C7.jpeg,1,6a3f0c72-7948-83ea-961f-62c39dc065bb,Funny Meme Creation,2026-06-26T23:34:35.852680+00:00,high: export filename
file_00000000ef5871fd999c09c8340eb75b.dat,file_00000000ef5871fd999c09c8340eb75b.dat,yes,no,1,3626170,3626170,yes,d1ac3e17e9a4a4a0b25ca8f75a565b7e3d9ba7a8856d3e4fc0b460e71bd14538,1,,,image/jpeg,.jpg,IMG_DAEA8C08-1C2E-4CD9-B6E9-F0840F7F9E6C.jpeg,IMG_DAEA8C08-1C2E-4CD9-B6E9-F0840F7F9E6C.jpeg,1,69442610-bd18-8331-9681-b9eb0f676b76,Co-located multiplayer VR setup,2025-12-18T16:06:16.852620+00:00,high: export filename
file_00000000ef6871f59f74d07ac983f8a8.dat,file_00000000ef6871f59f74d07ac983f8a8.dat,yes,no,1,35118,35118,yes,be10033d6e7f6dd86c89341e144a2095be894ae246b6adc7bdd4438389d0985e,1,,,audio/x-wav,.wav,6939d6a0-c024-8333-bd11-7146ed4dfdba/audio/dd20f0f9-b508-4b20-92e4-702b6c7c06e8.wav,6939d6a0-c024-8333-bd11-7146ed4dfdba/audio/dd20f0f9-b508-4b20-92e4-702b6c7c06e8.wav,0,,,,high: export filename
file_00000000f01471f59de996b87c49d44a.dat,file_00000000f01471f59de996b87c49d44a.dat,yes,no,1,60420,60420,yes,b2ab28a365670a854187d390a7f5181041e3b7263c240ab286c23d6099e93c6f,1,,,image/png,.png,3a7f6d9f-ef4f-4587-b284-9264110ba9d8.png,3a7f6d9f-ef4f-4587-b284-9264110ba9d8.png,1,690e8f49-ef34-832a-9553-80c853478e25,Multicrew aircraft requirements,2025-11-08T00:31:52.294169+00:00,high: export filename
file_00000000f02c71f59bcfc17fc99439c6.dat,file_00000000f02c71f59bcfc17fc99439c6.dat,yes,no,1,613172,613172,yes,7df9327757e9b1a39859158a1b5662cebcebcfc7ab2b6fcdfa9325839b1be555,1,,,image/jpeg,.jpg,IMG_4AB6CBE5-2961-4546-BB62-DEB5466AF6C4.jpeg,IMG_4AB6CBE5-2961-4546-BB62-DEB5466AF6C4.jpeg,1,6a09ae38-712c-83ea-a939-4eba9eeebc49,Removing MainSignalSearchDaemon,2026-05-17T12:03:06.068253+00:00,high: export filename
file_00000000f14c71f58ee5e43a426c0f96.dat,file_00000000f14c71f58ee5e43a426c0f96.dat,yes,no,1,758484,758484,yes,dd0429d659ab0d62d34c238bc31fb81fd92df81ad08a383a2a3e3308763bd817,1,,,image/png,.png,IMG_1726.png,IMG_1726.png,1,69f08c02-b73c-83ea-89a9-a2c3569b04d5,Blueprint Poster Request,2026-04-28T10:29:36.032998+00:00,high: export filename
file_00000000f28461f59a369f42cbb5b1a1.dat,file_00000000f28461f59a369f42cbb5b1a1.dat,yes,no,1,44450,44450,yes,6f951a4aa8bdee7e524516eb23576489d04a87c847cb2acc2be21ba91fa09ec7,1,,,image/png,.png,7b74d54a-99e4-4fdb-bde0-33d491a88978.png,7b74d54a-99e4-4fdb-bde0-33d491a88978.png,1,68a88e80-cd38-8323-87fa-954b0cf4ee37,Rewrite for co-worker,2025-08-22T15:36:35.487435+00:00,high: export filename
file_00000000f2cc71f885fee4968a2f053d.dat,file_00000000f2cc71f885fee4968a2f053d.dat,yes,no,1,107564,107564,yes,898c64c103b4e1c955cc02221fc0f813dff41707df94114953aedf51882a5ded,1,,,image/png,.png,0800ae43-b8fb-4d9b-92f7-bafff3038def.png,0800ae43-b8fb-4d9b-92f7-bafff3038def.png,1,69626f72-c318-832c-832a-8bef6d20351f,Multiplayer VR Co-location,2026-01-10T15:30:37.848498+00:00,high: export filename
file_00000000f2f471fdaeff9ac1c45cba8d.dat,file_00000000f2f471fdaeff9ac1c45cba8d.dat,yes,no,1,38495,38495,yes,2dfc40c479acea3d8b4f83283c07a8f5851c9bcf866b2f8518fb8deeb1237e6a,1,,,image/png,.png,fb9f3ff4-1850-4502-a046-ebc1a2aa3ff8.png,fb9f3ff4-1850-4502-a046-ebc1a2aa3ff8.png,1,6980ce5f-9e70-8329-9b60-7c2cc2b795f9,Vocab Matching Tips,2026-02-02T16:19:28.133960+00:00,high: export filename
file_00000000f35471fdbca8fec2acfe6ae3.dat,file_00000000f35471fdbca8fec2acfe6ae3.dat,yes,no,1,71542,71542,yes,40b0ecea6088b3dec98a33badadc860fdb79cbd856195b51564a03d7833d1c61,1,,,image/png,.png,d871b22a-9844-4a7a-a539-53d2bb5c0924.png,d871b22a-9844-4a7a-a539-53d2bb5c0924.png,1,69626f72-c318-832c-832a-8bef6d20351f,Multiplayer VR Co-location,2026-01-10T15:30:37.848498+00:00,high: export filename
file_00000000f3b871fdb74938d5810f6d5e.dat,file_00000000f3b871fdb74938d5810f6d5e.dat,yes,no,1,23964,23964,yes,7c578517caa4f2b7678da0ca5244e5baf2e5b8c67cfdb81bee6778c1a515af08,1,,,image/png,.png,93e25717-967b-43bc-820d-115d98f4c57d.png,93e25717-967b-43bc-820d-115d98f4c57d.png,1,69442610-bd18-8331-9681-b9eb0f676b76,Co-located multiplayer VR setup,2025-12-18T16:06:16.852620+00:00,high: export filename
file_00000000f40c71f78aaa4b48b74b7c45.dat,file_00000000f40c71f78aaa4b48b74b7c45.dat,yes,no,1,3450032,3450032,yes,d0daf8504d76c9763420354978413ee0a4735f15a5af2cf644a25945d990d773,1,,,image/jpeg,.jpg,IMG_DC0A6079-EA6C-405D-86A9-62F44F4C532D.jpeg,IMG_DC0A6079-EA6C-405D-86A9-62F44F4C532D.jpeg,1,6980ce5f-9e70-8329-9b60-7c2cc2b795f9,Vocab Matching Tips,2026-02-02T16:19:28.133960+00:00,high: export filename
file_00000000f474722fb89ecedd62773f38.dat,file_00000000f474722fb89ecedd62773f38.dat,yes,no,1,609572,609572,yes,dad58283964b40e0364cc099b17bd8c5029fca8ef39a97e5e36e204b0a32dab0,1,,,image/jpeg,.jpg,69A52455-1847-475A-B359-5733744A22BE.jpeg,69A52455-1847-475A-B359-5733744A22BE.jpeg,2,6a49040d-ebc4-83ea-aea3-89cc4b632c7f,Branch · WeaselNet Logo Concepts,2026-07-04T13:01:04.582855+00:00,high: export filename
file_00000000f504722fb10b66af9c5b51f6.dat,file_00000000f504722fb10b66af9c5b51f6.dat,yes,no,1,1808296,1808296,yes,170ded9fbd3bf6ed8b69a2abf7ef94a2212f3671c21e83299572b2272c22cf03,1,,,image/jpeg,.jpg,42248CAB-2E6B-4949-B73A-F9F7E4C6D511.jpeg,42248CAB-2E6B-4949-B73A-F9F7E4C6D511.jpeg,1,6939a6a2-e66c-8330-b3f7-2fc307bb27b8,Rewrite for attractiveness,2025-12-10T16:58:11.692884+00:00,high: export filename
file_00000000f52471f59d0194ae39e464f0.dat,file_00000000f52471f59d0194ae39e464f0.dat,yes,no,1,1388502,1388502,yes,a5eb2db6ee68075fc9bdaf0482b50a7cde156dce746bb2bdec2b2c9c8de9b8fb,1,,,image/png,.png,9b56ce5d-41d5-41f0-ad01-9a41708c956e.png,9b56ce5d-41d5-41f0-ad01-9a41708c956e.png,1,698e10c8-0968-8333-8083-3ad9651e1dc7,VR Date Space Design,2026-02-12T17:41:48.582351+00:00,high: export filename
file_00000000f6a071f5b5eef5c74073fd29.dat,file_00000000f6a071f5b5eef5c74073fd29.dat,yes,no,1,300187,300187,yes,af20579aed06f159a9a695b33e272f092724a2d614e1c91a176d30de96ec1c26,1,,,image/jpeg,.jpg,7465F9D2-FDA1-42A9-8B20-CC718A6C29E8.jpeg,7465F9D2-FDA1-42A9-8B20-CC718A6C29E8.jpeg,5,6939d6a0-c024-8333-bd11-7146ed4dfdba,Creative writing options,2025-12-10T20:22:57.434814+00:00,high: export filename
file_00000000f6d871f589d50bf00968aa63.dat,file_00000000f6d871f589d50bf00968aa63.dat,yes,no,1,56604,56604,yes,13d4266449a593a45390ca48bf67982fff4282444c2c4a469ca07ecd0f34283d,1,,,image/png,.png,7594719c-6988-4b7b-95fe-4aead357f255.png,7594719c-6988-4b7b-95fe-4aead357f255.png,1,69626f72-c318-832c-832a-8bef6d20351f,Multiplayer VR Co-location,2026-01-10T15:30:37.848498+00:00,high: export filename
file_00000000f70871f88efe94f9b090f48f.dat,file_00000000f70871f88efe94f9b090f48f.dat,yes,no,1,372727,372727,yes,9b636646d1de5841b28e6fd779fea53130b85453acbfa1148471462411affea2,1,,,image/png,.png,ffee8a50-dab7-431b-97b4-af0c2e43ffd2.png,ffee8a50-dab7-431b-97b4-af0c2e43ffd2.png,1,69626f72-c318-832c-832a-8bef6d20351f,Multiplayer VR Co-location,2026-01-10T15:30:37.848498+00:00,high: export filename
file_00000000f75471fd92ee9633383e40f2.dat,file_00000000f75471fd92ee9633383e40f2.dat,yes,no,1,131425,131425,yes,2de918ce55ea285d793b97cdc08b6943ed79166d6d88b65175cde09c03b163a7,1,,,image/png,.png,cf47699a-9fcc-48c6-895d-0c170ac59115.png,cf47699a-9fcc-48c6-895d-0c170ac59115.png,1,69f73d73-effc-83ea-9a0a-66ef88926ef7,Remote Project Setup,2026-05-03T12:25:52.920883+00:00,high: export filename
file_00000000f888722fb0d8ce45e0d6d0f0.dat,file_00000000f888722fb0d8ce45e0d6d0f0.dat,yes,no,1,3837020,3837020,yes,83837ce842ee8390b0210eb68944c15a3ad2c7b85f102cca8f242a0f844a9de4,1,,,image/jpeg,.jpg,IMG_4ED2A2EB-ADAE-4C10-ACE4-88A94EFF5704.jpeg,IMG_4ED2A2EB-ADAE-4C10-ACE4-88A94EFF5704.jpeg,1,690e8f49-ef34-832a-9553-80c853478e25,Multicrew aircraft requirements,2025-11-08T00:31:52.294169+00:00,high: export filename
file_00000000f994722f88046e03fc2c4fd9.dat,file_00000000f994722f88046e03fc2c4fd9.dat,yes,no,1,480286,480286,yes,6f2cb17234ab5e96a4e9ab5076b84e22231f977c623aea8754d492ad1c579b9c,1,,,image/png,.png,3b92a628-79f2-448e-a693-796768cfb1fd.png,3b92a628-79f2-448e-a693-796768cfb1fd.png,1,698e10c8-0968-8333-8083-3ad9651e1dc7,VR Date Space Design,2026-02-12T17:41:48.582351+00:00,high: export filename
file_00000000fa30722f94adcb5a1169ffd4.dat,file_00000000fa30722f94adcb5a1169ffd4.dat,yes,no,1,164594,164594,yes,0277f3e64c8b5e756548340bfed0ec8c51b74d6834bb5c192ead0df90e7cccc9,1,,,image/jpeg,.jpg,C765965E-FDC4-4DC5-BF96-3E0AD0BFC40A.jpeg,C765965E-FDC4-4DC5-BF96-3E0AD0BFC40A.jpeg,2,6a40723b-6c48-83ea-b725-1c7fa9f058a5,Branch · WeaselNet Logo Concepts,2026-06-28T01:00:45.608746+00:00,high: export filename
file_00000000fa64720c860d1a2f9c6ebab2.dat,file_00000000fa64720c860d1a2f9c6ebab2.dat,yes,no,1,24831,24831,yes,a18a9c3d1225539db39f7516bac2546451bdddb7209cb8310dc86b886b841e74,1,,,image/png,.png,cc814575-9596-473b-bdad-9cfb3bddc443.png,cc814575-9596-473b-bdad-9cfb3bddc443.png,1,6a4fa243-7eec-83ea-ae1b-5d4e580b93d9,Mid-year review assistance,2026-07-09T13:29:40.404876+00:00,high: export filename
file_00000000faa071f5ab92edced0b1e4ec.dat,file_00000000faa071f5ab92edced0b1e4ec.dat,yes,no,1,134766,134766,yes,f37d3f5ea43fd863213247707ac1f37f42b577b139ddca9f46cf168c80a60863,1,,,image/png,.png,f8f169e4-0fb3-4c11-a4f1-adb5956e3e79.png,f8f169e4-0fb3-4c11-a4f1-adb5956e3e79.png,1,69442610-bd18-8331-9681-b9eb0f676b76,Co-located multiplayer VR setup,2025-12-18T16:06:16.852620+00:00,high: export filename
file_00000000fab871f58005ab6228724ed2.dat,file_00000000fab871f58005ab6228724ed2.dat,yes,no,1,675990,675990,yes,2e937919cc590577224298052619ca7661646ab94f3c71575840faeaa198d7d7,1,,,image/png,.png,bf869b3b-e6dc-4866-a9d4-a3886a654acd.png,bf869b3b-e6dc-4866-a9d4-a3886a654acd.png,5,6939d6a0-c024-8333-bd11-7146ed4dfdba,Creative writing options,2025-12-10T20:22:57.434814+00:00,high: export filename
file_00000000fb7c71fd8367421c378a7f9c.dat,file_00000000fb7c71fd8367421c378a7f9c.dat,yes,no,1,55277,55277,yes,aba37146b292f02e46a75dc6c21489a3d66860d99d759583d63bdfe60cc391a1,1,,,image/png,.png,89b77d49-08e6-4c6e-b35d-3c06b9150a42.png,89b77d49-08e6-4c6e-b35d-3c06b9150a42.png,1,69626f72-c318-832c-832a-8bef6d20351f,Multiplayer VR Co-location,2026-01-10T15:30:37.848498+00:00,high: export filename
file_00000000fb8471f58eb6af0b7ee47d3b.dat,file_00000000fb8471f58eb6af0b7ee47d3b.dat,yes,no,1,68914,68914,yes,270bc0ddcbfdced80d4c9e0f5de9f7e8a243a32ef9ceeea7c675a78f3648c72b,1,,,image/png,.png,19f35211-e920-4721-a67d-d9c82d4fede5.png,19f35211-e920-4721-a67d-d9c82d4fede5.png,1,6967ac49-6518-8331-b66e-78e18a0474d2,One-shot Miner Configuration,2026-01-14T14:48:08.210155+00:00,high: export filename
file_00000000fc207209a031207c90cf2b76.dat,file_00000000fc207209a031207c90cf2b76.dat,yes,no,1,778664,778664,yes,72e12a2d33427904fff877eee6857c9a7cb96114e5b9c2d31231ba44e171ba9c,1,,,image/jpeg,.jpg,B7F25104-6FF7-4ABC-97A5-2E7FB3EA7A0E.jpeg,B7F25104-6FF7-4ABC-97A5-2E7FB3EA7A0E.jpeg,1,68811b62-862c-800e-b14f-2b3d23187b9c,LW_Breakdown,2025-07-23T17:26:59.072900+00:00,high: export filename
file_00000000fc68722f94e584f244a0a0a5.dat,file_00000000fc68722f94e584f244a0a0a5.dat,yes,no,1,578781,578781,yes,8ad99e10bcc32a7b81ae6c3898303837b42b3b15a9da0b348458ef4c8bde8847,2,SHA-8ad99e10bcc3,byte-identical content under different export paths,image/jpeg,.jpg,C9FAD104-BCFE-4B71-8D86-B4257E1478A4.jpeg,C9FAD104-BCFE-4B71-8D86-B4257E1478A4.jpeg,5,6939d6a0-c024-8333-bd11-7146ed4dfdba,Creative writing options,2025-12-10T20:22:57.434814+00:00,high: export filename
file_00000000fc6c71f58b2f5ddf80551766.dat,file_00000000fc6c71f58b2f5ddf80551766.dat,yes,no,1,3532672,3532672,yes,d45f8e454ef720e4c13e3ed226abb939b45495565a70042975a89971ed1ebf79,1,,,image/jpeg,.jpg,IMG_D605F093-AEC0-4B98-B8B7-DA578480E9B6.jpeg,IMG_D605F093-AEC0-4B98-B8B7-DA578480E9B6.jpeg,1,690e8f49-ef34-832a-9553-80c853478e25,Multicrew aircraft requirements,2025-11-08T00:31:52.294169+00:00,high: export filename
file_00000000fd3871f58f457270a053d654.dat,file_00000000fd3871f58f457270a053d654.dat,yes,no,1,233360,233360,yes,fb4ed7f85fb857df1440f13fe365b5afdff06a639317387f34f900812ea97914,2,SHA-fb4ed7f85fb8,byte-identical content under different export paths,image/jpeg,.jpg,C0D15822-C978-457A-ABAC-64CB7681D80F.jpeg,C0D15822-C978-457A-ABAC-64CB7681D80F.jpeg,1,6939a6a2-e66c-8330-b3f7-2fc307bb27b8,Rewrite for attractiveness,2025-12-10T16:58:11.692884+00:00,high: export filename
file_00000000fd8071fdb21094b5bce3e6d4.dat,file_00000000fd8071fdb21094b5bce3e6d4.dat,yes,no,1,2917694,2917694,yes,a43e9b5fe7f41f45f0500a12a5ca5debbb4cb24b40f81b33bc48770291e3ce7c,1,,,image/jpeg,.jpg,37D6DDE1-F3B9-4E54-B636-B71101667C96.jpeg,37D6DDE1-F3B9-4E54-B636-B71101667C96.jpeg,1,69989a27-c410-832d-8365-ff9d051e3955,Serial and Model Extraction,2026-02-20T17:31:51.107261+00:00,high: export filename
file_00000000fd98720c8a02ee655eba1c91.dat,file_00000000fd98720c8a02ee655eba1c91.dat,yes,no,1,901870,901870,yes,8516ee39fedc34a77425a13fe43bd32b8699ccf2cfcb1a7f999f81e89adeeafd,1,,,application/octet-stream,.bin,monitor-hub-p12.CSV,monitor-hub-p12.CSV,1,6a4e7195-9898-83ea-bea4-3da580c1116a,Performance Testing Tools,2026-07-08T15:52:11.251649+00:00,high: export filename
file_00000000fdd871f58a0e2829cc378cff.dat,file_00000000fdd871f58a0e2829cc378cff.dat,yes,no,1,3488368,3488368,yes,65a8f29e4c4cb2db79447a9290c055c2035f387b430670fe30581581a18decc1,1,,,image/jpeg,.jpg,IMG_EDB9CC52-E1BD-4F7D-847B-D74E08400B29.jpeg,IMG_EDB9CC52-E1BD-4F7D-847B-D74E08400B29.jpeg,1,690e8f49-ef34-832a-9553-80c853478e25,Multicrew aircraft requirements,2025-11-08T00:31:52.294169+00:00,high: export filename
file_00000000ff28722f92f3cc30ddde559a.dat,file_00000000ff28722f92f3cc30ddde559a.dat,yes,no,1,27251,27251,yes,9cb1e21aba81a765c86eaabbd9f18f094b5b578a45ac213ca315c1fe3365b7b2,1,,,image/png,.png,14972e6c-2c73-4b5a-aeee-166e034a2251.png,14972e6c-2c73-4b5a-aeee-166e034a2251.png,1,6980ce5f-9e70-8329-9b60-7c2cc2b795f9,Vocab Matching Tips,2026-02-02T16:19:28.133960+00:00,high: export filename
file_00000000ff6871f88bb7a6f5e67db336.dat,file_00000000ff6871f88bb7a6f5e67db336.dat,yes,no,1,1541207,1541207,yes,3168226ebcdc015b948af403c810ee04b3f422542d366fe26389db18fdea7245,1,,,image/png,.png,837d2609-c3e7-47ab-a767-d45ae50c6383.png,837d2609-c3e7-47ab-a767-d45ae50c6383.png,1,698e10c8-0968-8333-8083-3ad9651e1dc7,VR Date Space Design,2026-02-12T17:41:48.582351+00:00,high: export filename
file_00000000ff90722fb64c4e51bbdf3e2f.dat,file_00000000ff90722fb64c4e51bbdf3e2f.dat,yes,no,1,793971,793971,yes,144bed715f81eb5a8bc0989a307d3764d361ae51bc18745668559d366ea4d6b1,1,,,image/jpeg,.jpg,AFFE40BD-D68A-443B-87AF-0B149027DC36.jpeg,AFFE40BD-D68A-443B-87AF-0B149027DC36.jpeg,5,6939d6a0-c024-8333-bd11-7146ed4dfdba,Creative writing options,2025-12-10T20:22:57.434814+00:00,high: export filename
