conversation_id,conversation_title,conversation_create_time,message_id,message_create_time,message_role,asset_id,export_path,original_name,reported_mime_type,reported_size_bytes,reference_source,source_chunk
0351c684-c504-40c1-b542-c6fff020745d,Scientist Illustration in Pixar Style,2024-01-31T12:34:17.052997+00:00,4530c01e-ca3f-4570-9042-9e7f34e7ba6e,2024-01-31T12:34:17.054001+00:00,user,file-0TqL1xx7D3iFN3jo3bKR5E9b,file-0TqL1xx7D3iFN3jo3bKR5E9b.dat,IMG_6906.jpeg,,496762,message_attachment,conversations-000(2).json
0e3a2fd4-7848-4081-9577-94038a4c259f,New chat,2024-03-01T18:09:35.603726+00:00,aaa241f6-362c-4cb2-a109-ae9ceb346d21,2024-03-01T18:09:35.604225+00:00,user,file-8XIR24v4vAiyVEgcs8vNYpHM,file-8XIR24v4vAiyVEgcs8vNYpHM.dat,image.png,image/png,360616,message_attachment,conversations-000(2).json
1831e4ea-12ad-4889-95f6-6e9ddee87d74,Fuzzywuzzy Ninja Fun!,2024-04-27T20:34:22.296343+00:00,1cd87640-f3eb-48b2-8ec0-15d73c7e755b,2024-04-27T20:34:22.298118+00:00,user,file-dtH1HKqo8PBDIm6ya8DAkoqv,file-dtH1HKqo8PBDIm6ya8DAkoqv.dat,2EA3C311-4163-4254-8828-DDF4F5C6B245.jpeg,,892724,message_attachment,conversations-000(2).json
1e9edd19-8a9e-4924-8147-754297c0583f,Jaguar Tattoo Sleeve Design,2024-01-22T22:11:24.474970+00:00,e7ba23dc-207d-4c8f-9855-dc786c16d806,2024-01-22T22:11:24.476082+00:00,user,file-G4VDglT0KSlfyb5aSyADChQK,file-G4VDglT0KSlfyb5aSyADChQK.dat,IMG_6637.jpeg,,195458,message_attachment,conversations-000(2).json
2b10f6bb-6cfe-4b97-9441-7cbe22f93eed,QR Modifikasi Kreatif,2024-02-09T19:38:19.680172+00:00,aaa2467e-74c7-4a27-b938-d21943fe797e,2024-02-09T19:39:00.603002+00:00,user,file-UQ7vXHL0nK4RaKo6gLExkVcL,file-UQ7vXHL0nK4RaKo6gLExkVcL.dat,image.png,image/png,3356,message_attachment,conversations-000(2).json
30af80f8-9dc5-4205-b5bb-e4796445a230,Innovative software engineer persona.,2024-02-20T21:25:09.686810+00:00,2133ef3e-5ac3-44e4-8ed5-aa1b97d7bcf1,2024-02-20T21:25:41.093690+00:00,user,file-8uDTuTjAQdPGMQSsYUUvuE1m,file-8uDTuTjAQdPGMQSsYUUvuE1m.dat,IMG_6434.jpeg,,189272,message_attachment,conversations-000(2).json
4062e249-2d65-468e-87d6-66bd6878be68,Spruce Up Resume: Software Tester,2023-11-17T01:18:26.829710+00:00,aaa2debd-e17f-4e60-962a-c327b25c91f0,2023-11-17T01:18:26.831627+00:00,user,file-2pQwqn5TQB04MPgw74yhmoP5,file-2pQwqn5TQB04MPgw74yhmoP5.dat,JoshuaMorel_Resume_.pdf,application/pdf,98610,message_attachment,conversations-000(2).json
49b21ca0-7ed1-480e-8d3c-a297f2a04e2a,Jungle Jaguar Tattoo Variants,2024-01-20T11:45:38.270076+00:00,252a775a-3987-44cd-b4fd-103ae9ce0647,2024-01-22T00:33:59.530385+00:00,user,file-YsoNwo5vtKruubsdtbL72AK8,file-YsoNwo5vtKruubsdtbL72AK8.dat,IMG_6807.jpeg,,977645,message_attachment,conversations-000(2).json
49b21ca0-7ed1-480e-8d3c-a297f2a04e2a,Jungle Jaguar Tattoo Variants,2024-01-20T11:45:38.270076+00:00,252a775a-3987-44cd-b4fd-103ae9ce0647,2024-01-22T00:33:59.530385+00:00,user,file-huuQFO6xG4zbrtbH0Zkyder5,file-huuQFO6xG4zbrtbH0Zkyder5.dat,IMG_6815.jpeg,,735792,message_attachment,conversations-000(2).json
49b21ca0-7ed1-480e-8d3c-a297f2a04e2a,Jungle Jaguar Tattoo Variants,2024-01-20T11:45:38.270076+00:00,252a775a-3987-44cd-b4fd-103ae9ce0647,2024-01-22T00:33:59.530385+00:00,user,file-hLRB8z5ECT7rw7kDqOKEtrb9,file-hLRB8z5ECT7rw7kDqOKEtrb9.dat,IMG_6813.jpeg,,501410,message_attachment,conversations-000(2).json
49b21ca0-7ed1-480e-8d3c-a297f2a04e2a,Jungle Jaguar Tattoo Variants,2024-01-20T11:45:38.270076+00:00,252a775a-3987-44cd-b4fd-103ae9ce0647,2024-01-22T00:33:59.530385+00:00,user,file-vbNERVowPsKw4BTPQHJ0P9NH,file-vbNERVowPsKw4BTPQHJ0P9NH.dat,IMG_6812.jpeg,,307915,message_attachment,conversations-000(2).json
49b21ca0-7ed1-480e-8d3c-a297f2a04e2a,Jungle Jaguar Tattoo Variants,2024-01-20T11:45:38.270076+00:00,aaa2a311-68a7-45d2-99fd-9f3fc3ba7e0b,2024-01-25T13:33:14.329933+00:00,user,file-mmDl33rirR11cblrdaxThctj,file-mmDl33rirR11cblrdaxThctj.dat,image.png,image/png,3316705,message_attachment,conversations-000(2).json
4bddb3a0-39cd-44b0-b26e-6eadd24f5e13,ToggleButton DataTemplate Creation,2024-03-05T13:19:27.032561+00:00,aaa2fc57-d82a-4894-a358-46ddddd7f15c,2024-03-05T13:21:42.047516+00:00,user,file-BxmPYCeqJfCOpnsIc9pn5Gtk,file-BxmPYCeqJfCOpnsIc9pn5Gtk.dat,Capture.PNG,image/png,3251,message_attachment,conversations-000(2).json
509385a6-6396-4dc5-b2a0-4b48e175402f,Create 3D model chair,2024-03-01T17:57:13.535151+00:00,aaa241f6-362c-4cb2-a109-ae9ceb346d21,2024-03-01T17:57:13.535651+00:00,user,file-8XIR24v4vAiyVEgcs8vNYpHM,file-8XIR24v4vAiyVEgcs8vNYpHM.dat,image.png,image/png,360616,message_attachment,conversations-000(2).json
5578e157-029c-800e-8843-bdd843889c48,Workspace equipment description,2026-07-10T22:06:37.964836+00:00,1a8a62c7-1bcf-94a8-10b8-a1ef1f5f9257,2026-07-10T22:05:23.444366+00:00,user,file-UhuPQ858hmM5DSUSwSZfL4,file-UhuPQ858hmM5DSUSwSZfL4.dat,untitled.jpg,image/jpeg,168372,message_attachment,conversations-000(2).json
5578e157-029c-800e-8843-bdd843889c48,Workspace equipment description,2026-07-10T22:06:37.964836+00:00,4d8c541c-717d-14ea-24e6-eb8884074f60,2026-07-10T22:05:41.301727+00:00,user,file-LM1CjXHMfghrgxeHSNe2Bc,file-LM1CjXHMfghrgxeHSNe2Bc.dat,untitled.jpg,image/jpeg,177993,message_attachment,conversations-000(2).json
570452c3-91ab-4018-9330-0ba19cf4c760,Resume Review & Corrections,2024-05-24T15:46:54.821171+00:00,aaa25a00-e035-4af7-bc50-17402aa2971b,2024-05-24T15:46:54.823147+00:00,user,file-C7AqZYXGWxgg5ppJJXqQl8Ep,file-C7AqZYXGWxgg5ppJJXqQl8Ep.dat,Josh_MorelCoverLetter andResume.pdf,application/pdf,92843,message_attachment,conversations-000(2).json
5e72c5e8-2852-426f-98c2-c14350a11be8,Create 3D model chair.,2024-03-01T18:09:42.687071+00:00,aaa241f6-362c-4cb2-a109-ae9ceb346d21,2024-03-01T18:09:42.687832+00:00,user,file-8XIR24v4vAiyVEgcs8vNYpHM,file-8XIR24v4vAiyVEgcs8vNYpHM.dat,image.png,image/png,360616,message_attachment,conversations-000(2).json
65f9ec24-6661-4ebb-b09a-647e9af3c588,Custom Switch Control Creation,2024-03-01T19:08:27.943377+00:00,aaa28260-3aa3-4ed9-b2b1-7460e74b154c,2024-03-01T19:08:27.943857+00:00,user,file-zV17rPImOYH62WUaohdENexX,file-zV17rPImOYH62WUaohdENexX.dat,image.png,image/png,21780,message_attachment,conversations-001(2).json
68039108-c204-800e-a9df-2a8b1dbf4616,Tattoo design request,2025-04-19T12:03:20.878012+00:00,60f92118-da02-45f5-89f7-c88d703f1a6e,2025-04-19T12:03:20.291531+00:00,user,file-65k2Y3jFNuBJUz59QNfXX4,file-65k2Y3jFNuBJUz59QNfXX4.dat,87DBEEC9-CDB1-42C6-B934-C97885231775.png,,440809,message_attachment,conversations-001(2).json
6822376e-2500-800e-ad90-f216d8a18cb9,Test Case Rewrite Assistance,2025-05-12T18:01:18.384764+00:00,0bb1e927-5d13-4508-a5ac-621d13870dab,2025-05-12T18:03:56.701000+00:00,user,file-7empuqdp2FWaR7C3QEnNFm,file-7empuqdp2FWaR7C3QEnNFm.dat,Testcase GPS_SDVP.docx,application/vnd.openxmlformats-officedocument.wordprocessingml.document,15395,message_attachment,conversations-001(2).json
682c9c4b-f6ac-800e-8829-531c8a594def,Orthanc DICOM Port Conflict,2025-05-20T15:14:20.214227+00:00,12b104cb-e7f2-4fcc-a5db-58ad8d2cc5ca,2025-05-20T15:27:44.445000+00:00,user,file-4LEi8SKWSZ3CkkKHqKBsXv,file-4LEi8SKWSZ3CkkKHqKBsXv.dat,orthanc.json,application/json,48657,message_attachment,conversations-001(2).json
682c9c4b-f6ac-800e-8829-531c8a594def,Orthanc DICOM Port Conflict,2025-05-20T15:14:20.214227+00:00,d04e7915-0d1e-49bf-92a3-202c7c5c079f,2025-05-22T12:32:57.558000+00:00,user,file-2oWtkXat8SnnhR7N4GVaLi,file-2oWtkXat8SnnhR7N4GVaLi.dat,76e035e8-1098-4ed0-8119-944c00ca4b9b.json,application/json,912,message_attachment,conversations-001(2).json
68418b82-3280-800e-8579-d4f00ed39061,Test Case Merging Help,2025-06-05T12:20:18.531454+00:00,a94ff14f-82bc-41a1-9be8-ace457538674,2025-06-05T12:21:54.525000+00:00,user,file-9f55t8mt1ouAC4vXPHWLJJ,file-9f55t8mt1ouAC4vXPHWLJJ.dat,testcases.xlsx,application/vnd.openxmlformats-officedocument.spreadsheetml.sheet,9956,message_attachment,conversations-001(2).json
6841ab93-3a28-800e-8cef-f1e8026d3392,Document Edit Request,2025-06-05T14:37:07.549245+00:00,ce2406dc-cbaa-4ed7-ad66-791eb6d5b5da,2025-06-05T14:37:07.078000+00:00,user,file-G8n5igpFKn6gESZw2Fo24N,file-G8n5igpFKn6gESZw2Fo24N.dat,DHF254.002 Rev 1 - Deployment Software Design Requirements-v81-20250603_142234.pdf,application/pdf,2123977,message_attachment,conversations-001(2).json
6841b01c-0700-800e-bac8-1eba62322279,Disk Space Alert Test,2025-06-05T14:56:28.487988+00:00,c58d05c9-44d0-4828-a182-5c43f3b0ccb4,2025-06-05T14:58:04.077000+00:00,user,file-4TPRoynECURGECv8DKevDB,file-4TPRoynECURGECv8DKevDB.dat,cf0c358d-e5a3-4978-a9eb-42e23e8da958.bat,,91,message_attachment,conversations-001(2).json
6846d897-cde8-800e-86c7-aefd50ba11c4,CT scan radiation exposure,2025-06-09T12:50:32.177944+00:00,1b19a949-699e-434a-817b-af82fab1803a,2025-06-09T12:55:28.064000+00:00,user,file-LcBWsu2sHrvqQ3oML2RmkG,file-LcBWsu2sHrvqQ3oML2RmkG.dat,2fa0cedb-b932-45c2-acef-9b81929fabe4.png,image/png,29699,message_attachment,conversations-001(2).json
6846d897-cde8-800e-86c7-aefd50ba11c4,CT scan radiation exposure,2025-06-09T12:50:32.177944+00:00,1ede1542-fce8-43a6-af28-aa8a85f8dc85,2025-06-09T12:58:01.625000+00:00,user,file-3gZjiFc3CWmh5Wahp3aCLM,file-3gZjiFc3CWmh5Wahp3aCLM.dat,926aff9f-b3d4-4f56-95bc-5b3d900f0ee6.png,image/png,25928,message_attachment,conversations-001(2).json
6846d897-cde8-800e-86c7-aefd50ba11c4,CT scan radiation exposure,2025-06-09T12:50:32.177944+00:00,2bb8dd15-7faa-40b6-8df9-bd31a6ec844d,2025-06-09T12:56:31.842000+00:00,user,file-76SWUjcLUMqetBonoePqS3,file-76SWUjcLUMqetBonoePqS3.dat,9339d568-8e9e-4cb3-8471-1dde2a78353c.png,image/png,19921,message_attachment,conversations-001(2).json
6846d897-cde8-800e-86c7-aefd50ba11c4,CT scan radiation exposure,2025-06-09T12:50:32.177944+00:00,43bae63f-829b-4e61-ad82-7f8209799f9a,2025-06-09T12:57:31.432000+00:00,user,file-A3r8iC4M62TKwMc5NNagWp,file-A3r8iC4M62TKwMc5NNagWp.dat,844fa03b-5e4d-4b01-a890-eb79b7176625.png,image/png,19340,message_attachment,conversations-001(2).json
6846d897-cde8-800e-86c7-aefd50ba11c4,CT scan radiation exposure,2025-06-09T12:50:32.177944+00:00,4b411ade-0a88-4d74-bf60-ce3b530c10c3,2025-06-09T12:55:04.577000+00:00,user,file-L3KEndyqF9QDqfkbLR2ex8,file-L3KEndyqF9QDqfkbLR2ex8.dat,4eb563aa-90ad-494a-b9dc-977f471204e2.png,image/png,13481,message_attachment,conversations-001(2).json
6846d897-cde8-800e-86c7-aefd50ba11c4,CT scan radiation exposure,2025-06-09T12:50:32.177944+00:00,5075b36c-bc76-4340-ba23-4344df3baf20,2025-06-09T12:53:06.047000+00:00,user,file-NPNndQGRX1Uji1ymx4B8gn,file-NPNndQGRX1Uji1ymx4B8gn.dat,0fbce931-c429-4e3d-8d60-fe836129ad36.png,image/png,21623,message_attachment,conversations-001(2).json
6846d897-cde8-800e-86c7-aefd50ba11c4,CT scan radiation exposure,2025-06-09T12:50:32.177944+00:00,64790684-ee29-4c3d-9d62-fed98a8cdfca,2025-06-09T12:53:45.544000+00:00,user,file-QGbBN3ytht1F2C8dcPhcMd,file-QGbBN3ytht1F2C8dcPhcMd.dat,a5114176-fc90-41c0-a4c3-3801b851e153.png,image/png,14621,message_attachment,conversations-001(2).json
6846d897-cde8-800e-86c7-aefd50ba11c4,CT scan radiation exposure,2025-06-09T12:50:32.177944+00:00,73c18688-8663-4c0c-871b-0c2fd936837f,2025-06-09T12:57:00.527000+00:00,user,file-J1mnZ1PGPeXKE9zcyswmNj,file-J1mnZ1PGPeXKE9zcyswmNj.dat,5246bf81-fd7a-444f-8adf-9cca0b519a09.png,image/png,27518,message_attachment,conversations-001(2).json
6846d897-cde8-800e-86c7-aefd50ba11c4,CT scan radiation exposure,2025-06-09T12:50:32.177944+00:00,749fe347-510d-4815-a282-6ac08eadab9f,2025-06-09T12:50:58.599000+00:00,user,file-64AUr178spdKCiZHXq3pUr,file-64AUr178spdKCiZHXq3pUr.dat,6eb63bd9-de86-418b-948a-ea682997b8ee.png,image/png,23339,message_attachment,conversations-001(2).json
6846d897-cde8-800e-86c7-aefd50ba11c4,CT scan radiation exposure,2025-06-09T12:50:32.177944+00:00,b01af66a-e107-47eb-ba68-f5c5e44c3262,2025-06-09T12:52:45.095000+00:00,user,file-RP3DGiVvufxWf1wckySTcK,file-RP3DGiVvufxWf1wckySTcK.dat,4f0dfde3-c343-4fdd-a704-0b12e3fbfb64.png,image/png,18278,message_attachment,conversations-001(2).json
6846d897-cde8-800e-86c7-aefd50ba11c4,CT scan radiation exposure,2025-06-09T12:50:32.177944+00:00,b54ffb4e-bae9-4c95-a570-0b5652ed042e,2025-06-09T12:54:20.648000+00:00,user,file-LAkBqcm1iixis2UV9FAhhD,file-LAkBqcm1iixis2UV9FAhhD.dat,da06345f-237c-449a-a41c-aa1a3bf78730.png,image/png,17270,message_attachment,conversations-001(2).json
6846d897-cde8-800e-86c7-aefd50ba11c4,CT scan radiation exposure,2025-06-09T12:50:32.177944+00:00,cbf6fde7-9865-4627-a2eb-dca71e9e3954,2025-06-09T12:50:31.520000+00:00,user,file-5KfhME8jy5VX1xzK9bGujK,file-5KfhME8jy5VX1xzK9bGujK.dat,cb7aad94-7aa5-4a53-82ee-e787d66631b9.png,image/png,16346,message_attachment,conversations-001(2).json
685ab8cf-43b8-800e-8a4e-503bd771e93c,Fire Extinguisher Types A and C,2025-06-24T14:40:15.434178+00:00,2fc569e9-6c43-4fc3-b7f6-068e5331b599,2025-06-24T14:40:15.104000+00:00,user,file-4GoZYQVVNr8J7D5Fakvytt,file-4GoZYQVVNr8J7D5Fakvytt.dat,abe30eb0-8258-493d-98a0-fee1b9fbb7c2.png,image/png,167809,message_attachment,conversations-001(2).json
685ab8cf-43b8-800e-8a4e-503bd771e93c,Fire Extinguisher Types A and C,2025-06-24T14:40:15.434178+00:00,71571962-6610-48d2-8d30-79164a6dce1e,2025-06-24T14:43:00.430000+00:00,user,file-3b34fQv2mDdUFpNaBhtk6z,file-3b34fQv2mDdUFpNaBhtk6z.dat,5a7bf7b9-3c7e-4007-9ad1-1a6468767233.png,image/png,162265,message_attachment,conversations-001(2).json
685ab8cf-43b8-800e-8a4e-503bd771e93c,Fire Extinguisher Types A and C,2025-06-24T14:40:15.434178+00:00,74538e0e-5b84-41d5-95bc-e9de26541b2f,2025-06-24T14:40:43.719000+00:00,user,file-DD6h5hNzNPBkiGBhaVfpak,file-DD6h5hNzNPBkiGBhaVfpak.dat,7d5e6306-8f11-43ef-98e2-406397487b2f.png,image/png,165660,message_attachment,conversations-001(2).json
685ab8cf-43b8-800e-8a4e-503bd771e93c,Fire Extinguisher Types A and C,2025-06-24T14:40:15.434178+00:00,7efac575-111e-4895-969c-d61e196d7a4b,2025-06-24T14:45:56.344000+00:00,user,file-84a1maDJkEvxVgvPtZy9EP,file-84a1maDJkEvxVgvPtZy9EP.dat,c9a19ad8-3598-49ef-b487-284842980e85.png,image/png,102025,message_attachment,conversations-001(2).json
685ab8cf-43b8-800e-8a4e-503bd771e93c,Fire Extinguisher Types A and C,2025-06-24T14:40:15.434178+00:00,f3279afe-81b8-457f-ba52-2e40fad62470,2025-06-24T14:45:21.854000+00:00,user,file-6zmSwwQ1Ns25123m6CWrxb,file-6zmSwwQ1Ns25123m6CWrxb.dat,0366de53-9aac-4a0d-9d78-5f3178c57d80.png,image/png,130380,message_attachment,conversations-001(2).json
685b0a75-a594-800e-a4e3-ff7bacce39ba,Flight Simulator Chair Plans,2025-06-24T20:28:37.760543+00:00,614802e8-5ecd-4a44-8c26-c876de586151,2025-06-24T20:29:27.220651+00:00,user,file-6Gnf7ihg2RddBwxxTAr8MP,file-6Gnf7ihg2RddBwxxTAr8MP.dat,634E0E03-6AC2-414B-BE97-980B6D19D38C.jpeg,,300645,message_attachment,conversations-001(2).json
685b0a75-a594-800e-a4e3-ff7bacce39ba,Flight Simulator Chair Plans,2025-06-24T20:28:37.760543+00:00,614802e8-5ecd-4a44-8c26-c876de586151,2025-06-24T20:29:27.220651+00:00,user,file-EkMxWEKe9DLubA84jYZL8h,file-EkMxWEKe9DLubA84jYZL8h.dat,95989B4C-858D-4A89-A6E1-2C44A4D9A7CF.jpeg,,283064,message_attachment,conversations-001(2).json
685b0a75-a594-800e-a4e3-ff7bacce39ba,Flight Simulator Chair Plans,2025-06-24T20:28:37.760543+00:00,614802e8-5ecd-4a44-8c26-c876de586151,2025-06-24T20:29:27.220651+00:00,user,file-89aDLYrFe7u9UkZLP5Cd9V,file-89aDLYrFe7u9UkZLP5Cd9V.dat,5E4440AF-658E-4A18-A3E1-67CB98F41386.jpeg,,337321,message_attachment,conversations-001(2).json
685b0a75-a594-800e-a4e3-ff7bacce39ba,Flight Simulator Chair Plans,2025-06-24T20:28:37.760543+00:00,614802e8-5ecd-4a44-8c26-c876de586151,2025-06-24T20:29:27.220651+00:00,user,file-VfC9dtNvBTvhz3aWixUZSn,file-VfC9dtNvBTvhz3aWixUZSn.dat,6657E8AD-C927-4DC3-A353-51455AB89902.jpeg,,314989,message_attachment,conversations-001(2).json
685b0a75-a594-800e-a4e3-ff7bacce39ba,Flight Simulator Chair Plans,2025-06-24T20:28:37.760543+00:00,614802e8-5ecd-4a44-8c26-c876de586151,2025-06-24T20:29:27.220651+00:00,user,file-Ftt7gejsFikJhee7MrjKhF,file-Ftt7gejsFikJhee7MrjKhF.dat,3D5E026E-87D6-41BF-B567-9BB92CC4689A.jpeg,,284402,message_attachment,conversations-001(2).json
685b0a75-a594-800e-a4e3-ff7bacce39ba,Flight Simulator Chair Plans,2025-06-24T20:28:37.760543+00:00,614802e8-5ecd-4a44-8c26-c876de586151,2025-06-24T20:29:27.220651+00:00,user,file-PCYsqcYEbei1eTCgDWX4dS,file-PCYsqcYEbei1eTCgDWX4dS.dat,F5AB39EC-46C3-46C2-BBA5-993AB188E905.jpeg,,320318,message_attachment,conversations-001(2).json
685b0a75-a594-800e-a4e3-ff7bacce39ba,Flight Simulator Chair Plans,2025-06-24T20:28:37.760543+00:00,c23af403-bbeb-45fc-8858-92023869b454,2025-06-25T15:47:26.230289+00:00,user,file-WKubpg28bPZVNy76b9uKhi,file-WKubpg28bPZVNy76b9uKhi.dat,F8670CBE-C08B-4694-8250-D50C6F595BA9.jpeg,,2904649,message_attachment,conversations-001(2).json
685c886a-fe9c-800e-99ef-3cb541033d2c,DIY Flight Sim Chair,2025-06-25T23:38:19.374370+00:00,80ded983-b5a4-4cb9-a521-0e10fadaa1c2,2025-06-25T23:38:18.813826+00:00,user,file-SteHRDf1TdAQmBywV4u8C2,file-SteHRDf1TdAQmBywV4u8C2.dat,38396AC7-FA5D-4F67-B6C2-0AF5BA8AC499.jpeg,,300645,message_attachment,conversations-001(2).json
685c886a-fe9c-800e-99ef-3cb541033d2c,DIY Flight Sim Chair,2025-06-25T23:38:19.374370+00:00,80ded983-b5a4-4cb9-a521-0e10fadaa1c2,2025-06-25T23:38:18.813826+00:00,user,file-Mp9od9bAvq4Z9ZYCd9uQ2B,file-Mp9od9bAvq4Z9ZYCd9uQ2B.dat,08004874-8948-4A27-89D3-40A1340802D4.jpeg,,283064,message_attachment,conversations-001(2).json
685c886a-fe9c-800e-99ef-3cb541033d2c,DIY Flight Sim Chair,2025-06-25T23:38:19.374370+00:00,80ded983-b5a4-4cb9-a521-0e10fadaa1c2,2025-06-25T23:38:18.813826+00:00,user,file-C72EvNXtFwYAVuX1T6kbcL,file-C72EvNXtFwYAVuX1T6kbcL.dat,DEEA4552-925D-4A2E-AE37-DD7DB1EE968F.jpeg,,337321,message_attachment,conversations-001(2).json
685c886a-fe9c-800e-99ef-3cb541033d2c,DIY Flight Sim Chair,2025-06-25T23:38:19.374370+00:00,80ded983-b5a4-4cb9-a521-0e10fadaa1c2,2025-06-25T23:38:18.813826+00:00,user,file-TKDW9wEENzCnz2tdwttcQQ,file-TKDW9wEENzCnz2tdwttcQQ.dat,8B0EA94A-45C4-417A-86A1-2D22ADFFD228.jpeg,,320318,message_attachment,conversations-001(2).json
685c886a-fe9c-800e-99ef-3cb541033d2c,DIY Flight Sim Chair,2025-06-25T23:38:19.374370+00:00,80ded983-b5a4-4cb9-a521-0e10fadaa1c2,2025-06-25T23:38:18.813826+00:00,user,file-CARcKzJVTsDYWpi2SCSLjc,file-CARcKzJVTsDYWpi2SCSLjc.dat,A2CA8876-804B-4036-9489-F9EB73D6D85D.jpeg,,284402,message_attachment,conversations-001(2).json
685c886a-fe9c-800e-99ef-3cb541033d2c,DIY Flight Sim Chair,2025-06-25T23:38:19.374370+00:00,80ded983-b5a4-4cb9-a521-0e10fadaa1c2,2025-06-25T23:38:18.813826+00:00,user,file-PBujDgkM7ERb533oScTHKo,file-PBujDgkM7ERb533oScTHKo.dat,107F4DDE-D63F-4FC3-84B2-067854727B5B.jpeg,,314989,message_attachment,conversations-001(2).json
685eff88-8bb8-800e-83a8-270ef76f0036,DIY Flight Sim Chair,2025-06-27T20:31:05.129191+00:00,b6700484-7af1-4ba1-af91-42cebe328367,2025-06-27T20:31:04.379636+00:00,user,file-1sG3cvVad6DuALgP5RfgHw,file-1sG3cvVad6DuALgP5RfgHw.dat,A6D769AA-287B-4F2A-BB0C-42548D6F4263.jpeg,,808518,message_attachment,conversations-001(2).json
685eff88-8bb8-800e-83a8-270ef76f0036,DIY Flight Sim Chair,2025-06-27T20:31:05.129191+00:00,b6700484-7af1-4ba1-af91-42cebe328367,2025-06-27T20:31:04.379636+00:00,user,file-1N2v2wmeoxZ2hAUb6dCvkM,file-1N2v2wmeoxZ2hAUb6dCvkM.dat,D7B70E00-82FE-4699-B41C-418398DA379B.jpeg,,348613,message_attachment,conversations-001(2).json
685eff88-8bb8-800e-83a8-270ef76f0036,DIY Flight Sim Chair,2025-06-27T20:31:05.129191+00:00,b6700484-7af1-4ba1-af91-42cebe328367,2025-06-27T20:31:04.379636+00:00,user,file-HQTiHugAHhFjRHTgruFYLv,file-HQTiHugAHhFjRHTgruFYLv.dat,1F1A8EC0-CE0A-4E80-8781-5BB08FE4D13A.jpeg,,186839,message_attachment,conversations-001(2).json
685eff88-8bb8-800e-83a8-270ef76f0036,DIY Flight Sim Chair,2025-06-27T20:31:05.129191+00:00,b6700484-7af1-4ba1-af91-42cebe328367,2025-06-27T20:31:04.379636+00:00,user,file-E1qubuC4VBKpuh2vdwDsyw,file-E1qubuC4VBKpuh2vdwDsyw.dat,96E3F5F7-5010-4AAC-9367-ED55FC786368.jpeg,,418619,message_attachment,conversations-001(2).json
685eff88-8bb8-800e-83a8-270ef76f0036,DIY Flight Sim Chair,2025-06-27T20:31:05.129191+00:00,b6700484-7af1-4ba1-af91-42cebe328367,2025-06-27T20:31:04.379636+00:00,user,file-Be3inKPujy1at6G8JPWHRT,file-Be3inKPujy1at6G8JPWHRT.dat,9B17D2DB-1C2C-46EC-BC35-44C298CDD8B4.jpeg,,329996,message_attachment,conversations-001(2).json
68633848-8690-800e-bdb6-7a928d742f79,Linear Actuator Usage Guide,2025-07-01T01:22:16.905478+00:00,b15593cc-0ca7-4ee0-bbdb-71f1752883fb,2025-07-01T01:26:49.480862+00:00,user,file-7ZbiCuNwN9eYmz2SdAqUsj,file-7ZbiCuNwN9eYmz2SdAqUsj.dat,86D29040-CD41-4F3C-93FC-95BDBBFEA297.jpeg,,3829197,message_attachment,conversations-001(2).json
68633848-8690-800e-bdb6-7a928d742f79,Linear Actuator Usage Guide,2025-07-01T01:22:16.905478+00:00,b15593cc-0ca7-4ee0-bbdb-71f1752883fb,2025-07-01T01:26:49.480862+00:00,user,file-YWjEkoM5jgoWfB5uppDvs8,file-YWjEkoM5jgoWfB5uppDvs8.dat,009CE6A4-4320-4879-B305-F70662CA22BC.jpeg,,3911096,message_attachment,conversations-001(2).json
68633848-8690-800e-bdb6-7a928d742f79,Linear Actuator Usage Guide,2025-07-01T01:22:16.905478+00:00,b15593cc-0ca7-4ee0-bbdb-71f1752883fb,2025-07-01T01:26:49.480862+00:00,user,file-6Hhdehr8FyqQo337SABTSb,file-6Hhdehr8FyqQo337SABTSb.dat,F6B509F9-7DDF-4E04-88C6-23036B89C701.jpeg,,3920089,message_attachment,conversations-001(2).json
68653a1a-d6c8-800e-828e-f07b29977594,Orthanc Setup with Humor,2025-07-02T13:54:34.969036+00:00,ef183ca1-50d7-41b7-b601-4eec7b70fa11,2025-07-02T13:54:34.715000+00:00,user,file-4wsbq4aDDNKgQPfw3yDdMG,file-4wsbq4aDDNKgQPfw3yDdMG.dat,DICOM.docx,application/vnd.openxmlformats-officedocument.wordprocessingml.document,17255,message_attachment,conversations-001(2).json
68670d11-aa34-800e-805f-4f83b6458932,Stepper motor wiring help,2025-07-03T23:06:58.156200+00:00,3590b007-d61b-4a80-b69c-2c80a0becfd0,2025-07-03T23:09:28.733018+00:00,user,file-RLfRXjNugofLoPeaBeDPS9,file-RLfRXjNugofLoPeaBeDPS9.dat,IMG_CC75C0CA-DDC9-4144-9B2F-77B5E89331D3.jpeg,,3385601,message_attachment,conversations-001(2).json
68682f34-b468-800e-a54e-94a2f1715ae8,Motor Lift Capacity Calculation,2025-07-04T19:44:53.168208+00:00,fa994fca-50a1-4d73-805f-ec1647e03860,2025-07-04T19:44:52.181564+00:00,user,file-2dLJdH1cigE4igxZaRkVRo,file-2dLJdH1cigE4igxZaRkVRo.dat,482C0FB9-56F8-429D-A597-D744799B082D.jpeg,,2583817,message_attachment,conversations-001(2).json
68710231-9580-800e-a864-2c1275d4b8fc,CNC Seat Template Dimensions,2025-07-11T12:23:13.949681+00:00,b1ded50f-327a-469c-80af-920740670ca0,2025-07-11T12:30:31.146000+00:00,user,file-9zPkKXBbubyBtePtfmh822,file-9zPkKXBbubyBtePtfmh822.dat,2e654bfb-4f61-490a-a7bb-2da87723a13c.png,image/png,186517,message_attachment,conversations-001(2).json
68771a02-f378-800e-be6a-a480cb8d609d,Teasing Banter Ideas,2025-07-16T03:18:27.100649+00:00,2bbc734b-90d1-4f5c-99ee-cf73c5c263e6,2025-07-16T03:19:45.329583+00:00,user,file-MMuKk5DvAsPLtp71y9i1Gv,file-MMuKk5DvAsPLtp71y9i1Gv.dat,38A31C47-DDB4-404A-9999-D43932B6F2AD.jpeg,,143499,message_attachment,conversations-001(2).json
68771b3c-6394-800e-8b9c-100e98ffac77,Strategic Networking Advice,2025-07-16T03:23:40.596108+00:00,0211b273-5f03-45c5-af35-251af3205a0e,2025-07-23T14:28:24.341621+00:00,user,file-2sXDwuQ9yiYr6DBZoLjuGV,file-2sXDwuQ9yiYr6DBZoLjuGV.dat,722E4507-95F4-44D9-A4A4-678A28C2CBA2.jpeg,image/jpeg,429520,message_attachment,conversations-001(2).json
68771b3c-6394-800e-8b9c-100e98ffac77,Strategic Networking Advice,2025-07-16T03:23:40.596108+00:00,45e8ea84-9cf0-4981-bdb9-ba4236c9118b,2025-08-02T02:35:53.321587+00:00,user,file-5hqPN2p15KKpnxijqMv1KZ,file-5hqPN2p15KKpnxijqMv1KZ.dat,F24969AD-96BB-4891-8397-D8DFC106066E.jpeg,image/jpeg,443220,message_attachment,conversations-001(2).json
68771b3c-6394-800e-8b9c-100e98ffac77,Strategic Networking Advice,2025-07-16T03:23:40.596108+00:00,55c890c4-2e5d-41e4-8071-ce38d83058ea,2025-07-16T03:23:40.282221+00:00,user,file-N77iJ3ZpTKSXh771gt9qmf,file-N77iJ3ZpTKSXh771gt9qmf.dat,3D7B0329-119E-479F-B3A8-10377DEAF58C.jpeg,,337742,message_attachment,conversations-001(2).json
68771b3c-6394-800e-8b9c-100e98ffac77,Strategic Networking Advice,2025-07-16T03:23:40.596108+00:00,5db9c637-f645-4cab-9f59-56b4402df55d,2025-07-24T17:37:12.054884+00:00,user,file-3Fjua1cYJLN2iePE5hHdPA,file-3Fjua1cYJLN2iePE5hHdPA.dat,B62AC160-52D0-4645-B783-E78D081D6258.jpeg,image/jpeg,263850,message_attachment,conversations-001(2).json
68771b3c-6394-800e-8b9c-100e98ffac77,Strategic Networking Advice,2025-07-16T03:23:40.596108+00:00,627f2278-981f-4446-beac-f655030deae1,2025-07-17T16:36:27.991414+00:00,user,file-TZbrF6VGgzq77k96yZvzLA,file-TZbrF6VGgzq77k96yZvzLA.dat,63CCE75F-0CDE-4E84-8391-D9ABCE1023CD.jpeg,,179117,message_attachment,conversations-001(2).json
68771b3c-6394-800e-8b9c-100e98ffac77,Strategic Networking Advice,2025-07-16T03:23:40.596108+00:00,8422f4a8-bf15-4c02-9e51-4e9c5ed40c19,2025-07-28T18:25:49.241430+00:00,user,file-4rFzDofFvsC6tyu4AYdvpz,file-4rFzDofFvsC6tyu4AYdvpz.dat,DA751991-94B1-4D80-B5A3-CEE9A4ACD5A3.jpeg,image/jpeg,560739,message_attachment,conversations-001(2).json
68771b3c-6394-800e-8b9c-100e98ffac77,Strategic Networking Advice,2025-07-16T03:23:40.596108+00:00,8cb4d869-6c1b-4e5c-a575-5883c82f4454,2025-08-29T10:14:50.414480+00:00,user,file-TXBEJDJFWZZhXdCYKtuLeZ,file-TXBEJDJFWZZhXdCYKtuLeZ.dat,ABC0468F-638A-4572-84DC-7AD2EC52F612.jpeg,image/jpeg,586912,message_attachment,conversations-001(2).json
68771b3c-6394-800e-8b9c-100e98ffac77,Strategic Networking Advice,2025-07-16T03:23:40.596108+00:00,a7cfbfe2-9a36-4c65-bca9-053a1850eacf,2025-08-29T10:15:29.676687+00:00,user,file-Q2ujQXnHcZce2DLUeqFYdY,file-Q2ujQXnHcZce2DLUeqFYdY.dat,3B3ADF7A-8E0F-4BAA-97B1-335F4C4FEB80.jpeg,image/jpeg,513999,message_attachment,conversations-001(2).json
687a3ac5-5cb0-800e-837d-1c3fd7982843,Itemized list creation,2025-07-18T12:15:01.512206+00:00,4822f140-2b80-4ee7-94ae-3dd341d7a4ea,2025-07-18T12:16:12.010000+00:00,user,file-Y275ttnLGoNf85jYkXvVcF,file-Y275ttnLGoNf85jYkXvVcF.dat,Shared Lab..xlsx,application/vnd.openxmlformats-officedocument.spreadsheetml.sheet,23666,message_attachment,conversations-002(2).json
687f7ed2-718c-800e-ad3d-79110dba2c9b,Audit document formatting,2025-07-22T12:06:42.648060+00:00,be0b6a6b-06b0-4e47-a64c-c13b27da86f8,2025-07-22T13:38:43.066000+00:00,user,file-17v7j7j4YMPMa39tJzAGLq,file-17v7j7j4YMPMa39tJzAGLq.dat,Formatted_GMED6_Inventory.docx,application/vnd.openxmlformats-officedocument.wordprocessingml.document,35373,message_attachment,conversations-002(2).json
687f7ed2-718c-800e-ad3d-79110dba2c9b,Audit document formatting,2025-07-22T12:06:42.648060+00:00,de18056f-9cdd-49c8-8335-48214f980c92,2025-07-22T12:06:42.245000+00:00,user,file-16Er4bGkbAcgUJ3xi91DC1,file-16Er4bGkbAcgUJ3xi91DC1.dat,Itemized_List_GMED6.docx,application/vnd.openxmlformats-officedocument.wordprocessingml.document,28077,message_attachment,conversations-002(2).json
68811b62-862c-800e-b14f-2b3d23187b9c,LW_Breakdown,2025-07-23T17:26:59.072900+00:00,02fcf757-a457-4928-b773-16e2a56d304a,2025-08-25T20:41:26.963031+00:00,user,file-QGcZCf4e56HAAsgczDX5XU,file-QGcZCf4e56HAAsgczDX5XU.dat,61C97662-33EB-4609-A5DD-AFD93A4DBF17.jpeg,image/jpeg,401655,message_attachment,conversations-002(2).json
68811b62-862c-800e-b14f-2b3d23187b9c,LW_Breakdown,2025-07-23T17:26:59.072900+00:00,0736c81e-e808-4667-a01a-b6cfdee4bfb0,2025-08-25T22:05:35.913390+00:00,user,file-K4wL8XnD6w6pUgs49zAZpk,file-K4wL8XnD6w6pUgs49zAZpk.dat,EDF5FE83-A03B-491A-9441-28E091CE6545.jpeg,image/jpeg,397133,message_attachment,conversations-002(2).json
68811b62-862c-800e-b14f-2b3d23187b9c,LW_Breakdown,2025-07-23T17:26:59.072900+00:00,0f67cbfc-f4e1-4ecf-a2cc-cb8988e721c7,2025-09-04T19:13:38.299090+00:00,user,file-7cqobrtrvehLw6AVDTwZwu,file-7cqobrtrvehLw6AVDTwZwu.dat,ADB6C237-91ED-49EB-89D5-B0611B0E3AAE.jpeg,image/jpeg,333000,message_attachment,conversations-002(2).json
68811b62-862c-800e-b14f-2b3d23187b9c,LW_Breakdown,2025-07-23T17:26:59.072900+00:00,14ebd423-177d-406f-8cd5-9b5db2e991e3,2025-09-14T21:51:49.991162+00:00,user,file-Lgv6PwBzgpZC72Gx3EMqMb,file-Lgv6PwBzgpZC72Gx3EMqMb.dat,F33FAD61-AC4C-4744-BE1D-147461647256.jpeg,image/jpeg,268714,message_attachment,conversations-002(2).json
68811b62-862c-800e-b14f-2b3d23187b9c,LW_Breakdown,2025-07-23T17:26:59.072900+00:00,19d8d0eb-7830-4f36-b3cd-116e845adf29,2025-10-21T01:10:55.076246+00:00,user,file_000000008d9061f7ada2e101d52381f8,file_000000008d9061f7ada2e101d52381f8.dat,56DA0B8C-E634-4559-A421-FA0A45933F7A.jpeg,image/jpeg,604229,message_attachment,conversations-002(2).json
68811b62-862c-800e-b14f-2b3d23187b9c,LW_Breakdown,2025-07-23T17:26:59.072900+00:00,19d8d0eb-7830-4f36-b3cd-116e845adf29,2025-10-21T01:10:55.076246+00:00,user,file_00000000811461f58f3c85e27a285af6,file_00000000811461f58f3c85e27a285af6.dat,AE29104F-ABBC-4029-99EF-9ED7EE0F5ED7.jpeg,image/jpeg,735909,message_attachment,conversations-002(2).json
68811b62-862c-800e-b14f-2b3d23187b9c,LW_Breakdown,2025-07-23T17:26:59.072900+00:00,1ec95916-c7a4-4b55-8638-9533e2f886ae,2025-09-19T19:57:41.335629+00:00,user,file-J41KBxHyd3NMgxRG1U8VT1,file-J41KBxHyd3NMgxRG1U8VT1.dat,C260BD9A-86D3-4A3C-BF15-D9969D73C301.jpeg,image/jpeg,239712,message_attachment,conversations-002(2).json
68811b62-862c-800e-b14f-2b3d23187b9c,LW_Breakdown,2025-07-23T17:26:59.072900+00:00,2205ef47-c560-4cb5-90f2-a5c6c6fc0b9f,2025-09-04T19:40:45.330701+00:00,user,file-PKAJy6KdHs7kLvjEonRPn5,file-PKAJy6KdHs7kLvjEonRPn5.dat,AE447888-D312-45F0-9A11-D8B88612CCFA.jpeg,image/png,239348,message_attachment,conversations-002(2).json
68811b62-862c-800e-b14f-2b3d23187b9c,LW_Breakdown,2025-07-23T17:26:59.072900+00:00,2209a345-4c70-481d-a71a-681a424bee51,2025-09-19T23:47:25.431931+00:00,user,file-6GQUXeFXxSHYoPECPb4pYn,file-6GQUXeFXxSHYoPECPb4pYn.dat,86870A32-E010-48ED-8602-6F4971294205.jpeg,image/png,186385,message_attachment,conversations-002(2).json
68811b62-862c-800e-b14f-2b3d23187b9c,LW_Breakdown,2025-07-23T17:26:59.072900+00:00,2646af37-ac3b-4553-ba3a-b242ea920b0f,2025-09-26T03:18:19.526339+00:00,user,file_000000003a3861f7ac453197969abc67,file_000000003a3861f7ac453197969abc67.dat,734BF43E-4E1C-4457-97D6-230B50D4D453.jpeg,image/jpeg,224909,message_attachment,conversations-002(2).json
68811b62-862c-800e-b14f-2b3d23187b9c,LW_Breakdown,2025-07-23T17:26:59.072900+00:00,2cc428d8-e2e6-4c0c-bc98-3de82f8a1c26,2025-10-15T17:45:29.277167+00:00,user,file_000000001fd8622f82eb0e8e962baded,file_000000001fd8622f82eb0e8e962baded.dat,688A64E3-E205-4792-A0E3-D43B91698ABC.jpeg,image/jpeg,1093716,message_attachment,conversations-002(2).json
68811b62-862c-800e-b14f-2b3d23187b9c,LW_Breakdown,2025-07-23T17:26:59.072900+00:00,3196edab-4a56-4801-8e68-d27b37253806,2025-10-22T14:57:32.936437+00:00,assistant,file_000000009bd462309aa84488b0b91939,file_000000009bd462309aa84488b0b91939.dat,,,516078,content_asset_pointer,conversations-002(2).json
68811b62-862c-800e-b14f-2b3d23187b9c,LW_Breakdown,2025-07-23T17:26:59.072900+00:00,33578dd7-f1ba-4abc-8c5f-7b2d0d7966ff,2025-11-16T20:16:56.632057+00:00,user,file_00000000b09871f79a371b7da065e211,file_00000000b09871f79a371b7da065e211.dat,F7AD588E-1F03-41F9-8411-9C7732F3CC98.jpeg,image/jpeg,743523,message_attachment,conversations-002(2).json
68811b62-862c-800e-b14f-2b3d23187b9c,LW_Breakdown,2025-07-23T17:26:59.072900+00:00,356b143a-2c43-41b3-a741-255d37ac1621,2025-09-12T21:15:33.191015+00:00,user,file-5M8pCivgvBwAeijLmjwfRK,file-5M8pCivgvBwAeijLmjwfRK.dat,3FAB4494-B117-4111-9754-6282356521D1.jpeg,image/jpeg,157707,message_attachment,conversations-002(2).json
68811b62-862c-800e-b14f-2b3d23187b9c,LW_Breakdown,2025-07-23T17:26:59.072900+00:00,375c538a-eceb-4971-af1c-37b77e293e96,2025-09-05T00:10:19.659788+00:00,user,file-Lo67dMrrVoyFTcQAStbiuW,file-Lo67dMrrVoyFTcQAStbiuW.dat,32508F50-31E7-437C-8B7F-E0071CE72F27.jpeg,image/jpeg,536262,message_attachment,conversations-002(2).json
68811b62-862c-800e-b14f-2b3d23187b9c,LW_Breakdown,2025-07-23T17:26:59.072900+00:00,3a3c88d0-e7e6-4a95-ada1-dc010e365280,2025-10-21T01:12:41.412078+00:00,user,file_0000000025f861f590a70a1d7545c6d3,file_0000000025f861f590a70a1d7545c6d3.dat,57039926-7442-4422-B921-7EA4050B7740.jpeg,image/jpeg,1093716,message_attachment,conversations-002(2).json
68811b62-862c-800e-b14f-2b3d23187b9c,LW_Breakdown,2025-07-23T17:26:59.072900+00:00,3a3c88d0-e7e6-4a95-ada1-dc010e365280,2025-10-21T01:12:41.412078+00:00,user,file_0000000027d861f7afb3ccd3a1b1df6f,file_0000000027d861f7afb3ccd3a1b1df6f.dat,4A2FDA51-9B7F-4952-A96E-C10804CE6EEC.jpeg,image/jpeg,1181279,message_attachment,conversations-002(2).json
68811b62-862c-800e-b14f-2b3d23187b9c,LW_Breakdown,2025-07-23T17:26:59.072900+00:00,40cd1bd5-30e9-406c-926c-c9499ade3f2c,2025-09-05T00:44:15.328643+00:00,user,file-8nhNqbmQTZFBSQFveQq8DH,file-8nhNqbmQTZFBSQFveQq8DH.dat,4ED20974-D823-485E-B31F-E60318C4C849.jpeg,image/jpeg,425941,message_attachment,conversations-002(2).json
68811b62-862c-800e-b14f-2b3d23187b9c,LW_Breakdown,2025-07-23T17:26:59.072900+00:00,43dfc278-f48a-4c32-9c67-901d17983837,2025-09-05T13:52:37.094686+00:00,user,file-AM9xqkktVGnhGEcLandZ8J,file-AM9xqkktVGnhGEcLandZ8J.dat,40989E2B-84D8-41BA-9CDE-FEF9D70CEF83.jpeg,image/jpeg,329210,message_attachment,conversations-002(2).json
68811b62-862c-800e-b14f-2b3d23187b9c,LW_Breakdown,2025-07-23T17:26:59.072900+00:00,4711f894-e7ab-43c0-95e5-e08f3490115a,2025-09-21T13:48:48.526227+00:00,user,file-YDQVwU9LhgLkQCYHbXXfzg,file-YDQVwU9LhgLkQCYHbXXfzg.dat,534C30A2-7047-4ECA-ACDE-F32041D30263.jpeg,image/jpeg,387279,message_attachment,conversations-002(2).json
68811b62-862c-800e-b14f-2b3d23187b9c,LW_Breakdown,2025-07-23T17:26:59.072900+00:00,6213a83b-8324-49bd-baa8-31367f34714c,2025-09-28T21:25:01.150639+00:00,user,file_00000000b2cc61f7bbb3dd67ed9537d1,file_00000000b2cc61f7bbb3dd67ed9537d1.dat,A57A67D1-C3FB-4B9C-9571-3098334FD5A6.jpeg,image/jpeg,362366,message_attachment,conversations-002(2).json
68811b62-862c-800e-b14f-2b3d23187b9c,LW_Breakdown,2025-07-23T17:26:59.072900+00:00,67192000-5f70-4d45-9473-81e8e9eb96d0,2025-07-23T17:31:49.050733+00:00,user,file-UTYGyKuA2PVKeefjwTQ642,file-UTYGyKuA2PVKeefjwTQ642.dat,30DBD7C7-A3B8-404E-B267-11415380B2CF.jpeg,image/png,279090,message_attachment,conversations-002(2).json
68811b62-862c-800e-b14f-2b3d23187b9c,LW_Breakdown,2025-07-23T17:26:59.072900+00:00,67192000-5f70-4d45-9473-81e8e9eb96d0,2025-07-23T17:31:49.050733+00:00,user,file-2Cs75uYpArWGLS8ewijHdN,file-2Cs75uYpArWGLS8ewijHdN.dat,6BF30DBF-3885-4E98-8CE8-B7DEC0C5E38C.jpeg,image/png,277403,message_attachment,conversations-002(2).json
68811b62-862c-800e-b14f-2b3d23187b9c,LW_Breakdown,2025-07-23T17:26:59.072900+00:00,67192000-5f70-4d45-9473-81e8e9eb96d0,2025-07-23T17:31:49.050733+00:00,user,file-Hom1qVqUYPEw3AubZsqcTy,file-Hom1qVqUYPEw3AubZsqcTy.dat,95038831-35E5-4D43-9B01-C1CF26E3A9F0.jpeg,image/png,279922,message_attachment,conversations-002(2).json
68811b62-862c-800e-b14f-2b3d23187b9c,LW_Breakdown,2025-07-23T17:26:59.072900+00:00,67192000-5f70-4d45-9473-81e8e9eb96d0,2025-07-23T17:31:49.050733+00:00,user,file-CXxVsQCNDRuDQfBg8GGbTK,file-CXxVsQCNDRuDQfBg8GGbTK.dat,D91970B5-370C-4328-928D-1278B36EA657.jpeg,image/png,229576,message_attachment,conversations-002(2).json
68811b62-862c-800e-b14f-2b3d23187b9c,LW_Breakdown,2025-07-23T17:26:59.072900+00:00,67192000-5f70-4d45-9473-81e8e9eb96d0,2025-07-23T17:31:49.050733+00:00,user,file-V3tRx9mC2yLJYouXtUGp3f,file-V3tRx9mC2yLJYouXtUGp3f.dat,B6310F49-85B0-4D1A-BC4B-21B50ED4342E.jpeg,image/png,274434,message_attachment,conversations-002(2).json
68811b62-862c-800e-b14f-2b3d23187b9c,LW_Breakdown,2025-07-23T17:26:59.072900+00:00,67192000-5f70-4d45-9473-81e8e9eb96d0,2025-07-23T17:31:49.050733+00:00,user,file-P3u8DW8pAwfksG4y8RCSnq,file-P3u8DW8pAwfksG4y8RCSnq.dat,D076259E-5709-4DF5-8B49-007CF9794F42.jpeg,image/png,281198,message_attachment,conversations-002(2).json
68811b62-862c-800e-b14f-2b3d23187b9c,LW_Breakdown,2025-07-23T17:26:59.072900+00:00,67192000-5f70-4d45-9473-81e8e9eb96d0,2025-07-23T17:31:49.050733+00:00,user,file-3iL9EyEHwpmy2HzJ5w62Dx,file-3iL9EyEHwpmy2HzJ5w62Dx.dat,CAFA5685-2117-4BA7-B4D5-256B5D98BE46.jpeg,image/png,266613,message_attachment,conversations-002(2).json
68811b62-862c-800e-b14f-2b3d23187b9c,LW_Breakdown,2025-07-23T17:26:59.072900+00:00,67192000-5f70-4d45-9473-81e8e9eb96d0,2025-07-23T17:31:49.050733+00:00,user,file-VJaAX3kA8CzWfMbsHK6qnm,file-VJaAX3kA8CzWfMbsHK6qnm.dat,C6FAE235-8908-42DF-A960-42CC28CB86B0.jpeg,image/png,271706,message_attachment,conversations-002(2).json
68811b62-862c-800e-b14f-2b3d23187b9c,LW_Breakdown,2025-07-23T17:26:59.072900+00:00,67192000-5f70-4d45-9473-81e8e9eb96d0,2025-07-23T17:31:49.050733+00:00,user,file-5N3gq8pfmBjBVvi2ygUQwm,file-5N3gq8pfmBjBVvi2ygUQwm.dat,80ED3BFB-CB01-432B-BD32-45990905DE7B.jpeg,image/png,243428,message_attachment,conversations-002(2).json
68811b62-862c-800e-b14f-2b3d23187b9c,LW_Breakdown,2025-07-23T17:26:59.072900+00:00,67192000-5f70-4d45-9473-81e8e9eb96d0,2025-07-23T17:31:49.050733+00:00,user,file-F8c4QFEJta7st3qaeJ3qC5,file-F8c4QFEJta7st3qaeJ3qC5.dat,93371C5A-69A2-43DC-B40E-4DF9568D8DBE.jpeg,image/png,286382,message_attachment,conversations-002(2).json
68811b62-862c-800e-b14f-2b3d23187b9c,LW_Breakdown,2025-07-23T17:26:59.072900+00:00,6e76f119-6406-4cfe-952f-18bc72427492,2025-09-05T22:14:33.794986+00:00,user,file-3cCzWunvqSRGaawFUGj7L8,file-3cCzWunvqSRGaawFUGj7L8.dat,AF8FB81E-D281-4DAD-AC27-4C50EF17BCD1.jpeg,image/jpeg,315752,message_attachment,conversations-002(2).json
68811b62-862c-800e-b14f-2b3d23187b9c,LW_Breakdown,2025-07-23T17:26:59.072900+00:00,7bde5ad4-6ce5-4595-8a20-943a35e2ace1,2025-10-22T09:44:32.517882+00:00,user,file_00000000da2861f79af130e47bf734e6,file_00000000da2861f79af130e47bf734e6.dat,8DFA5066-DA01-437D-AFC3-E82A89019E44.jpeg,image/jpeg,985986,message_attachment,conversations-002(2).json
68811b62-862c-800e-b14f-2b3d23187b9c,LW_Breakdown,2025-07-23T17:26:59.072900+00:00,8c4f07e9-31d2-466d-a786-2c40ba2398f8,2025-10-21T01:26:01.278022+00:00,user,file_0000000019e461f5b622d302082c6c5c,file_0000000019e461f5b622d302082c6c5c.dat,CA890E35-1C36-496F-A89D-4D8A9D0D8991.jpeg,image/jpeg,604229,message_attachment,conversations-002(2).json
68811b62-862c-800e-b14f-2b3d23187b9c,LW_Breakdown,2025-07-23T17:26:59.072900+00:00,8c4f07e9-31d2-466d-a786-2c40ba2398f8,2025-10-21T01:26:01.278022+00:00,user,file_00000000161c61f5a1ef1ddd83921e1f,file_00000000161c61f5a1ef1ddd83921e1f.dat,3E69CEA3-CC9B-4FDB-B63E-BACD5D095ABB.jpeg,image/jpeg,674140,message_attachment,conversations-002(2).json
68811b62-862c-800e-b14f-2b3d23187b9c,LW_Breakdown,2025-07-23T17:26:59.072900+00:00,8d864e38-6f76-41be-90d4-33412da87386,2025-10-23T13:55:56.782069+00:00,user,file_000000000584620898c8a4390416b2e3,file_000000000584620898c8a4390416b2e3.dat,A3FECCB9-AF8D-47DD-8C6E-0957C7C3F0BA.jpeg,image/jpeg,496159,message_attachment,conversations-002(2).json
68811b62-862c-800e-b14f-2b3d23187b9c,LW_Breakdown,2025-07-23T17:26:59.072900+00:00,8f3068b1-c75f-4ed3-ae88-44ee03a841fa,2025-10-21T23:48:43.364392+00:00,user,file_0000000027e061f6b15eead0e0ef670b,file_0000000027e061f6b15eead0e0ef670b.dat,35897459-694B-4AE4-87EF-B48E7FA03397.jpeg,image/jpeg,225140,message_attachment,conversations-002(2).json
68811b62-862c-800e-b14f-2b3d23187b9c,LW_Breakdown,2025-07-23T17:26:59.072900+00:00,9360d4f6-d02b-41de-a1cb-6d516e27b792,2025-09-09T14:59:28.395633+00:00,user,file-UF6WFdA8gr1v91ujvY8fzo,file-UF6WFdA8gr1v91ujvY8fzo.dat,E32EA555-5E3B-40D4-AADD-2E7F90C2DEA9.jpeg,image/jpeg,564143,message_attachment,conversations-002(2).json
68811b62-862c-800e-b14f-2b3d23187b9c,LW_Breakdown,2025-07-23T17:26:59.072900+00:00,9360d4f6-d02b-41de-a1cb-6d516e27b792,2025-09-09T14:59:28.395633+00:00,user,file-WyqUbYtgFwnwBkutoKdXFD,file-WyqUbYtgFwnwBkutoKdXFD.dat,77E3E46A-A457-4588-8CCF-0356F7420D0F.jpeg,image/jpeg,161755,message_attachment,conversations-002(2).json
68811b62-862c-800e-b14f-2b3d23187b9c,LW_Breakdown,2025-07-23T17:26:59.072900+00:00,9e71578a-a394-4417-a1b8-ccf74978b92d,2025-09-05T22:11:39.498364+00:00,user,file-ENAzxLMeBoxkSSrCvmC6EE,file-ENAzxLMeBoxkSSrCvmC6EE.dat,276ECDD4-34D7-4F7D-AE22-EC9C0C47E3B3.jpeg,image/jpeg,495947,message_attachment,conversations-002(2).json
68811b62-862c-800e-b14f-2b3d23187b9c,LW_Breakdown,2025-07-23T17:26:59.072900+00:00,a5b911b6-e8ac-4130-903d-54c87b70fee7,2025-09-05T19:54:21.206538+00:00,user,file-S9Ck36k9apKwygk8Qb9YGP,file-S9Ck36k9apKwygk8Qb9YGP.dat,C8448107-E017-414F-83DB-D71B383F4FA6.jpeg,image/jpeg,422939,message_attachment,conversations-002(2).json
68811b62-862c-800e-b14f-2b3d23187b9c,LW_Breakdown,2025-07-23T17:26:59.072900+00:00,ad885a6b-5007-40e7-8635-42bf44554e3f,2025-10-23T13:30:19.553724+00:00,user,file_000000003ff462309091c1befcf12416,file_000000003ff462309091c1befcf12416.dat,FE7880A5-E386-4AEF-9CE6-C66B19D31A95.jpeg,image/png,255476,message_attachment,conversations-002(2).json
68811b62-862c-800e-b14f-2b3d23187b9c,LW_Breakdown,2025-07-23T17:26:59.072900+00:00,afbdcea4-bd91-468b-8d9a-b8d888f82db9,2025-11-10T17:14:32.879468+00:00,user,file_00000000a3f4722fb65fba9c7236a30b,file_00000000a3f4722fb65fba9c7236a30b.dat,0350CE04-4255-4972-B6AE-B29C941D1455.jpeg,image/jpeg,386503,message_attachment,conversations-002(2).json
68811b62-862c-800e-b14f-2b3d23187b9c,LW_Breakdown,2025-07-23T17:26:59.072900+00:00,afe295c5-5c05-4488-a774-7e469c2b6183,2025-11-05T19:07:55.341084+00:00,user,file_00000000fc207209a031207c90cf2b76,file_00000000fc207209a031207c90cf2b76.dat,B7F25104-6FF7-4ABC-97A5-2E7FB3EA7A0E.jpeg,image/jpeg,778664,message_attachment,conversations-002(2).json
68811b62-862c-800e-b14f-2b3d23187b9c,LW_Breakdown,2025-07-23T17:26:59.072900+00:00,b3e68c78-d15a-405e-9d7e-a0778dfe15d9,2025-09-20T01:28:39.507371+00:00,user,file-V5otTFtNCqb8DiHAvZwHn5,file-V5otTFtNCqb8DiHAvZwHn5.dat,C2758C16-BCF8-448F-8BBB-D835CB11C2A6.jpeg,image/jpeg,470271,message_attachment,conversations-002(2).json
68811b62-862c-800e-b14f-2b3d23187b9c,LW_Breakdown,2025-07-23T17:26:59.072900+00:00,b84b2f62-2b57-4792-b4c0-b2aa0988abc7,2025-09-08T16:55:46.365903+00:00,user,file-WW7pHh3nJTADnzjafN22Xm,file-WW7pHh3nJTADnzjafN22Xm.dat,C2ED5AE0-985E-443A-B26B-605870B3BECA.jpeg,image/jpeg,330779,message_attachment,conversations-002(2).json
68811b62-862c-800e-b14f-2b3d23187b9c,LW_Breakdown,2025-07-23T17:26:59.072900+00:00,b8ac4207-eb68-4e63-b1b1-c7e1071f5981,2025-09-09T23:43:55.711405+00:00,user,file-4pZLtEzTFSNaMxitaVnuth,file-4pZLtEzTFSNaMxitaVnuth.dat,30588140-BD31-4B33-939A-FC1E99388580.jpeg,image/jpeg,266847,message_attachment,conversations-002(2).json
68811b62-862c-800e-b14f-2b3d23187b9c,LW_Breakdown,2025-07-23T17:26:59.072900+00:00,bf8bc1fd-31b6-4312-a17a-52cef81e8dee,2025-11-10T22:21:53.927734+00:00,user,file_000000007e6471f5b98e40ea7df78711,file_000000007e6471f5b98e40ea7df78711.dat,AAD4E837-3B12-49BA-90C0-1A971DF563F4.jpeg,image/jpeg,768441,message_attachment,conversations-002(2).json
68811b62-862c-800e-b14f-2b3d23187b9c,LW_Breakdown,2025-07-23T17:26:59.072900+00:00,c88965e7-5aea-4f0e-8432-1bed0e37ff05,2025-08-26T00:22:19.061847+00:00,user,file-QjUoojnFSu32GwokXA3BsN,file-QjUoojnFSu32GwokXA3BsN.dat,C96D9961-6C66-4130-913C-4EE74AFD6BC5.jpeg,image/jpeg,694152,message_attachment,conversations-002(2).json
68811b62-862c-800e-b14f-2b3d23187b9c,LW_Breakdown,2025-07-23T17:26:59.072900+00:00,cde739f3-3e76-4e1d-963c-55d5dbd08e22,2025-09-07T21:03:58.753719+00:00,user,file-MMEB6n3RFPxXtPjuXJnKsM,file-MMEB6n3RFPxXtPjuXJnKsM.dat,2AE30512-53B7-43AB-9CC4-419A2B9B797E.jpeg,image/jpeg,237939,message_attachment,conversations-002(2).json
68811b62-862c-800e-b14f-2b3d23187b9c,LW_Breakdown,2025-07-23T17:26:59.072900+00:00,d3dfa4d7-1c5e-45e4-b01c-0d23bb457dbb,2025-09-05T21:14:40.325417+00:00,user,file-EbYwm5KZyFwPPMkkcQjGUK,file-EbYwm5KZyFwPPMkkcQjGUK.dat,7B77C13D-7B21-4117-8FB7-68937BF08271.jpeg,image/jpeg,354721,message_attachment,conversations-002(2).json
68811b62-862c-800e-b14f-2b3d23187b9c,LW_Breakdown,2025-07-23T17:26:59.072900+00:00,d46864b6-b4ec-4b34-a9ef-b013a6dff150,2025-09-05T20:30:45.114399+00:00,user,file-2XrxPFJCqrVobrGnCZ9Ys5,file-2XrxPFJCqrVobrGnCZ9Ys5.dat,D8268525-CB06-4237-A867-A78F4C126DC6.jpeg,image/jpeg,415107,message_attachment,conversations-002(2).json
68811b62-862c-800e-b14f-2b3d23187b9c,LW_Breakdown,2025-07-23T17:26:59.072900+00:00,db9996ea-de1d-441f-b840-989100f14735,2025-10-25T21:39:51.331815+00:00,user,file_00000000055c61f5a003b3f996aadf5c,file_00000000055c61f5a003b3f996aadf5c.dat,7F728B13-8B34-4D93-A375-654D8345D44A.jpeg,image/jpeg,202844,message_attachment,conversations-002(2).json
68811b62-862c-800e-b14f-2b3d23187b9c,LW_Breakdown,2025-07-23T17:26:59.072900+00:00,e22abff4-4554-49c2-a06f-5c4ea3ccd7e6,2025-09-15T13:08:51.289690+00:00,user,file-VDUJLjns56tcKpov5hqTsn,file-VDUJLjns56tcKpov5hqTsn.dat,BEC092C3-B1AB-4062-8143-77E234CD313A.jpeg,image/jpeg,273720,message_attachment,conversations-002(2).json
68811b62-862c-800e-b14f-2b3d23187b9c,LW_Breakdown,2025-07-23T17:26:59.072900+00:00,e44ea131-87d4-4156-a776-ce19af22742b,2025-09-07T20:30:02.890303+00:00,user,file-8ZepZbXArZrNffNEpBU6uW,file-8ZepZbXArZrNffNEpBU6uW.dat,12C420F3-6360-45B3-863E-C35F3E662F12.jpeg,image/jpeg,243387,message_attachment,conversations-002(2).json
68811b62-862c-800e-b14f-2b3d23187b9c,LW_Breakdown,2025-07-23T17:26:59.072900+00:00,e44ea131-87d4-4156-a776-ce19af22742b,2025-09-07T20:30:02.890303+00:00,user,file-ScdpuqmmxNLYUsVuizCxqd,file-ScdpuqmmxNLYUsVuizCxqd.dat,2B465F58-5DC4-4B95-B5AE-B0349E335B38.jpeg,image/jpeg,267539,message_attachment,conversations-002(2).json
68811b62-862c-800e-b14f-2b3d23187b9c,LW_Breakdown,2025-07-23T17:26:59.072900+00:00,e551c55d-e3c8-4737-8c06-e33b2bc10da7,2025-09-28T20:50:11.871375+00:00,user,file_000000009598622fa01601fda4bef924,file_000000009598622fa01601fda4bef924.dat,E958B10C-2A34-426A-BF09-3A5BED19B0D2.jpeg,image/jpeg,362366,message_attachment,conversations-002(2).json
68811b62-862c-800e-b14f-2b3d23187b9c,LW_Breakdown,2025-07-23T17:26:59.072900+00:00,e649f3ec-2055-42dc-951b-b1bab6e47ff8,2025-09-14T22:33:13.054558+00:00,user,file-Sh3ktkZteWjdf1xgXFJU58,file-Sh3ktkZteWjdf1xgXFJU58.dat,17B0A3D8-273A-4C8D-8A23-1F1DD8F9305D.jpeg,image/jpeg,208998,message_attachment,conversations-002(2).json
68811b62-862c-800e-b14f-2b3d23187b9c,LW_Breakdown,2025-07-23T17:26:59.072900+00:00,e6a5dd19-99ee-462e-abc1-3d2be6bc789d,2025-09-11T15:12:32.841703+00:00,user,file-VG8neARB1uMFNq3VvoSNme,file-VG8neARB1uMFNq3VvoSNme.dat,AC456548-885F-4472-A55F-467F2080C6B4.jpeg,image/jpeg,161403,message_attachment,conversations-002(2).json
68811b62-862c-800e-b14f-2b3d23187b9c,LW_Breakdown,2025-07-23T17:26:59.072900+00:00,e9974651-0009-4c4f-908f-2047ff54cc2f,2025-09-04T23:50:32.770254+00:00,user,file-VyuwYG8VrmqS4aYXggg6Pm,file-VyuwYG8VrmqS4aYXggg6Pm.dat,F15A8267-6D26-4A69-AA19-A81FE75AF886.jpeg,image/jpeg,536262,message_attachment,conversations-002(2).json
68811b62-862c-800e-b14f-2b3d23187b9c,LW_Breakdown,2025-07-23T17:26:59.072900+00:00,f01392f8-6cf8-4680-b55e-e5da6f937f30,2025-09-30T23:13:55.541428+00:00,user,file_0000000005d8622fa7db07353e5ee981,file_0000000005d8622fa7db07353e5ee981.dat,D6829470-12F7-453C-8986-EE7269E34494.jpeg,image/jpeg,289728,message_attachment,conversations-002(2).json
68811b62-862c-800e-b14f-2b3d23187b9c,LW_Breakdown,2025-07-23T17:26:59.072900+00:00,f10123f6-19ef-4e5e-b839-e925e66ca807,2025-09-05T00:16:03.171358+00:00,user,file-EYWqKgrtLGMqM91rKrt5QF,file-EYWqKgrtLGMqM91rKrt5QF.dat,0405AE38-A292-4DE9-9206-0E12D53A7488.jpeg,image/jpeg,536262,message_attachment,conversations-002(2).json
68811b62-862c-800e-b14f-2b3d23187b9c,LW_Breakdown,2025-07-23T17:26:59.072900+00:00,f5b10065-51a0-418d-ae1f-905830913fa6,2025-07-23T17:26:58.322923+00:00,user,file-QKNApgSmBdg916qTNpksnB,file-QKNApgSmBdg916qTNpksnB.dat,EE044C7B-12C8-422D-A80D-AE74273C4F3D.jpeg,image/png,216429,message_attachment,conversations-002(2).json
68811b62-862c-800e-b14f-2b3d23187b9c,LW_Breakdown,2025-07-23T17:26:59.072900+00:00,f5b10065-51a0-418d-ae1f-905830913fa6,2025-07-23T17:26:58.322923+00:00,user,file-Uir85JM23P5s2SVTxu1BUb,file-Uir85JM23P5s2SVTxu1BUb.dat,59DDDC88-B291-4964-8DA3-4A07691FE364.jpeg,image/png,213454,message_attachment,conversations-002(2).json
68811b62-862c-800e-b14f-2b3d23187b9c,LW_Breakdown,2025-07-23T17:26:59.072900+00:00,f5b10065-51a0-418d-ae1f-905830913fa6,2025-07-23T17:26:58.322923+00:00,user,file-6DDZ4UkkkasFkbbNXvLkKy,file-6DDZ4UkkkasFkbbNXvLkKy.dat,BF50BA91-9E8B-4D8E-A4AE-9179EBC6D575.jpeg,image/png,292336,message_attachment,conversations-002(2).json
68811b62-862c-800e-b14f-2b3d23187b9c,LW_Breakdown,2025-07-23T17:26:59.072900+00:00,f5b10065-51a0-418d-ae1f-905830913fa6,2025-07-23T17:26:58.322923+00:00,user,file-3MY8pFbrPCnEGv1vFoh1dU,file-3MY8pFbrPCnEGv1vFoh1dU.dat,C24B7429-8BC7-401A-98DC-B2589E53C220.jpeg,image/png,262123,message_attachment,conversations-002(2).json
68811b62-862c-800e-b14f-2b3d23187b9c,LW_Breakdown,2025-07-23T17:26:59.072900+00:00,f5b10065-51a0-418d-ae1f-905830913fa6,2025-07-23T17:26:58.322923+00:00,user,file-HY4jyLwTaW5NvoDQtBzki8,file-HY4jyLwTaW5NvoDQtBzki8.dat,483EE3C9-F5F0-4620-8266-1D5F6598A570.jpeg,image/png,279658,message_attachment,conversations-002(2).json
68811b62-862c-800e-b14f-2b3d23187b9c,LW_Breakdown,2025-07-23T17:26:59.072900+00:00,f5b10065-51a0-418d-ae1f-905830913fa6,2025-07-23T17:26:58.322923+00:00,user,file-GjwgVeDx5EXexwzo2wYpWx,file-GjwgVeDx5EXexwzo2wYpWx.dat,4773F43E-1B27-4219-9676-53C21551838E.jpeg,image/png,237832,message_attachment,conversations-002(2).json
68811b62-862c-800e-b14f-2b3d23187b9c,LW_Breakdown,2025-07-23T17:26:59.072900+00:00,f5b10065-51a0-418d-ae1f-905830913fa6,2025-07-23T17:26:58.322923+00:00,user,file-61cVsGuCn2qEjMaUUEsfeH,file-61cVsGuCn2qEjMaUUEsfeH.dat,DF6A654F-8048-4485-8ED2-C2119CF42476.jpeg,image/png,256918,message_attachment,conversations-002(2).json
68811b62-862c-800e-b14f-2b3d23187b9c,LW_Breakdown,2025-07-23T17:26:59.072900+00:00,f5b10065-51a0-418d-ae1f-905830913fa6,2025-07-23T17:26:58.322923+00:00,user,file-3Amzum7XNisgp5Aarp5rBM,file-3Amzum7XNisgp5Aarp5rBM.dat,3F43A81C-B445-40C9-B696-A664C778E194.jpeg,image/png,254634,message_attachment,conversations-002(2).json
68811b62-862c-800e-b14f-2b3d23187b9c,LW_Breakdown,2025-07-23T17:26:59.072900+00:00,f5b10065-51a0-418d-ae1f-905830913fa6,2025-07-23T17:26:58.322923+00:00,user,file-G75aB86nY4Rszs6GY6cEAM,file-G75aB86nY4Rszs6GY6cEAM.dat,3BAEC499-2EE5-44BC-81FB-D5ED383C1D55.jpeg,image/png,273446,message_attachment,conversations-002(2).json
68811b62-862c-800e-b14f-2b3d23187b9c,LW_Breakdown,2025-07-23T17:26:59.072900+00:00,f5b10065-51a0-418d-ae1f-905830913fa6,2025-07-23T17:26:58.322923+00:00,user,file-HcUwHfdDy1nnqf6LEwV5yp,file-HcUwHfdDy1nnqf6LEwV5yp.dat,5D2D80C6-4317-40BC-94B5-87CD83C91DD1.jpeg,image/png,209722,message_attachment,conversations-002(2).json
68811b62-862c-800e-b14f-2b3d23187b9c,LW_Breakdown,2025-07-23T17:26:59.072900+00:00,f5f77796-64fe-40b5-91c1-3e0a27e9e813,2025-09-21T17:03:47.730113+00:00,user,file-XqP7fhE4NctdM9X4xL6fuT,file-XqP7fhE4NctdM9X4xL6fuT.dat,A4FF7AB7-FC4C-49B3-8EEB-651BC3D5499A.jpeg,image/jpeg,322120,message_attachment,conversations-002(2).json
68824a13-d994-800e-8502-da74153b4515,Building Attraction Tension,2025-07-24T14:58:28.397076+00:00,846e4cff-9b66-48b4-b569-c4fd24cb5d8f,2025-07-29T21:56:50.978778+00:00,user,file-XYyv1RNKXUw51gYb9ZtHfV,file-XYyv1RNKXUw51gYb9ZtHfV.dat,B05345F4-AD99-43F9-AE9C-0B820444D399.jpeg,image/jpeg,102094,message_attachment,conversations-002(2).json
688377b1-5fb4-8325-94c3-70f9ecf4360e,Improve appendix content,2025-07-25T12:25:21.867752+00:00,e3043ff0-8010-4f11-8954-4e240bcb2390,2025-07-25T12:25:21.150000+00:00,user,file-FXD3CnMmZU9zAFgjbk71XX,file-FXD3CnMmZU9zAFgjbk71XX.dat,deployment AppendixA.docx,application/vnd.openxmlformats-officedocument.wordprocessingml.document,124645,message_attachment,conversations-002(2).json
68893d38-abf0-8320-96f9-2379ee8556bb,teams Rewrite-f,2025-07-29T21:29:29.448825+00:00,8d1adda7-703e-4c31-ba61-2c57139a454d,2025-08-08T12:18:00.009317+00:00,user,file-JPuAwCkPArKxVDr9zNMVrX,file-JPuAwCkPArKxVDr9zNMVrX.dat,65E942ED-ED26-4C22-BF21-1EFE3C9CE304.jpeg,image/jpeg,161910,message_attachment,conversations-002(2).json
68893d38-abf0-8320-96f9-2379ee8556bb,teams Rewrite-f,2025-07-29T21:29:29.448825+00:00,c9d71826-4db1-4aee-81c2-baa002f6c6e0,2025-07-29T23:48:54.382556+00:00,user,file-HQSBMmzwYkuDYgxJAwooED,file-HQSBMmzwYkuDYgxJAwooED.dat,DF5A9B18-9AF8-4AF5-B8E9-015B65946652.jpeg,image/png,222333,message_attachment,conversations-002(2).json
68893d38-abf0-8320-96f9-2379ee8556bb,teams Rewrite-f,2025-07-29T21:29:29.448825+00:00,cc9df26f-0f4a-40fb-93d7-89c49ae4a4e6,2025-07-29T22:03:30.997786+00:00,user,file-PbdhExEJgpLLhR7suvu84p,file-PbdhExEJgpLLhR7suvu84p.dat,67CEA495-5DDF-412B-8F46-C555F75D95BD.jpeg,image/jpeg,82715,message_attachment,conversations-002(2).json
68913335-8488-8323-81c0-e8845f858d19,Aces,2025-08-04T22:24:54.366693+00:00,0ed92cb3-fcf7-47fe-b93e-bbbbe3a452ce,2025-08-04T23:53:47.102822+00:00,user,file-BjKRh9N9jdcXke63h4k9Pp,file-BjKRh9N9jdcXke63h4k9Pp.dat,C515FC3D-2B63-41C9-A164-2E6C96C2872A.jpeg,image/jpeg,109701,message_attachment,conversations-002(2).json
68913335-8488-8323-81c0-e8845f858d19,Aces,2025-08-04T22:24:54.366693+00:00,262b7e82-f58b-489e-924b-15b55bbffb32,2025-08-05T14:29:18.858207+00:00,user,file-BAF3EEjavwzL8pjQLA64u7,file-BAF3EEjavwzL8pjQLA64u7.dat,5375BB5E-36ED-495B-8333-A09CED33CF96.jpeg,image/jpeg,322813,message_attachment,conversations-002(2).json
68913335-8488-8323-81c0-e8845f858d19,Aces,2025-08-04T22:24:54.366693+00:00,6bcd5946-b18f-4546-a3dd-06e54ff8e911,2025-08-04T23:03:05.531159+00:00,user,file-1E6EAsXetFFESiAFAstwmf,file-1E6EAsXetFFESiAFAstwmf.dat,35078DF7-2858-43AF-A273-DD60F82D98AC.jpeg,image/jpeg,132222,message_attachment,conversations-002(2).json
68978f4b-1884-8332-974f-f705b25788da,Gutting mountain bike forks,2025-08-09T18:14:10.698965+00:00,0f40f684-0675-446e-ab06-22786a2eab23,2025-08-09T18:44:14.741000+00:00,user,file-8orsrurhB9ChhXW43eSPyo,file-8orsrurhB9ChhXW43eSPyo.dat,Screenshot 2025-08-09 053942.png,image/png,19403,message_attachment,conversations-002(2).json
68978f4b-1884-8332-974f-f705b25788da,Gutting mountain bike forks,2025-08-09T18:14:10.698965+00:00,0f40f684-0675-446e-ab06-22786a2eab23,2025-08-09T18:44:14.741000+00:00,user,file-GBFo8hCNWjES4ktJvUSuNz,file-GBFo8hCNWjES4ktJvUSuNz.dat,Screenshot 2025-08-09 053114.png,image/png,40027,message_attachment,conversations-002(2).json
68978f4b-1884-8332-974f-f705b25788da,Gutting mountain bike forks,2025-08-09T18:14:10.698965+00:00,0f40f684-0675-446e-ab06-22786a2eab23,2025-08-09T18:44:14.741000+00:00,user,file-7pztPzZTMJ1KSTaHdpDaTg,file-7pztPzZTMJ1KSTaHdpDaTg.dat,Screenshot 2025-08-09 053225.png,image/png,33478,message_attachment,conversations-002(2).json
68978f4b-1884-8332-974f-f705b25788da,Gutting mountain bike forks,2025-08-09T18:14:10.698965+00:00,0f40f684-0675-446e-ab06-22786a2eab23,2025-08-09T18:44:14.741000+00:00,user,file-UrC5xyKgBgfKA2yXmuPV85,file-UrC5xyKgBgfKA2yXmuPV85.dat,Screenshot 2025-08-09 053232.png,image/png,33477,message_attachment,conversations-002(2).json
68978f4b-1884-8332-974f-f705b25788da,Gutting mountain bike forks,2025-08-09T18:14:10.698965+00:00,b638e70a-58fe-4cda-846a-49c47ff20857,2025-08-13T22:14:35.710959+00:00,user,file-33ZpBk76dxvZxreHCGNGJR,file-33ZpBk76dxvZxreHCGNGJR.dat,DEA1A041-AE6F-463D-8D4D-38AF748C59DC.jpeg,image/jpeg,152908,message_attachment,conversations-002(2).json
68978f4b-1884-8332-974f-f705b25788da,Gutting mountain bike forks,2025-08-09T18:14:10.698965+00:00,d651764d-219e-455e-beff-83ba9f69b178,2025-08-09T18:43:45.453000+00:00,user,file-Q5DUsnxhRd93oPS683nsTe,file-Q5DUsnxhRd93oPS683nsTe.dat,17ec0da7-56d7-4605-ac2f-59dbb1c37c13.png,image/png,205497,message_attachment,conversations-002(2).json
68978f4b-1884-8332-974f-f705b25788da,Gutting mountain bike forks,2025-08-09T18:14:10.698965+00:00,d651764d-219e-455e-beff-83ba9f69b178,2025-08-09T18:43:45.453000+00:00,user,file-N9zYHbMkAEfo4eD8Nv5yuG,file-N9zYHbMkAEfo4eD8Nv5yuG.dat,0bc7e21d-486f-49ff-bf88-0d2572041c15.png,image/png,79585,message_attachment,conversations-002(2).json
68978f4b-1884-8332-974f-f705b25788da,Gutting mountain bike forks,2025-08-09T18:14:10.698965+00:00,eddbef95-a357-4f88-a955-37500cddbcde,2025-08-10T19:47:25.484536+00:00,user,file-JRmSdgZqg88rYPnVhheQva,file-JRmSdgZqg88rYPnVhheQva.dat,34832A0F-E536-4DCE-9433-6A84359A9280.jpeg,image/jpeg,969133,message_attachment,conversations-002(2).json
68978f4b-1884-8332-974f-f705b25788da,Gutting mountain bike forks,2025-08-09T18:14:10.698965+00:00,eddbef95-a357-4f88-a955-37500cddbcde,2025-08-10T19:47:25.484536+00:00,user,file-MwBR35rLsUAqdCRa1gpsVL,file-MwBR35rLsUAqdCRa1gpsVL.dat,71080EE3-4098-435D-89F6-E2A142D659E7.jpeg,image/jpeg,1099690,message_attachment,conversations-002(2).json
68978f4b-1884-8332-974f-f705b25788da,Gutting mountain bike forks,2025-08-09T18:14:10.698965+00:00,eddbef95-a357-4f88-a955-37500cddbcde,2025-08-10T19:47:25.484536+00:00,user,file-JMwe45ZCMa151aePRTajdW,file-JMwe45ZCMa151aePRTajdW.dat,F74D9A82-725D-4ED3-8F09-A21FF0652AD7.jpeg,image/jpeg,1068213,message_attachment,conversations-002(2).json
68978f4b-1884-8332-974f-f705b25788da,Gutting mountain bike forks,2025-08-09T18:14:10.698965+00:00,eddbef95-a357-4f88-a955-37500cddbcde,2025-08-10T19:47:25.484536+00:00,user,file-Vi5LmzuTMdXNZpEa7qHujG,file-Vi5LmzuTMdXNZpEa7qHujG.dat,B72A7F38-90D0-4140-BBA4-0C29D3FCE193.jpeg,image/jpeg,1089574,message_attachment,conversations-002(2).json
68978f4b-1884-8332-974f-f705b25788da,Gutting mountain bike forks,2025-08-09T18:14:10.698965+00:00,eddbef95-a357-4f88-a955-37500cddbcde,2025-08-10T19:47:25.484536+00:00,user,file-QVMjDvmqkNaZCyDqneWadE,file-QVMjDvmqkNaZCyDqneWadE.dat,4B19B80F-3F84-4F5E-8053-BA85E603BEED.jpeg,image/jpeg,466898,message_attachment,conversations-002(2).json
6899f27e-7efc-8324-b700-598e7ebfe5a5,Banter escalation tips,2025-08-11T13:39:15.038821+00:00,2f824275-2d94-40d2-8bb7-6db7e057c2c4,2025-08-11T13:39:10.375923+00:00,user,file-LDyVbvEBQysuvFsEkssS6p,file-LDyVbvEBQysuvFsEkssS6p.dat,621130C8-312C-42FD-8DA2-4F4C6A1F9DAC.jpeg,image/jpeg,186923,message_attachment,conversations-002(2).json
689b677e-d85c-8321-b35c-569a54e1cbce,Re-engagement campaign strategy,2025-08-12T16:10:41.845557+00:00,304588fe-02d4-4cbe-b547-81a4eb5e9a2d,2025-08-12T16:10:38.783092+00:00,user,file-XL4hpmkPV1yRGDq6v53Vwu,file-XL4hpmkPV1yRGDq6v53Vwu.dat,E8FAA14B-91A3-498E-B5BD-D33D37BB9E86.jpeg,image/jpeg,281248,message_attachment,conversations-002(2).json
68a09c85-46f4-8324-8ed1-93a2c9f6aaf2,Sexy rating offer,2025-08-16T14:58:13.988428+00:00,496563bc-ee1a-45cb-9c5e-e10f5745c3ad,2025-08-16T15:28:48.920463+00:00,user,file-JY4YNyPcb5zSiUnRb2nfvZ,file-JY4YNyPcb5zSiUnRb2nfvZ.dat,09C0D712-C892-4E2A-8C62-E9173E678704.jpeg,image/jpeg,3776549,message_attachment,conversations-002(2).json
68a09c85-46f4-8324-8ed1-93a2c9f6aaf2,Sexy rating offer,2025-08-16T14:58:13.988428+00:00,496563bc-ee1a-45cb-9c5e-e10f5745c3ad,2025-08-16T15:28:48.920463+00:00,user,file-5jRVUgs59T3Rw6iYgPCJtV,file-5jRVUgs59T3Rw6iYgPCJtV.dat,1F8CEFBB-0990-40CE-A19D-115162BD386A.jpeg,image/jpeg,3826176,message_attachment,conversations-002(2).json
68a09c85-46f4-8324-8ed1-93a2c9f6aaf2,Sexy rating offer,2025-08-16T14:58:13.988428+00:00,496563bc-ee1a-45cb-9c5e-e10f5745c3ad,2025-08-16T15:28:48.920463+00:00,user,file-3SWcmzY1Xx8Ar21koK3rFz,file-3SWcmzY1Xx8Ar21koK3rFz.dat,FFCD6C3B-8309-4914-A8A0-471671F985FC.jpeg,image/jpeg,4069602,message_attachment,conversations-002(2).json
68a09c85-46f4-8324-8ed1-93a2c9f6aaf2,Sexy rating offer,2025-08-16T14:58:13.988428+00:00,496563bc-ee1a-45cb-9c5e-e10f5745c3ad,2025-08-16T15:28:48.920463+00:00,user,file-1qNUkXdoAHKMJk524W96cw,file-1qNUkXdoAHKMJk524W96cw.dat,B818EE82-9309-475F-92E0-5040FD560B6B.jpeg,image/jpeg,3984981,message_attachment,conversations-002(2).json
68a09c85-46f4-8324-8ed1-93a2c9f6aaf2,Sexy rating offer,2025-08-16T14:58:13.988428+00:00,496563bc-ee1a-45cb-9c5e-e10f5745c3ad,2025-08-16T15:28:48.920463+00:00,user,file-2SnHjqrLoZYrnSjvpzoNp5,file-2SnHjqrLoZYrnSjvpzoNp5.dat,DB19B779-0B98-4837-9730-122BC1670005.jpeg,image/jpeg,4048673,message_attachment,conversations-002(2).json
68a09c85-46f4-8324-8ed1-93a2c9f6aaf2,Sexy rating offer,2025-08-16T14:58:13.988428+00:00,496563bc-ee1a-45cb-9c5e-e10f5745c3ad,2025-08-16T15:28:48.920463+00:00,user,file-EyA2NFS7xvc75bVyRpyYvt,file-EyA2NFS7xvc75bVyRpyYvt.dat,1930C5D1-B941-4283-B93E-F9C5DFDFA0BB.jpeg,image/jpeg,65956,message_attachment,conversations-002(2).json
68a09c85-46f4-8324-8ed1-93a2c9f6aaf2,Sexy rating offer,2025-08-16T14:58:13.988428+00:00,496563bc-ee1a-45cb-9c5e-e10f5745c3ad,2025-08-16T15:28:48.920463+00:00,user,file-Fp2zquzMFPvh2HWnrb2TwT,file-Fp2zquzMFPvh2HWnrb2TwT.dat,BC86D37A-B7DA-4E3C-9A43-3B7358DFB280.jpeg,image/png,228811,message_attachment,conversations-002(2).json
68a0f30c-899c-8333-8c1c-13ac09357a13,Find celeb look alike,2025-08-16T21:07:26.946886+00:00,f71b261e-1a55-4919-9954-b56e73f9919c,2025-08-16T21:10:34.551266+00:00,user,file-W8n9KMR2okCpvB1kwHsVfv,file-W8n9KMR2okCpvB1kwHsVfv.dat,2BB1F2B4-8831-4CA4-B92E-468A470680A4.jpeg,image/jpeg,3431449,message_attachment,conversations-002(2).json
68a0f30c-899c-8333-8c1c-13ac09357a13,Find celeb look alike,2025-08-16T21:07:26.946886+00:00,f71b261e-1a55-4919-9954-b56e73f9919c,2025-08-16T21:10:34.551266+00:00,user,file-JYhfrzv2tQvhAQuXdQM6JA,file-JYhfrzv2tQvhAQuXdQM6JA.dat,0254BA5A-7031-43DE-9156-C193CE2654FA.jpeg,image/jpeg,3535284,message_attachment,conversations-002(2).json
68a0f30c-899c-8333-8c1c-13ac09357a13,Find celeb look alike,2025-08-16T21:07:26.946886+00:00,f71b261e-1a55-4919-9954-b56e73f9919c,2025-08-16T21:10:34.551266+00:00,user,file-NGWqMYCkJJDTbGRYCeUw6V,file-NGWqMYCkJJDTbGRYCeUw6V.dat,6823F04D-964F-4F23-BA5F-057D496871D6.jpeg,image/jpeg,3527606,message_attachment,conversations-002(2).json
68a0f30c-899c-8333-8c1c-13ac09357a13,Find celeb look alike,2025-08-16T21:07:26.946886+00:00,f71b261e-1a55-4919-9954-b56e73f9919c,2025-08-16T21:10:34.551266+00:00,user,file-8DkGFqZ5BejtVTQb2HE8Dq,file-8DkGFqZ5BejtVTQb2HE8Dq.dat,8DFD4DF2-49AB-4303-9EDC-30277178C7B0.jpeg,image/jpeg,3582570,message_attachment,conversations-002(2).json
68a0f30c-899c-8333-8c1c-13ac09357a13,Find celeb look alike,2025-08-16T21:07:26.946886+00:00,f71b261e-1a55-4919-9954-b56e73f9919c,2025-08-16T21:10:34.551266+00:00,user,file-PKuT1n3gBniH39esJHBitV,file-PKuT1n3gBniH39esJHBitV.dat,C1D6D6C1-999A-4757-90E8-80DE41349745.jpeg,image/jpeg,3247999,message_attachment,conversations-002(2).json
68a0f30c-899c-8333-8c1c-13ac09357a13,Find celeb look alike,2025-08-16T21:07:26.946886+00:00,f71b261e-1a55-4919-9954-b56e73f9919c,2025-08-16T21:10:34.551266+00:00,user,file-KEWnkNXgepoZ6tBvgxZxy4,file-KEWnkNXgepoZ6tBvgxZxy4.dat,417A926C-CA0A-4A72-9FFB-E86B931A607D.jpeg,image/jpeg,3242343,message_attachment,conversations-002(2).json
68a0f30c-899c-8333-8c1c-13ac09357a13,Find celeb look alike,2025-08-16T21:07:26.946886+00:00,f71b261e-1a55-4919-9954-b56e73f9919c,2025-08-16T21:10:34.551266+00:00,user,file-LSSXmPdHNvcY8jYVszPhmC,file-LSSXmPdHNvcY8jYVszPhmC.dat,79AECAD3-B5CC-47A0-96D0-6E46CE2550B5.jpeg,image/jpeg,397287,message_attachment,conversations-002(2).json
68a0f30c-899c-8333-8c1c-13ac09357a13,Find celeb look alike,2025-08-16T21:07:26.946886+00:00,f71b261e-1a55-4919-9954-b56e73f9919c,2025-08-16T21:10:34.551266+00:00,user,file-QUh9FLv87uiPKky15SKfDp,file-QUh9FLv87uiPKky15SKfDp.dat,CF15873E-12FF-4BE3-8643-25E74D7EB0BD.jpeg,image/jpeg,379175,message_attachment,conversations-002(2).json
68a0f30c-899c-8333-8c1c-13ac09357a13,Find celeb look alike,2025-08-16T21:07:26.946886+00:00,f71b261e-1a55-4919-9954-b56e73f9919c,2025-08-16T21:10:34.551266+00:00,user,file-PRG9pZc1MPrqtSJD7UaZeR,file-PRG9pZc1MPrqtSJD7UaZeR.dat,CCA44E69-5049-4A7E-B7CE-FD8CF3DBF80B.jpeg,image/jpeg,590286,message_attachment,conversations-002(2).json
68a0f30c-899c-8333-8c1c-13ac09357a13,Find celeb look alike,2025-08-16T21:07:26.946886+00:00,f71b261e-1a55-4919-9954-b56e73f9919c,2025-08-16T21:10:34.551266+00:00,user,file-4qgcxyW5iWGAit5qTQAcFf,file-4qgcxyW5iWGAit5qTQAcFf.dat,FB014D0E-B464-44E9-8672-82558A2B2D9B.jpeg,image/jpeg,2993549,message_attachment,conversations-002(2).json
68a3c901-95c8-8333-add0-346133faf4f7,Supermarket opener tips,2025-08-19T00:44:52.335747+00:00,a335ec54-e974-47fc-9a9c-f8b2f94bc100,2025-08-19T00:44:51.911042+00:00,assistant,file-SifEE5r43xHvgvSS5ADuZM,file-SifEE5r43xHvgvSS5ADuZM.dat,The_Approach_Blueprint_Updated.pdf,,,my_files,conversations-002(2).json
68a3de10-a3f0-8331-9c73-6ad7a085c7ec,Gym openers for women,2025-08-19T02:14:43.555341+00:00,7e2befc3-29e0-4830-9997-ab9375954b3a,2025-08-19T02:14:43.234199+00:00,assistant,file-SifEE5r43xHvgvSS5ADuZM,file-SifEE5r43xHvgvSS5ADuZM.dat,The_Approach_Blueprint_Updated.pdf,,,my_files,conversations-002(2).json
68a63384-c448-8332-8f79-070182bbcd04,Message rewrite suggestions,2025-08-20T20:43:49.995981+00:00,178bac80-aaf0-4d84-8378-a0d7a0567813,2025-08-21T13:54:54.203000+00:00,user,file-1QgGf3VwrSUHHMyPsXfXsm,file-1QgGf3VwrSUHHMyPsXfXsm.dat,7aa1430d-4be1-44ba-bf37-bc7bcbc6d9c7.png,image/png,8899,message_attachment,conversations-002(2).json
68a88e80-cd38-8323-87fa-954b0cf4ee37,Rewrite for co-worker,2025-08-22T15:36:35.487435+00:00,a78e0c12-4a21-4712-a518-fa7e8c4acfe7,2025-09-16T12:55:53.704000+00:00,user,file-XUKERbwUL8ki3hPwSkxA6w,file-XUKERbwUL8ki3hPwSkxA6w.dat,aa706ceb-78af-43b5-8c05-59d0a249f19a.png,image/png,3906,local,conversations-002(2).json
68a88e80-cd38-8323-87fa-954b0cf4ee37,Rewrite for co-worker,2025-08-22T15:36:35.487435+00:00,f81b3e90-f9a4-4a08-b171-689912bbd637,2025-10-15T13:57:59.406000+00:00,user,file_00000000f28461f59a369f42cbb5b1a1,file_00000000f28461f59a369f42cbb5b1a1.dat,7b74d54a-99e4-4fdb-bde0-33d491a88978.png,image/png,44450,local,conversations-002(2).json
68af107e-e664-8323-8f85-2e3548d5dd84,Response options for friend,2025-08-27T14:04:50.600394+00:00,29a15415-fb9f-4bc0-b79e-5b548f4b1f35,2025-08-27T14:04:49.681133+00:00,user,file-DWja99dQTKMKk2j8xu8BLe,file-DWja99dQTKMKk2j8xu8BLe.dat,418273F8-4884-4903-9E3B-39E19D58D160.jpeg,image/jpeg,276926,message_attachment,conversations-002(2).json
68b18c17-8188-8328-9eab-0983e6f6ee36,Good response suggestion,2025-08-29T11:16:41.666669+00:00,fda256c0-37e5-4d43-a1c8-5b80346ae643,2025-08-29T11:16:39.228184+00:00,user,file-ULfyw6VXiwnQqE7qv4PVHq,file-ULfyw6VXiwnQqE7qv4PVHq.dat,04DFD8D7-1973-4C9A-ADF1-030C360A8222.jpeg,image/jpeg,223123,message_attachment,conversations-002(2).json
68b22860-82e4-8321-b3bd-6e1e7af6e88e,New chat,2025-08-29T22:23:31.311012+00:00,5dfa2ad4-937d-4344-98cb-cb9e7879577d,2025-08-29T22:25:37.097065+00:00,user,file-ADxwPA9QJdo3Tq4rsu5BCq,file-ADxwPA9QJdo3Tq4rsu5BCq.dat,0DC5F78E-406A-4884-8937-9E60C128991F.jpeg,image/png,506747,message_attachment,conversations-002(2).json
68b8e90f-aebc-832d-b887-a6fcc219a1fb,Create message for friend,2025-09-04T01:19:13.144390+00:00,56a0bcda-0606-4db6-8f2c-1497f20dcba2,2025-09-04T01:19:10.624587+00:00,user,file-RwHPCUJvJoE78xRAD8xscw,file-RwHPCUJvJoE78xRAD8xscw.dat,E397CDF3-14C6-4609-A4FE-BAE55B69E631.jpeg,image/jpeg,72533,message_attachment,conversations-002(2).json
68d804b8-0134-832b-8376-60681c6df973,Systolic healthy limit,2025-09-27T15:37:53.042282+00:00,d998a082-902d-47a5-965e-573c0cd7d660,2025-09-27T15:39:07.031783+00:00,user,file_00000000c37c622fb2ccd1e59c0d992c,file_00000000c37c622fb2ccd1e59c0d992c.dat,CA611132-FF9B-4BD6-AB36-D8830B9452B3.jpeg,image/jpeg,111164,message_attachment,conversations-002(2).json
68d8113c-24dc-8322-9905-0204c14a82f3,Game instance distribution,2025-09-27T16:32:13.776068+00:00,05aafb0d-1b4a-4eeb-96c5-102eca294c02,2025-10-04T20:32:21.458874+00:00,user,file_00000000ba3861fda2d56e12705e9021,file_00000000ba3861fda2d56e12705e9021.dat,E7005CE0-9C4B-4195-8102-AA20E22BF290.jpeg,image/jpeg,241076,message_attachment,conversations-002(2).json
68d8113c-24dc-8322-9905-0204c14a82f3,Game instance distribution,2025-09-27T16:32:13.776068+00:00,05aafb0d-1b4a-4eeb-96c5-102eca294c02,2025-10-04T20:32:21.458874+00:00,user,file_00000000b96c620aa8d65d65332ebf84,file_00000000b96c620aa8d65d65332ebf84.dat,CDE559E6-EF16-4DD3-82B3-3847075C0E1A.jpeg,image/jpeg,337614,message_attachment,conversations-002(2).json
68d8113c-24dc-8322-9905-0204c14a82f3,Game instance distribution,2025-09-27T16:32:13.776068+00:00,bbb43d91-aff5-4933-9756-24af6fac2e34,2025-10-04T21:07:05.205398+00:00,user,file_00000000e34861f790f753c004e541a3,file_00000000e34861f790f753c004e541a3.dat,A1550662-ACA3-455F-8646-B891F5C3C847.jpeg,image/jpeg,282088,message_attachment,conversations-002(2).json
68d8113c-24dc-8322-9905-0204c14a82f3,Game instance distribution,2025-09-27T16:32:13.776068+00:00,bbb43d91-aff5-4933-9756-24af6fac2e34,2025-10-04T21:07:05.205398+00:00,user,file_000000002b1861f7973b49f1655d8c4e,file_000000002b1861f7973b49f1655d8c4e.dat,36AE8160-5D01-4D2A-82A9-A3A470C00EE9.jpeg,image/jpeg,273938,message_attachment,conversations-002(2).json
68d8113c-24dc-8322-9905-0204c14a82f3,Game instance distribution,2025-09-27T16:32:13.776068+00:00,bbb43d91-aff5-4933-9756-24af6fac2e34,2025-10-04T21:07:05.205398+00:00,user,file_000000009de461f785c6af9637a15b74,file_000000009de461f785c6af9637a15b74.dat,4850879F-81DD-4B1D-9453-EB2137C6D592.jpeg,image/jpeg,271472,message_attachment,conversations-002(2).json
68d8113c-24dc-8322-9905-0204c14a82f3,Game instance distribution,2025-09-27T16:32:13.776068+00:00,bbb43d91-aff5-4933-9756-24af6fac2e34,2025-10-04T21:07:05.205398+00:00,user,file_00000000ddd461f7889d0758a8994016,file_00000000ddd461f7889d0758a8994016.dat,AD7018A2-F61A-4749-8153-1AE321179184.jpeg,image/jpeg,326240,message_attachment,conversations-002(2).json
68d8113c-24dc-8322-9905-0204c14a82f3,Game instance distribution,2025-09-27T16:32:13.776068+00:00,d89686ad-293d-4132-9520-8ef6cf74130f,2025-10-04T20:54:19.654052+00:00,user,file_000000006cc461fbbcea9039aafb6f8b,file_000000006cc461fbbcea9039aafb6f8b.dat,945F9161-1FB0-4C66-B37A-5CEFC5860F21.jpeg,image/jpeg,301276,message_attachment,conversations-002(2).json
68dc656b-ee84-832e-a070-1beb146f27ad,Response suggestion for banter,2025-09-30T23:19:08.942865+00:00,068f5757-b352-4961-93e4-0ee0645ec45d,2025-10-01T00:39:06.806648+00:00,user,file_00000000e59061f682e1a94e716205a0,file_00000000e59061f682e1a94e716205a0.dat,08C6C716-19A1-4FC1-9739-B08AA158CC17.jpeg,image/jpeg,461637,message_attachment,conversations-002(2).json
68dc656b-ee84-832e-a070-1beb146f27ad,Response suggestion for banter,2025-09-30T23:19:08.942865+00:00,93ecae96-dced-4d86-a55d-8f464bce60b8,2025-09-30T23:19:07.476118+00:00,user,file_00000000044861f59aa70ca747922722,file_00000000044861f59aa70ca747922722.dat,6E098208-36AD-4D72-8879-3EA0CE6AA519.jpeg,image/jpeg,293216,message_attachment,conversations-002(2).json
68de6bba-25d4-8325-bb65-c7facb5c8957,Dell Precision 7680 support,2025-10-02T12:14:22.328818+00:00,30e30ad2-0787-4c8d-92c2-df7faf76e04c,2025-10-02T13:05:02.616000+00:00,user,file_00000000037861f7bf8783e31e7952ca,file_00000000037861f7bf8783e31e7952ca.dat,Dell Support_LAPTOPV3.png,image/png,115216,local,conversations-002(2).json
68de6bba-25d4-8325-bb65-c7facb5c8957,Dell Precision 7680 support,2025-10-02T12:14:22.328818+00:00,30e30ad2-0787-4c8d-92c2-df7faf76e04c,2025-10-02T13:05:02.616000+00:00,user,file_0000000006ac61f7b762399a11c0cd8c,file_0000000006ac61f7b762399a11c0cd8c.dat,Dell_LAPTOP_V3_Warranty .png,image/png,30293,local,conversations-002(2).json
68de6bba-25d4-8325-bb65-c7facb5c8957,Dell Precision 7680 support,2025-10-02T12:14:22.328818+00:00,f0f831ec-109b-4fec-bb2d-4efe176f1887,2025-10-02T12:31:48.842212+00:00,user,file_0000000016ac61fab1bf6b7986622430,file_0000000016ac61fab1bf6b7986622430.dat,471A658E-F2FB-43AE-AAAF-4F7005986255.jpeg,image/jpeg,3613463,message_attachment,conversations-002(2).json
68e4379f-ff30-8326-9df2-a1fef891ffe0,Prime factorization breakdown,2025-10-06T21:42:03.204584+00:00,279398ed-de78-479e-a844-fc3e10420f9f,2025-10-06T21:42:02.227407+00:00,user,file_00000000b3b061f5a7310c8b6d3a1b3f,file_00000000b3b061f5a7310c8b6d3a1b3f.dat,358502FF-A1AA-408C-A90D-CB86ED40B7C4.jpeg,image/jpeg,522647,message_attachment,conversations-002(2).json
68e52055-d6e0-8332-9d8b-f399241522eb,Reaching out to FWB,2025-10-07T14:14:48.614923+00:00,daeda2fd-0acd-4e55-a624-28104ab3a522,2025-10-07T14:14:44.007448+00:00,user,file_0000000034a861f6b4d0d99ac7d0a105,file_0000000034a861f6b4d0d99ac7d0a105.dat,6BA8F4B0-2AF8-4107-9658-4B2BECC5B382.jpeg,image/jpeg,640966,message_attachment,conversations-002(2).json
68e52055-d6e0-8332-9d8b-f399241522eb,Reaching out to FWB,2025-10-07T14:14:48.614923+00:00,f7ac6c2b-8d52-418c-beec-05270ffecfe7,2025-10-07T14:18:10.491395+00:00,user,file_00000000d9f461f6b68b7835e4d67fc6,file_00000000d9f461f6b68b7835e4d67fc6.dat,17915E09-F6AA-432B-A8FE-5E410E2AF224.jpeg,image/png,223187,message_attachment,conversations-002(2).json
68e5d3df-3340-832a-a966-ec3c94cc95cf,Banter ideas for hippie chick,2025-10-08T03:00:47.712642+00:00,0f9ca191-b315-4dc8-94ee-baa5d5884032,2025-10-21T01:07:30.676420+00:00,user,file_00000000778061f7b2ed76c736bd55b9,file_00000000778061f7b2ed76c736bd55b9.dat,5F56FC41-950F-420F-BA95-62973496FCD5.jpeg,image/jpeg,1093716,message_attachment,conversations-002(2).json
68e5d3df-3340-832a-a966-ec3c94cc95cf,Banter ideas for hippie chick,2025-10-08T03:00:47.712642+00:00,0f9ca191-b315-4dc8-94ee-baa5d5884032,2025-10-21T01:07:30.676420+00:00,user,file_000000000b6061f7ba58fbf77dc31186,file_000000000b6061f7ba58fbf77dc31186.dat,A7C51338-5F22-4867-9153-1FE0B5127B5A.jpeg,image/jpeg,604229,message_attachment,conversations-002(2).json
68e7cfba-38d4-8327-92f9-dcb05b976db1,Tighten tease response,2025-10-09T15:07:38.712979+00:00,36a90cc7-98cd-419d-b18a-cb1512f15658,2025-10-11T01:34:43.472870+00:00,user,file_000000007de061f7a326dcb1874df018,file_000000007de061f7a326dcb1874df018.dat,2330F40D-0C9D-4291-8A96-9654F892C140.jpeg,image/jpeg,342731,message_attachment,conversations-002(2).json
69038ee6-7b40-8325-a27a-cc46bc001a35,Responding to a friend,2025-10-30T16:15:26.208451+00:00,bd85cc4f-1f51-42ea-98e0-72e48f72fb64,2025-10-30T16:15:25.299903+00:00,user,file_00000000826461f790892a5764b4f69c,file_00000000826461f790892a5764b4f69c.dat,D9BFEEE3-A4CE-49D4-B9E2-BA867FD2D486.jpeg,image/jpeg,383458,message_attachment,conversations-002(2).json
69038ee6-7b40-8325-a27a-cc46bc001a35,Responding to a friend,2025-10-30T16:15:26.208451+00:00,bd85cc4f-1f51-42ea-98e0-72e48f72fb64,2025-10-30T16:15:25.299903+00:00,user,file_0000000062cc61f7a9bbe42c0e11b49e,file_0000000062cc61f7a9bbe42c0e11b49e.dat,E0DAB9B0-936F-4770-B6C7-411142986138.jpeg,image/jpeg,295840,message_attachment,conversations-002(2).json
6908ba27-3518-8330-ae8a-b8af4f1fcab0,Camera detection troubleshooting,2025-11-03T14:20:41.579104+00:00,10221293-4872-4580-be8a-d13b589be75a,2025-11-03T14:20:40.579000+00:00,user,file_00000000c2607230810f73a44e86c222,file_00000000c2607230810f73a44e86c222.dat,a3a0730d-2175-4115-a724-7b20b82b3b0a.png,image/png,6554,local,conversations-002(2).json
690a1662-4df4-832c-b830-652f54d3a31a,Innuendo call sign ideas,2025-11-04T15:10:43.353548+00:00,a64929ec-e086-45c4-9c12-6b07acfaf922,2025-11-04T15:26:19.623630+00:00,assistant,file_0000000092c47230982a4b2e3a9852fc,file_0000000092c47230982a4b2e3a9852fc.dat,,,12078,content_asset_pointer,conversations-002(2).json
690e36c6-8128-8330-a302-11b717eacaac,Translate to English,2025-11-07T18:13:49.187735+00:00,0a7a9cad-bfc9-4f79-a755-9b750ed21800,2025-11-07T18:13:47.511624+00:00,user,file_000000002a98723087a169b72a3bf9c2,file_000000002a98723087a169b72a3bf9c2.dat,8D5216C8-AE24-450F-AC75-82CF54DD7E4A.jpeg,image/jpeg,542543,message_attachment,conversations-002(2).json
690e8f49-ef34-832a-9553-80c853478e25,Multicrew aircraft requirements,2025-11-08T00:31:52.294169+00:00,06a062c3-174a-477f-9504-ef31163473bd,2025-11-08T01:44:59.038127+00:00,user,file_0000000065d8722f8f334adc00df5286,file_0000000065d8722f8f334adc00df5286.dat,IMG_F2F8E1A8-7B7E-478F-A846-E580880D61EC.jpeg,image/jpeg,418442,message_attachment,conversations-002(2).json
690e8f49-ef34-832a-9553-80c853478e25,Multicrew aircraft requirements,2025-11-08T00:31:52.294169+00:00,08dd7308-9ae8-4ea1-a12a-23d6e0315526,2025-12-13T14:50:45.207687+00:00,user,file_000000001c5471fd83c3dc16b21a55a5,file_000000001c5471fd83c3dc16b21a55a5.dat,IMG_C9C89689-00D9-4490-A0A6-DAC58822E950.jpeg,image/jpeg,2128291,message_attachment,conversations-002(2).json
690e8f49-ef34-832a-9553-80c853478e25,Multicrew aircraft requirements,2025-11-08T00:31:52.294169+00:00,29c34c70-4036-4e1f-8caa-581db02a4636,2025-11-27T18:17:06.149000+00:00,user,file_00000000bd5871fd8c1c04cbdaed2abd,file_00000000bd5871fd8c1c04cbdaed2abd.dat,65799483-54ee-47df-a050-eeef583adb87.png,image/png,100718,local,conversations-002(2).json
690e8f49-ef34-832a-9553-80c853478e25,Multicrew aircraft requirements,2025-11-08T00:31:52.294169+00:00,2b61743c-74aa-472c-809d-9c9188247111,2025-11-08T01:18:38.059387+00:00,user,file_00000000a864720cb2332068437de2f3,file_00000000a864720cb2332068437de2f3.dat,IMG_48ED3450-95EE-4EC6-AC78-7C5959562ACD.jpeg,image/jpeg,504241,message_attachment,conversations-002(2).json
690e8f49-ef34-832a-9553-80c853478e25,Multicrew aircraft requirements,2025-11-08T00:31:52.294169+00:00,369b872e-a2fa-4f80-9030-ab08c81c07ba,2025-11-08T18:26:10.346000+00:00,user,file_000000002dc871f7a9a6957a3b1193d8,file_000000002dc871f7a9a6957a3b1193d8.dat,6f4c8ee6-3396-48c3-a62f-2877018b5c1e.png,image/png,58526,local,conversations-002(2).json
690e8f49-ef34-832a-9553-80c853478e25,Multicrew aircraft requirements,2025-11-08T00:31:52.294169+00:00,3f91a333-da9c-472f-ad51-6d506a768393,2025-12-13T15:19:21.507325+00:00,user,file_00000000fdd871f58a0e2829cc378cff,file_00000000fdd871f58a0e2829cc378cff.dat,IMG_EDB9CC52-E1BD-4F7D-847B-D74E08400B29.jpeg,image/jpeg,3488368,message_attachment,conversations-002(2).json
690e8f49-ef34-832a-9553-80c853478e25,Multicrew aircraft requirements,2025-11-08T00:31:52.294169+00:00,5beeacb8-86d8-446a-9dfb-65d75e881d6c,2025-11-08T18:24:45.930000+00:00,user,file_000000004ba471f7b2e28cda89ec8dd3,file_000000004ba471f7b2e28cda89ec8dd3.dat,6d7588a7-24ee-46e1-9fa8-df947d7db4a7.png,image/png,58537,local,conversations-002(2).json
690e8f49-ef34-832a-9553-80c853478e25,Multicrew aircraft requirements,2025-11-08T00:31:52.294169+00:00,67ebf9ae-ece4-47ba-8593-3585b0ed8420,2025-11-08T01:10:23.446081+00:00,user,file_000000007110720ca8e456f9b8688e37,file_000000007110720ca8e456f9b8688e37.dat,IMG_2BC8F68A-DBCC-4995-9DCF-F7F3F43BE1AF.jpeg,image/jpeg,3905084,message_attachment,conversations-002(2).json
690e8f49-ef34-832a-9553-80c853478e25,Multicrew aircraft requirements,2025-11-08T00:31:52.294169+00:00,67ebf9ae-ece4-47ba-8593-3585b0ed8420,2025-11-08T01:10:23.446081+00:00,user,file_000000001d1c720cb8a8e9650e9f4c2a,file_000000001d1c720cb8a8e9650e9f4c2a.dat,IMG_52EB4EB6-2488-47ED-9F7A-8A5C9C7C396C.jpeg,image/jpeg,3714845,message_attachment,conversations-002(2).json
690e8f49-ef34-832a-9553-80c853478e25,Multicrew aircraft requirements,2025-11-08T00:31:52.294169+00:00,67ebf9ae-ece4-47ba-8593-3585b0ed8420,2025-11-08T01:10:23.446081+00:00,user,file_0000000089bc722f84cff0234e38e149,file_0000000089bc722f84cff0234e38e149.dat,IMG_2735122A-87FB-45F9-8D26-916C95B08656.jpeg,image/jpeg,3457565,message_attachment,conversations-002(2).json
690e8f49-ef34-832a-9553-80c853478e25,Multicrew aircraft requirements,2025-11-08T00:31:52.294169+00:00,67ebf9ae-ece4-47ba-8593-3585b0ed8420,2025-11-08T01:10:23.446081+00:00,user,file_00000000f888722fb0d8ce45e0d6d0f0,file_00000000f888722fb0d8ce45e0d6d0f0.dat,IMG_4ED2A2EB-ADAE-4C10-ACE4-88A94EFF5704.jpeg,image/jpeg,3837020,message_attachment,conversations-002(2).json
690e8f49-ef34-832a-9553-80c853478e25,Multicrew aircraft requirements,2025-11-08T00:31:52.294169+00:00,67ebf9ae-ece4-47ba-8593-3585b0ed8420,2025-11-08T01:10:23.446081+00:00,user,file_00000000957471f5bbca84635a792d05,file_00000000957471f5bbca84635a792d05.dat,IMG_4D0E14E5-05FE-4B97-8DFC-4D3710EE995C.jpeg,image/jpeg,3982762,message_attachment,conversations-002(2).json
690e8f49-ef34-832a-9553-80c853478e25,Multicrew aircraft requirements,2025-11-08T00:31:52.294169+00:00,67ebf9ae-ece4-47ba-8593-3585b0ed8420,2025-11-08T01:10:23.446081+00:00,user,file_000000007744722f8f7361be73724cfa,file_000000007744722f8f7361be73724cfa.dat,IMG_C2728A49-9395-4F75-A7DB-06561392D687.jpeg,image/jpeg,3547315,message_attachment,conversations-002(2).json
690e8f49-ef34-832a-9553-80c853478e25,Multicrew aircraft requirements,2025-11-08T00:31:52.294169+00:00,881c2bb9-fa04-4f49-bf5a-e98b5c1f0a6b,2025-12-16T19:58:55.942000+00:00,user,file_000000000a8c71f798894e763cf91295,file_000000000a8c71f798894e763cf91295.dat,cbe91fb2-6169-4c2f-9c87-e39edb4826ec.png,image/png,63875,local,conversations-002(2).json
690e8f49-ef34-832a-9553-80c853478e25,Multicrew aircraft requirements,2025-11-08T00:31:52.294169+00:00,8fbff0d7-98d6-45aa-9b1f-e0b918c185b7,2025-11-08T01:12:30.339994+00:00,user,file_00000000fc6c71f58b2f5ddf80551766,file_00000000fc6c71f58b2f5ddf80551766.dat,IMG_D605F093-AEC0-4B98-B8B7-DA578480E9B6.jpeg,image/jpeg,3532672,message_attachment,conversations-002(2).json
690e8f49-ef34-832a-9553-80c853478e25,Multicrew aircraft requirements,2025-11-08T00:31:52.294169+00:00,90a20c3c-297d-43dd-8761-b6964d941340,2025-11-08T18:21:58.491000+00:00,user,file_00000000f01471f59de996b87c49d44a,file_00000000f01471f59de996b87c49d44a.dat,3a7f6d9f-ef4f-4587-b284-9264110ba9d8.png,image/png,60420,local,conversations-002(2).json
690e8f49-ef34-832a-9553-80c853478e25,Multicrew aircraft requirements,2025-11-08T00:31:52.294169+00:00,96c3f13f-638c-4984-91b0-38b56be03419,2025-11-08T18:49:51.223000+00:00,user,file_00000000e3f071f5a8f3898682ed2a57,file_00000000e3f071f5a8f3898682ed2a57.dat,693bc641-12a6-4b49-8266-4e2af59cbc13.png,image/png,49149,local,conversations-002(2).json
690e8f49-ef34-832a-9553-80c853478e25,Multicrew aircraft requirements,2025-11-08T00:31:52.294169+00:00,9f012b6b-9910-41e4-bd78-86ab7d7ddd13,2025-11-26T20:25:51.837157+00:00,user,file_00000000581871fd9bf210ac0d005dc0,file_00000000581871fd9bf210ac0d005dc0.dat,09AC42DA-0B1D-42C1-B53C-77EA72873008.jpeg,image/jpeg,475150,message_attachment,conversations-002(2).json
690e8f49-ef34-832a-9553-80c853478e25,Multicrew aircraft requirements,2025-11-08T00:31:52.294169+00:00,a2bede1c-49d8-4e72-b730-f452c08b0e74,2025-11-24T23:58:04.500283+00:00,user,file_00000000884471f5b3beda2c3a3d8fdd,file_00000000884471f5b3beda2c3a3d8fdd.dat,C57ED423-0F1A-4245-9A15-C0135A0400ED.jpeg,image/jpeg,148375,message_attachment,conversations-002(2).json
690e8f49-ef34-832a-9553-80c853478e25,Multicrew aircraft requirements,2025-11-08T00:31:52.294169+00:00,a55e9ef1-d292-4d14-827d-9652ee97305b,2025-11-26T19:41:29.949830+00:00,user,file_00000000041c71f5ba4a1f08e9136197,file_00000000041c71f5ba4a1f08e9136197.dat,C30A0237-D5B2-488D-8040-3D47DB574AA9.jpeg,image/jpeg,576956,message_attachment,conversations-002(2).json
690e8f49-ef34-832a-9553-80c853478e25,Multicrew aircraft requirements,2025-11-08T00:31:52.294169+00:00,a55e9ef1-d292-4d14-827d-9652ee97305b,2025-11-26T19:41:29.949830+00:00,user,file_000000009848722f954db896e0b74cf8,file_000000009848722f954db896e0b74cf8.dat,FAD1F3EE-53F0-4C2E-B7DE-B1AB0269B308.jpeg,image/jpeg,645386,message_attachment,conversations-002(2).json
690e8f49-ef34-832a-9553-80c853478e25,Multicrew aircraft requirements,2025-11-08T00:31:52.294169+00:00,a8cae11d-6056-4d10-ab8f-3edd79faa9bb,2025-12-19T16:37:01.930000+00:00,user,file_0000000085ec71fdb9b45711a823dc3b,file_0000000085ec71fdb9b45711a823dc3b.dat,0175119b-52f0-4d48-a2fe-6e859a1f407c.png,image/png,317934,local,conversations-002(2).json
690e8f49-ef34-832a-9553-80c853478e25,Multicrew aircraft requirements,2025-11-08T00:31:52.294169+00:00,aa8d87c7-2e29-48f7-beee-3cbb3c300b9f,2025-12-06T21:23:01.752485+00:00,user,file_00000000ada071fdb6fc96f0939bf52a,file_00000000ada071fdb6fc96f0939bf52a.dat,E304DE9A-58A6-413A-B6D8-2AF95B024779.jpeg,image/jpeg,518518,message_attachment,conversations-002(2).json
690e8f49-ef34-832a-9553-80c853478e25,Multicrew aircraft requirements,2025-11-08T00:31:52.294169+00:00,aa8d87c7-2e29-48f7-beee-3cbb3c300b9f,2025-12-06T21:23:01.752485+00:00,user,file_000000008ce471fdbd37bf4962177ebc,file_000000008ce471fdbd37bf4962177ebc.dat,C6CD1B88-3088-4150-BF0E-0E817652C5E1.jpeg,image/jpeg,452543,message_attachment,conversations-002(2).json
690e8f49-ef34-832a-9553-80c853478e25,Multicrew aircraft requirements,2025-11-08T00:31:52.294169+00:00,b01fe719-862a-481a-a9f2-29d9f2b81781,2025-11-08T18:23:58.290000+00:00,user,file_0000000094e071f5b9d05b9a7945d3d3,file_0000000094e071f5b9d05b9a7945d3d3.dat,79ae38cd-3fb6-4515-972f-4a6393dc7300.png,image/png,20392,local,conversations-002(2).json
690e8f49-ef34-832a-9553-80c853478e25,Multicrew aircraft requirements,2025-11-08T00:31:52.294169+00:00,b3e17656-5955-4e87-a28b-95781050216e,2026-01-02T01:08:10.944000+00:00,user,file_000000008ed0722f928f9f476ceb62a4,file_000000008ed0722f928f9f476ceb62a4.dat,e88f991b-d571-4d47-b79f-4a3d6c9cfb07.png,image/png,8012,local,conversations-002(2).json
690e8f49-ef34-832a-9553-80c853478e25,Multicrew aircraft requirements,2025-11-08T00:31:52.294169+00:00,bc7e016f-21ba-4457-b4d5-646622f77ee8,2025-11-08T20:54:20.748000+00:00,user,file_00000000e84871fba77483aed2a75e25,file_00000000e84871fba77483aed2a75e25.dat,e3c25c11-4853-468f-8fc8-9a721c999b67.png,image/png,64456,local,conversations-002(2).json
690e8f49-ef34-832a-9553-80c853478e25,Multicrew aircraft requirements,2025-11-08T00:31:52.294169+00:00,d79c24ea-fe40-4873-899a-6152ee6660f0,2025-11-25T00:53:17.296761+00:00,user,file_0000000093ec71f5b818e0682a0c1777,file_0000000093ec71f5b818e0682a0c1777.dat,51E55075-D0D5-46F7-A2B4-7CF0A3EFE262.jpeg,image/jpeg,151398,message_attachment,conversations-002(2).json
6912c63a-cd28-8327-bc7b-b654025495a7,Heist date ideas,2025-11-11T05:14:35.541144+00:00,47e58850-059e-4576-a523-649eadb86bd8,2025-11-22T18:30:37.847112+00:00,user,file_0000000074d071f593a38dbc85c773d9,file_0000000074d071f593a38dbc85c773d9.dat,4764E96D-22FA-437F-8BE4-5C3FA04880DD.jpeg,image/jpeg,887913,message_attachment,conversations-002(2).json
6912c63a-cd28-8327-bc7b-b654025495a7,Heist date ideas,2025-11-11T05:14:35.541144+00:00,4d43ebe4-d17f-4939-b534-816ace49c789,2025-11-15T19:58:01.767034+00:00,assistant,file_000000001660722f8e9b64d9ca9bc6f3,file_000000001660722f8e9b64d9ca9bc6f3.dat,,,842478,content_asset_pointer,conversations-002(2).json
6912c63a-cd28-8327-bc7b-b654025495a7,Heist date ideas,2025-11-11T05:14:35.541144+00:00,62545174-7333-4324-9bc5-8f6137636c71,2025-11-13T22:16:29.557218+00:00,assistant,file_00000000fe647230b50623516a55ee67,file_00000000fe647230b50623516a55ee67.dat,,,607278,content_asset_pointer,conversations-002(2).json
6912c63a-cd28-8327-bc7b-b654025495a7,Heist date ideas,2025-11-11T05:14:35.541144+00:00,bd16a4f5-7335-4707-90b1-78fdd6634461,2025-11-13T22:17:33.948648+00:00,assistant,file_0000000056ec723098f8f337d796f80c,file_0000000056ec723098f8f337d796f80c.dat,,,957678,content_asset_pointer,conversations-002(2).json
6912c63a-cd28-8327-bc7b-b654025495a7,Heist date ideas,2025-11-11T05:14:35.541144+00:00,c605eabe-a7d8-43a4-898e-d0afd57273ba,2025-11-13T22:17:00.046295+00:00,assistant,file_00000000a5087230b3ba82803a368ead,file_00000000a5087230b3ba82803a368ead.dat,,,300078,content_asset_pointer,conversations-002(2).json
6912c63a-cd28-8327-bc7b-b654025495a7,Heist date ideas,2025-11-11T05:14:35.541144+00:00,ccb68057-dc8f-4a72-b9e0-9bdeebfa3783,2025-11-15T19:01:45.495752+00:00,user,file_00000000484c722fbcb72a68ec205f47,file_00000000484c722fbcb72a68ec205f47.dat,5AECB134-402B-4615-B01C-6C9217E32193.jpeg,image/jpeg,329326,message_attachment,conversations-002(2).json
6912c63a-cd28-8327-bc7b-b654025495a7,Heist date ideas,2025-11-11T05:14:35.541144+00:00,e3638bb4-49d9-4b46-9647-f22ed89fe130,2025-11-11T15:08:54.026030+00:00,user,file_00000000bb94722fbcdec9ed07df2d64,file_00000000bb94722fbcdec9ed07df2d64.dat,92657632-6ABF-4C29-85DA-B57606983F07.jpeg,image/jpeg,361605,message_attachment,conversations-002(2).json
6912c63a-cd28-8327-bc7b-b654025495a7,Heist date ideas,2025-11-11T05:14:35.541144+00:00,eeea6889-33ff-4955-937e-d944018fc7a3,2025-11-19T20:38:44.319127+00:00,user,file_000000004944722f959f9c8bc34b892b,file_000000004944722f959f9c8bc34b892b.dat,B8AA3DE4-BD91-4A66-B83F-1ECE5EC9CE67.jpeg,image/jpeg,319777,message_attachment,conversations-002(2).json
6912c63a-cd28-8327-bc7b-b654025495a7,Heist date ideas,2025-11-11T05:14:35.541144+00:00,f972b5e0-c5b6-4b62-ac4c-91690c33fbd2,2025-11-13T23:40:56.109035+00:00,user,file_00000000090071f7aa118614b9a5cba2,file_00000000090071f7aa118614b9a5cba2.dat,542F3E72-69B4-4E96-91BA-929DA0B491FF.jpeg,image/jpeg,93354,message_attachment,conversations-002(2).json
6912c63a-cd28-8327-bc7b-b654025495a7,Heist date ideas,2025-11-11T05:14:35.541144+00:00,fc44300f-71f2-4fa6-bf87-60edfb398e8a,2025-11-15T19:58:19.894445+00:00,assistant,file_000000009c38722fa22c682a5b0ebaaf,file_000000009c38722fa22c682a5b0ebaaf.dat,,,369678,content_asset_pointer,conversations-002(2).json
69160a45-7840-832c-b2b9-6bea70637591,File input setup,2025-11-13T16:41:43.731511+00:00,19a86906-48a9-4da2-9dc9-515867e83a4e,2026-01-12T19:01:11.110466+00:00,assistant,file_000000004be471fd87cc6dbdcf710434,file_000000004be471fd87cc6dbdcf710434.dat,PopupWindow.tsx,,,my_files,conversations-002(2).json
69160a45-7840-832c-b2b9-6bea70637591,File input setup,2025-11-13T16:41:43.731511+00:00,1afd582a-6991-421b-8d7c-3c302f211576,2026-01-12T18:35:05.448431+00:00,assistant,file_00000000d878720ca937ffc4b1b63875,file_00000000d878720ca937ffc4b1b63875.dat,inputBox.tsx,,,my_files,conversations-002(2).json
69160a45-7840-832c-b2b9-6bea70637591,File input setup,2025-11-13T16:41:43.731511+00:00,2335a0cb-9fb1-481f-b6c6-624d79495e8d,2026-01-12T18:49:41.251403+00:00,assistant,file_00000000eef871f8a6b775910632c69f,file_00000000eef871f8a6b775910632c69f.dat,dropDown.tsx,,,my_files,conversations-002(2).json
69160a45-7840-832c-b2b9-6bea70637591,File input setup,2025-11-13T16:41:43.731511+00:00,2f44f1ae-ba2a-4437-98f1-9621ad1e52d9,2026-01-12T18:34:35.080000+00:00,user,file_00000000077c720c9eda59eb3fcab5bd,file_00000000077c720c9eda59eb3fcab5bd.dat,b5e2e60f-c578-41d8-9f58-c9c7274f2fb0.png,image/png,38061,local,conversations-002(2).json
69160a45-7840-832c-b2b9-6bea70637591,File input setup,2025-11-13T16:41:43.731511+00:00,31e1a88c-176c-461b-b17b-a2d8b7274cc8,2026-01-12T18:59:17.181790+00:00,assistant,file_00000000cc2871f8a047658424d48131,file_00000000cc2871f8a047658424d48131.dat,clickbutton.tsx,,,my_files,conversations-002(2).json
69160a45-7840-832c-b2b9-6bea70637591,File input setup,2025-11-13T16:41:43.731511+00:00,3dd9d569-8b5d-42e5-a217-1f93c17ee645,2026-01-12T18:55:39.960386+00:00,assistant,file_00000000d878720ca937ffc4b1b63875,file_00000000d878720ca937ffc4b1b63875.dat,inputBox.tsx,,,my_files,conversations-002(2).json
69160a45-7840-832c-b2b9-6bea70637591,File input setup,2025-11-13T16:41:43.731511+00:00,3dd9d569-8b5d-42e5-a217-1f93c17ee645,2026-01-12T18:55:39.960386+00:00,assistant,file_00000000eef871f8a6b775910632c69f,file_00000000eef871f8a6b775910632c69f.dat,dropDown.tsx,,,my_files,conversations-002(2).json
69160a45-7840-832c-b2b9-6bea70637591,File input setup,2025-11-13T16:41:43.731511+00:00,4a9cf10a-ab0a-44a3-837d-d49542e144b3,2026-01-13T16:47:47.913000+00:00,user,file_000000007d1472309747aad351065c00,file_000000007d1472309747aad351065c00.dat,APITest.tsx,text/tsx,7508,local,conversations-002(2).json
69160a45-7840-832c-b2b9-6bea70637591,File input setup,2025-11-13T16:41:43.731511+00:00,55114c90-c17b-421e-9006-31a0d9817ef0,2026-01-15T14:11:19.689000+00:00,user,file_00000000341871fd92206a918cea2bb8,file_00000000341871fd92206a918cea2bb8.dat,endpoint.ts,video/mp2t,5024,local,conversations-002(2).json
69160a45-7840-832c-b2b9-6bea70637591,File input setup,2025-11-13T16:41:43.731511+00:00,55114c90-c17b-421e-9006-31a0d9817ef0,2026-01-15T14:11:19.689000+00:00,user,file_00000000b6d472308f9929d994464f03,file_00000000b6d472308f9929d994464f03.dat,WorkList.tsx,text/tsx,7979,local,conversations-002(2).json
69160a45-7840-832c-b2b9-6bea70637591,File input setup,2025-11-13T16:41:43.731511+00:00,59ef4c39-d38b-49b7-a3c3-a8749b06c144,2026-01-13T16:47:48.736850+00:00,assistant,file_000000007d1472309747aad351065c00,file_000000007d1472309747aad351065c00.dat,APITest.tsx,,,my_files,conversations-002(2).json
69160a45-7840-832c-b2b9-6bea70637591,File input setup,2025-11-13T16:41:43.731511+00:00,5c92a6ce-bc57-44b4-9427-7f2f1d255334,2026-01-13T18:00:37.420000+00:00,user,file_00000000010071f886f0ccf562c8be75,file_00000000010071f886f0ccf562c8be75.dat,endpoint.ts,video/mp2t,4100,local,conversations-002(2).json
69160a45-7840-832c-b2b9-6bea70637591,File input setup,2025-11-13T16:41:43.731511+00:00,886f8d44-7227-462b-b863-09f1ec29369d,2026-01-12T19:01:10.796000+00:00,user,file_000000004be471fd87cc6dbdcf710434,file_000000004be471fd87cc6dbdcf710434.dat,PopupWindow.tsx,text/tsx,1299,local,conversations-002(2).json
69160a45-7840-832c-b2b9-6bea70637591,File input setup,2025-11-13T16:41:43.731511+00:00,90b80286-f4df-4a18-8d65-ac8870db5dbb,2025-11-13T16:45:49.663000+00:00,user,file_000000000fac722f8fc76270ca9c638b,file_000000000fac722f8fc76270ca9c638b.dat,index.html,text/html,375,local,conversations-002(2).json
69160a45-7840-832c-b2b9-6bea70637591,File input setup,2025-11-13T16:41:43.731511+00:00,90b80286-f4df-4a18-8d65-ac8870db5dbb,2025-11-13T16:45:49.663000+00:00,user,file_00000000230471f5a69c1c52df5b3178,file_00000000230471f5a69c1c52df5b3178.dat,package.json,application/json,940,local,conversations-002(2).json
69160a45-7840-832c-b2b9-6bea70637591,File input setup,2025-11-13T16:41:43.731511+00:00,90b80286-f4df-4a18-8d65-ac8870db5dbb,2025-11-13T16:45:49.663000+00:00,user,file_00000000120471f5b7193e1b30626f82,file_00000000120471f5b7193e1b30626f82.dat,package-lock.json,application/json,152943,local,conversations-002(2).json
69160a45-7840-832c-b2b9-6bea70637591,File input setup,2025-11-13T16:41:43.731511+00:00,90b80286-f4df-4a18-8d65-ac8870db5dbb,2025-11-13T16:45:49.663000+00:00,user,file_00000000caa4722fbcaddd30cc985689,file_00000000caa4722fbcaddd30cc985689.dat,postcss.config.js,text/javascript,87,local,conversations-002(2).json
69160a45-7840-832c-b2b9-6bea70637591,File input setup,2025-11-13T16:41:43.731511+00:00,90b80286-f4df-4a18-8d65-ac8870db5dbb,2025-11-13T16:45:49.663000+00:00,user,file_00000000fe0471f5b57f6d90705057af,file_00000000fe0471f5b57f6d90705057af.dat,README.md,text/markdown,156,local,conversations-002(2).json
69160a45-7840-832c-b2b9-6bea70637591,File input setup,2025-11-13T16:41:43.731511+00:00,90b80286-f4df-4a18-8d65-ac8870db5dbb,2025-11-13T16:45:49.663000+00:00,user,file_00000000adf4722f9139a04250425cb1,file_00000000adf4722f9139a04250425cb1.dat,tailwind.config.js,text/javascript,178,local,conversations-002(2).json
69160a45-7840-832c-b2b9-6bea70637591,File input setup,2025-11-13T16:41:43.731511+00:00,90b80286-f4df-4a18-8d65-ac8870db5dbb,2025-11-13T16:45:49.663000+00:00,user,file_000000001eb071f5a4d4596cbdc993e7,file_000000001eb071f5a4d4596cbdc993e7.dat,tsconfig.app.json,application/json,608,local,conversations-002(2).json
69160a45-7840-832c-b2b9-6bea70637591,File input setup,2025-11-13T16:41:43.731511+00:00,90b80286-f4df-4a18-8d65-ac8870db5dbb,2025-11-13T16:45:49.663000+00:00,user,file_00000000a96c722fad9f587f02fb13af,file_00000000a96c722fad9f587f02fb13af.dat,tsconfig.json,application/json,126,local,conversations-002(2).json
69160a45-7840-832c-b2b9-6bea70637591,File input setup,2025-11-13T16:41:43.731511+00:00,90b80286-f4df-4a18-8d65-ac8870db5dbb,2025-11-13T16:45:49.663000+00:00,user,file_000000003b1471f58e5ede5957532d95,file_000000003b1471f58e5ede5957532d95.dat,tsconfig.node.json,application/json,501,local,conversations-002(2).json
69160a45-7840-832c-b2b9-6bea70637591,File input setup,2025-11-13T16:41:43.731511+00:00,90b80286-f4df-4a18-8d65-ac8870db5dbb,2025-11-13T16:45:49.663000+00:00,user,file_00000000f15c71f59e6c9da1e76c6ff9,file_00000000f15c71f59e6c9da1e76c6ff9.dat,vite.config.ts,video/mp2t,230,local,conversations-002(2).json
69160a45-7840-832c-b2b9-6bea70637591,File input setup,2025-11-13T16:41:43.731511+00:00,a8740690-a3fb-4957-b72d-91709b74bb8a,2025-11-13T16:46:40.244000+00:00,user,file_000000008c8471f58048a8d01fe4a15f,file_000000008c8471f58048a8d01fe4a15f.dat,App.tsx,text/tsx,625,local,conversations-002(2).json
69160a45-7840-832c-b2b9-6bea70637591,File input setup,2025-11-13T16:41:43.731511+00:00,a8740690-a3fb-4957-b72d-91709b74bb8a,2025-11-13T16:46:40.244000+00:00,user,file_00000000005871f5b0d7704fecdb78d8,file_00000000005871f5b0d7704fecdb78d8.dat,index.css,text/css,62,local,conversations-002(2).json
69160a45-7840-832c-b2b9-6bea70637591,File input setup,2025-11-13T16:41:43.731511+00:00,a8740690-a3fb-4957-b72d-91709b74bb8a,2025-11-13T16:46:40.244000+00:00,user,file_0000000097c8722f9d13a2da753b6fff,file_0000000097c8722f9d13a2da753b6fff.dat,main.tsx,text/tsx,244,local,conversations-002(2).json
69160a45-7840-832c-b2b9-6bea70637591,File input setup,2025-11-13T16:41:43.731511+00:00,a8740690-a3fb-4957-b72d-91709b74bb8a,2025-11-13T16:46:40.244000+00:00,user,file_00000000d2e471fbbdb738476ca7df93,file_00000000d2e471fbbdb738476ca7df93.dat,vite-env.d.ts,video/mp2t,39,local,conversations-002(2).json
69160a45-7840-832c-b2b9-6bea70637591,File input setup,2025-11-13T16:41:43.731511+00:00,bb135b38-8550-47f3-afb2-9bdd0e6edd6d,2026-01-15T15:17:00.821000+00:00,user,file_00000000b6c4723089e973d9cf40114d,file_00000000b6c4723089e973d9cf40114d.dat,45c46020-37ec-4e81-b2dc-9a475d351129.png,image/png,86898,local,conversations-002(2).json
69160a45-7840-832c-b2b9-6bea70637591,File input setup,2025-11-13T16:41:43.731511+00:00,bb27f49a-8263-4a9e-8deb-33d0df220324,2025-11-13T16:46:19.941000+00:00,user,file-NgTUWio4CcPYMkRFEhAWiA,file-NgTUWio4CcPYMkRFEhAWiA.dat,.gitignore,,243,local,conversations-002(2).json
69160a45-7840-832c-b2b9-6bea70637591,File input setup,2025-11-13T16:41:43.731511+00:00,bb27f49a-8263-4a9e-8deb-33d0df220324,2025-11-13T16:46:19.941000+00:00,user,file_000000001b00722f9142d205174925ab,file_000000001b00722f9142d205174925ab.dat,eslint.config.js,text/javascript,767,local,conversations-002(2).json
69160a45-7840-832c-b2b9-6bea70637591,File input setup,2025-11-13T16:41:43.731511+00:00,cb7521e4-9bea-46a2-9799-1df63fe1f84c,2026-01-12T18:49:39.668000+00:00,user,file_00000000eef871f8a6b775910632c69f,file_00000000eef871f8a6b775910632c69f.dat,dropDown.tsx,text/tsx,2394,local,conversations-002(2).json
69160a45-7840-832c-b2b9-6bea70637591,File input setup,2025-11-13T16:41:43.731511+00:00,cff7bea9-c89e-468e-9217-e0bbedbca564,2025-11-13T16:47:06.709000+00:00,user,file_0000000027a071f58e5d185f55447092,file_0000000027a071f58e5d185f55447092.dat,b8f2ab21-87ee-4e9d-b77f-a897ad8cca02.tsx,text/plain,7743,local,conversations-002(2).json
69160a45-7840-832c-b2b9-6bea70637591,File input setup,2025-11-13T16:41:43.731511+00:00,cff7bea9-c89e-468e-9217-e0bbedbca564,2025-11-13T16:47:06.709000+00:00,user,file_000000000930722f8f3143facb2e7a17,file_000000000930722f8f3143facb2e7a17.dat,Dashboard.tsx,text/tsx,4371,local,conversations-002(2).json
69160a45-7840-832c-b2b9-6bea70637591,File input setup,2025-11-13T16:41:43.731511+00:00,cff7bea9-c89e-468e-9217-e0bbedbca564,2025-11-13T16:47:06.709000+00:00,user,file_00000000a9e071fba0162b045c6dbf28,file_00000000a9e071fba0162b045c6dbf28.dat,Login.tsx,text/tsx,2850,local,conversations-002(2).json
69160a45-7840-832c-b2b9-6bea70637591,File input setup,2025-11-13T16:41:43.731511+00:00,de546b08-51da-4717-ab1b-0082dd7d8165,2026-01-15T15:23:08.108000+00:00,user,file_00000000ce4071fd86dc1155909cbf18,file_00000000ce4071fd86dc1155909cbf18.dat,f981f273-af79-464f-9771-1bdbb355a9b3.png,image/png,68365,local,conversations-002(2).json
69160a45-7840-832c-b2b9-6bea70637591,File input setup,2025-11-13T16:41:43.731511+00:00,de546b08-51da-4717-ab1b-0082dd7d8165,2026-01-15T15:23:08.108000+00:00,user,file_0000000021ac71fdad271e0b31af013e,file_0000000021ac71fdad271e0b31af013e.dat,8cab77e7-ce8e-42ad-aac8-f2a95bade4f1.png,image/png,34972,local,conversations-002(2).json
69160a45-7840-832c-b2b9-6bea70637591,File input setup,2025-11-13T16:41:43.731511+00:00,e8667201-fa8c-4c44-8d6a-f2aa96c741b6,2026-01-12T18:59:16.854000+00:00,user,file_00000000cc2871f8a047658424d48131,file_00000000cc2871f8a047658424d48131.dat,clickbutton.tsx,text/tsx,1037,local,conversations-002(2).json
69160a45-7840-832c-b2b9-6bea70637591,File input setup,2025-11-13T16:41:43.731511+00:00,f1d1a254-88ab-4409-b083-9baf3eecc083,2026-01-12T18:35:00.438000+00:00,user,file_00000000d878720ca937ffc4b1b63875,file_00000000d878720ca937ffc4b1b63875.dat,inputBox.tsx,text/tsx,933,local,conversations-002(2).json
69160a45-7840-832c-b2b9-6bea70637591,File input setup,2025-11-13T16:41:43.731511+00:00,f402b205-6ad6-4059-b6af-94dc31468bc6,2026-01-15T14:36:19.191000+00:00,user,file_00000000329c7230b1e10a223bd7ef9b,file_00000000329c7230b1e10a223bd7ef9b.dat,af9bc55a-e4a7-453e-9696-1cc9fc8685a3.png,image/png,31722,local,conversations-002(2).json
69160a45-7840-832c-b2b9-6bea70637591,File input setup,2025-11-13T16:41:43.731511+00:00,f4b6572a-ce97-41c5-a4d9-ce11b0f982b2,2026-01-15T14:12:02.404250+00:00,assistant,file_00000000b6d472308f9929d994464f03,file_00000000b6d472308f9929d994464f03.dat,WorkList.tsx,,,my_files,conversations-002(2).json
69160a45-7840-832c-b2b9-6bea70637591,File input setup,2025-11-13T16:41:43.731511+00:00,ff255d5c-9c7f-4956-af56-70161eb82043,2026-01-13T16:50:33.290590+00:00,assistant,file_00000000d878720ca937ffc4b1b63875,file_00000000d878720ca937ffc4b1b63875.dat,inputBox.tsx,,,my_files,conversations-002(2).json
69160a45-7840-832c-b2b9-6bea70637591,File input setup,2025-11-13T16:41:43.731511+00:00,ff255d5c-9c7f-4956-af56-70161eb82043,2026-01-13T16:50:33.290590+00:00,assistant,file_00000000eef871f8a6b775910632c69f,file_00000000eef871f8a6b775910632c69f.dat,dropDown.tsx,,,my_files,conversations-002(2).json
69160a45-7840-832c-b2b9-6bea70637591,File input setup,2025-11-13T16:41:43.731511+00:00,ff255d5c-9c7f-4956-af56-70161eb82043,2026-01-13T16:50:33.290590+00:00,assistant,file_00000000cc2871f8a047658424d48131,file_00000000cc2871f8a047658424d48131.dat,clickbutton.tsx,,,my_files,conversations-002(2).json
69160a45-7840-832c-b2b9-6bea70637591,File input setup,2025-11-13T16:41:43.731511+00:00,ff255d5c-9c7f-4956-af56-70161eb82043,2026-01-13T16:50:33.290590+00:00,assistant,file_000000004be471fd87cc6dbdcf710434,file_000000004be471fd87cc6dbdcf710434.dat,PopupWindow.tsx,,,my_files,conversations-002(2).json
69160a45-7840-832c-b2b9-6bea70637591,File input setup,2025-11-13T16:41:43.731511+00:00,ff255d5c-9c7f-4956-af56-70161eb82043,2026-01-13T16:50:33.290590+00:00,assistant,file_000000007d1472309747aad351065c00,file_000000007d1472309747aad351065c00.dat,APITest.tsx,,,my_files,conversations-002(2).json
6917c63e-4d40-8329-b620-96bbf6d2a6dc,Respond to coworker,2025-11-15T00:17:32.067538+00:00,0df2b4b9-4353-47d3-a736-b82f85f33d7f,2025-12-04T16:04:17.978623+00:00,user,file_000000009f00720c994c8127c4d5d10d,file_000000009f00720c994c8127c4d5d10d.dat,E91AC99C-1CF4-4A52-A40A-431D4083B567.jpeg,image/jpeg,285352,message_attachment,conversations-002(2).json
6917c63e-4d40-8329-b620-96bbf6d2a6dc,Respond to coworker,2025-11-15T00:17:32.067538+00:00,cb1bc88b-e9e3-4e28-adb9-44d005870d35,2025-11-15T00:17:31.641212+00:00,user,file_00000000e220720c82b8902c0abb3627,file_00000000e220720c82b8902c0abb3627.dat,5449BAFD-5612-4BBE-909C-B177275075FE.jpeg,image/jpeg,270201,message_attachment,conversations-002(2).json
691895fc-8380-832b-b85e-08f1a09c4e7c,Convert image to SVG,2025-11-15T15:02:21.492694+00:00,92ed3446-ea3f-4cd8-a279-cc58f3e5d955,2025-11-15T15:02:20.297495+00:00,user,file_00000000d1d4722fa7815854039b8649,file_00000000d1d4722fa7815854039b8649.dat,A94DF3CA-30F6-4F1A-8809-E087100DF305.jpeg,image/jpeg,867871,message_attachment,conversations-002(2).json
692090dc-09e8-832e-90d7-c3cdea35ea07,Test steps for upgrade,2025-11-21T16:18:37.415966+00:00,0f4b8262-fd85-4031-9207-090463cd8a9a,2025-11-21T16:18:35.139000+00:00,user,file_0000000041f87230a30abe52c33d69c4,file_0000000041f87230a30abe52c33d69c4.dat,Deployment test Steps .docx,application/vnd.openxmlformats-officedocument.wordprocessingml.document,327790,local,conversations-003(1).json
692090dc-09e8-832e-90d7-c3cdea35ea07,Test steps for upgrade,2025-11-21T16:18:37.415966+00:00,925e0391-b5fe-4e00-bd31-5a30ca09f585,2025-11-21T16:18:46.396626+00:00,assistant,file_0000000041f87230a30abe52c33d69c4,file_0000000041f87230a30abe52c33d69c4.dat,Deployment test Steps .docx,,,my_files,conversations-003(1).json
6924a7ef-ac90-832f-ac3a-0072ea56b3af,Answering corporate training questions,2025-11-24T18:46:27.684719+00:00,88ce13f0-d797-4b7c-a9c4-f707afe2d75f,2025-11-24T18:46:26.048834+00:00,user,file_00000000ad04722fa601ca3c8c7cda1e,file_00000000ad04722fa601ca3c8c7cda1e.dat,IMG_12F95408-3C4C-4B00-9F38-D39319603176.jpeg,image/jpeg,3332894,message_attachment,conversations-003(1).json
6924a7ef-ac90-832f-ac3a-0072ea56b3af,Answering corporate training questions,2025-11-24T18:46:27.684719+00:00,a738e7f5-2371-4f96-b0b6-43204506c08a,2025-11-24T18:47:17.076843+00:00,user,file_000000000168722fb0a7492ffb07856c,file_000000000168722fb0a7492ffb07856c.dat,IMG_3FBF9BA5-884C-4539-9610-17BAF70DA48E.jpeg,image/jpeg,3339538,message_attachment,conversations-003(1).json
6932e535-5934-832b-950a-fced8c1ec96e,Playful tension messages,2025-12-05T13:59:17.934844+00:00,5dd0650b-0094-4ef3-a7b3-f3f6c23d3850,2025-12-08T16:42:38.507157+00:00,user,file_00000000cd3471f6b11a9660144d297d,file_00000000cd3471f6b11a9660144d297d.dat,837E94A9-9456-4A1A-B7B6-F92DAB0D3DDE.jpeg,image/jpeg,336385,message_attachment,conversations-003(1).json
6939a6a2-e66c-8330-b3f7-2fc307bb27b8,Rewrite for attractiveness,2025-12-10T16:58:11.692884+00:00,1e3859c1-715b-468a-b816-98ee2c2e2bdc,2026-02-28T15:17:08.960615+00:00,user,file_00000000d26871fdb2494322681741e3,file_00000000d26871fdb2494322681741e3.dat,267336AF-38A4-4EAF-BB6C-B78388BC8980.jpeg,image/jpeg,291008,message_attachment,conversations-003(1).json
6939a6a2-e66c-8330-b3f7-2fc307bb27b8,Rewrite for attractiveness,2025-12-10T16:58:11.692884+00:00,1f18c30e-c21c-43f5-9441-d28857c2757d,2026-03-24T21:05:09.703505+00:00,user,file_000000004014722fad3d8d4e5ab51148,file_000000004014722fad3d8d4e5ab51148.dat,82C41033-DD19-49A0-9551-B832C589A0F4.png,image/png,785232,message_attachment,conversations-003(1).json
6939a6a2-e66c-8330-b3f7-2fc307bb27b8,Rewrite for attractiveness,2025-12-10T16:58:11.692884+00:00,20e6ebe6-24fc-4cd7-8476-19ca4a895a5a,2026-02-28T14:17:29.159440+00:00,user,file_00000000373871fd8d1c88b94891c602,file_00000000373871fd8d1c88b94891c602.dat,B5467130-ABFF-431A-9BFC-939810593A7C.jpeg,image/jpeg,299348,message_attachment,conversations-003(1).json
6939a6a2-e66c-8330-b3f7-2fc307bb27b8,Rewrite for attractiveness,2025-12-10T16:58:11.692884+00:00,2a122dad-b92f-4be6-9ea6-4acfab6714b5,2026-05-12T00:32:43.636175+00:00,user,file_00000000c0d071fd9bc9d19346e12eec,file_00000000c0d071fd9bc9d19346e12eec.dat,9A7AE62F-3536-45C5-A4F6-1BDF4B7B112D.jpeg,image/jpeg,304435,message_attachment,conversations-003(1).json
6939a6a2-e66c-8330-b3f7-2fc307bb27b8,Rewrite for attractiveness,2025-12-10T16:58:11.692884+00:00,2e7e2744-2559-417e-9a52-309ca61f5e1c,2026-03-22T23:29:27.738129+00:00,user,file_000000005f8c71f5a9d1d745545aefc3,file_000000005f8c71f5a9d1d745545aefc3.dat,E5824662-809A-47F4-AA63-FB6E652D44E3.jpeg,image/jpeg,280806,message_attachment,conversations-003(1).json
6939a6a2-e66c-8330-b3f7-2fc307bb27b8,Rewrite for attractiveness,2025-12-10T16:58:11.692884+00:00,3963385c-40ad-4a6f-8c0a-f217f403a9b1,2026-02-18T11:37:36.839381+00:00,user,file_00000000f504722fb10b66af9c5b51f6,file_00000000f504722fb10b66af9c5b51f6.dat,42248CAB-2E6B-4949-B73A-F9F7E4C6D511.jpeg,image/jpeg,1808296,message_attachment,conversations-003(1).json
6939a6a2-e66c-8330-b3f7-2fc307bb27b8,Rewrite for attractiveness,2025-12-10T16:58:11.692884+00:00,3f615a5f-fe33-49ba-8710-f405f8a299e9,2026-03-23T22:44:36.284193+00:00,user,file_00000000a3b471fb878a231790d99abb,file_00000000a3b471fb878a231790d99abb.dat,D80F5D54-3188-4779-B23E-1D3E02778AC7.jpeg,image/png,211542,message_attachment,conversations-003(1).json
6939a6a2-e66c-8330-b3f7-2fc307bb27b8,Rewrite for attractiveness,2025-12-10T16:58:11.692884+00:00,616e2a62-a18a-42bd-81a8-20d24feccdd8,2026-03-01T13:06:43.940818+00:00,user,file_00000000aa04722f809c5b5605a17fdb,file_00000000aa04722f809c5b5605a17fdb.dat,9932C3BC-D122-4BBA-B1A7-80525607F322.jpeg,image/jpeg,271579,message_attachment,conversations-003(1).json
6939a6a2-e66c-8330-b3f7-2fc307bb27b8,Rewrite for attractiveness,2025-12-10T16:58:11.692884+00:00,95612be4-9e6b-45a7-a20c-d8d99fc2c1f9,2026-04-18T17:01:00.579315+00:00,user,file_00000000c2dc71fdae29c9f291566537,file_00000000c2dc71fdae29c9f291566537.dat,AB86933A-E584-4CC3-860F-14F6D3485A1B.jpeg,image/jpeg,117166,message_attachment,conversations-003(1).json
6939a6a2-e66c-8330-b3f7-2fc307bb27b8,Rewrite for attractiveness,2025-12-10T16:58:11.692884+00:00,9e295689-236f-4a71-859f-ac1335459577,2026-03-24T21:48:37.775984+00:00,user,file_000000007ae871fda28eeb593cb22163,file_000000007ae871fda28eeb593cb22163.dat,7B6CB058-A1CC-4F71-ABF7-8E0A4779DEF8.png,image/png,810127,message_attachment,conversations-003(1).json
6939a6a2-e66c-8330-b3f7-2fc307bb27b8,Rewrite for attractiveness,2025-12-10T16:58:11.692884+00:00,9e3f1521-ad0d-4cb5-99c7-4b829cb0579c,2026-02-16T13:33:05.307494+00:00,user,file_000000007be871fdb042ce8dd3b5657f,file_000000007be871fdb042ce8dd3b5657f.dat,IMG_FF0CA2FB-F812-4F14-B2D6-3734FB393F0E.jpeg,image/jpeg,3354847,message_attachment,conversations-003(1).json
6939a6a2-e66c-8330-b3f7-2fc307bb27b8,Rewrite for attractiveness,2025-12-10T16:58:11.692884+00:00,a32b79f1-1b31-4bdf-ae79-0effa7e94521,2026-03-29T20:01:05.980975+00:00,user,file_00000000e74c722fbd6b4abb60d70405,file_00000000e74c722fbd6b4abb60d70405.dat,9CB86596-CAA1-4D1E-AAC6-12854E5E2EF4.jpeg,image/jpeg,756906,message_attachment,conversations-003(1).json
6939a6a2-e66c-8330-b3f7-2fc307bb27b8,Rewrite for attractiveness,2025-12-10T16:58:11.692884+00:00,ae578542-4609-480d-a6a8-cc3ec553c0db,2026-03-24T01:07:13.610166+00:00,user,file_0000000075fc722fb51587ab17195573,file_0000000075fc722fb51587ab17195573.dat,B426F557-8F67-4C49-A97F-A265ECD1D632.jpeg,image/png,270719,message_attachment,conversations-003(1).json
6939a6a2-e66c-8330-b3f7-2fc307bb27b8,Rewrite for attractiveness,2025-12-10T16:58:11.692884+00:00,b63a7259-52ed-4504-ac44-8a5673111ac2,2026-03-02T13:58:18.549000+00:00,user,file_000000005a78722fb1a8068768af3961,file_000000005a78722fb1a8068768af3961.dat,c5da46d6-8860-40eb-9ef9-bfb336be6df8.png,image/png,31228,local,conversations-003(1).json
6939a6a2-e66c-8330-b3f7-2fc307bb27b8,Rewrite for attractiveness,2025-12-10T16:58:11.692884+00:00,ce9378d6-9e8f-4881-aede-dd5aab7b49a4,2026-03-22T23:49:43.765198+00:00,user,file_00000000ebe071f7b30f9c93af32e258,file_00000000ebe071f7b30f9c93af32e258.dat,96DF78DF-4526-442C-98A9-BB30939365BB.jpeg,image/jpeg,490253,message_attachment,conversations-003(1).json
6939a6a2-e66c-8330-b3f7-2fc307bb27b8,Rewrite for attractiveness,2025-12-10T16:58:11.692884+00:00,de99eb46-daf3-4ee1-b7a1-3cf3dadd0519,2026-02-28T13:52:49.922773+00:00,user,file_00000000c94471fda35ecdc35e5dc207,file_00000000c94471fda35ecdc35e5dc207.dat,CC30BBC3-1E6A-40BE-AC31-D1C2551856E3.jpeg,image/jpeg,1183440,message_attachment,conversations-003(1).json
6939a6a2-e66c-8330-b3f7-2fc307bb27b8,Rewrite for attractiveness,2025-12-10T16:58:11.692884+00:00,e186a3d7-b8b4-4cea-b359-c426899d97cf,2026-03-29T19:24:25.924595+00:00,user,file_00000000dee071f59bd555b6c4e831be,file_00000000dee071f59bd555b6c4e831be.dat,6C55899D-BABE-4940-AC56-97C5E25214C4.png,image/png,919186,message_attachment,conversations-003(1).json
6939a6a2-e66c-8330-b3f7-2fc307bb27b8,Rewrite for attractiveness,2025-12-10T16:58:11.692884+00:00,e4450081-c3b5-4c49-a654-40931cba132f,2026-03-23T00:51:23.260936+00:00,user,file_0000000033ec71fda2282e6cc58dcf56,file_0000000033ec71fda2282e6cc58dcf56.dat,8B64FA43-7407-43EA-A285-E96C3A7A31D4.jpeg,image/jpeg,456628,message_attachment,conversations-003(1).json
6939a6a2-e66c-8330-b3f7-2fc307bb27b8,Rewrite for attractiveness,2025-12-10T16:58:11.692884+00:00,e6d5015b-84d5-444f-825c-f38dd7bb2963,2026-03-04T03:51:27.799001+00:00,user,file_00000000589071f58badd19ac19b972a,file_00000000589071f58badd19ac19b972a.dat,A1172776-95B6-475A-B720-96A16C93190A.jpeg,image/png,578781,message_attachment,conversations-003(1).json
6939a6a2-e66c-8330-b3f7-2fc307bb27b8,Rewrite for attractiveness,2025-12-10T16:58:11.692884+00:00,e6d5015b-84d5-444f-825c-f38dd7bb2963,2026-03-04T03:51:27.799001+00:00,user,file_0000000051cc722fa692661368e18a4b,file_0000000051cc722fa692661368e18a4b.dat,CE8747C3-4C46-4300-AF40-25A478CC40E2.jpeg,image/png,799908,message_attachment,conversations-003(1).json
6939a6a2-e66c-8330-b3f7-2fc307bb27b8,Rewrite for attractiveness,2025-12-10T16:58:11.692884+00:00,e70dbfc3-8033-4fd7-b406-d1b0b674c0de,2026-03-24T20:44:15.428459+00:00,user,file_00000000fd3871f58f457270a053d654,file_00000000fd3871f58f457270a053d654.dat,C0D15822-C978-457A-ABAC-64CB7681D80F.jpeg,image/jpeg,233360,message_attachment,conversations-003(1).json
6939a6a2-e66c-8330-b3f7-2fc307bb27b8,Rewrite for attractiveness,2025-12-10T16:58:11.692884+00:00,ec300dd9-5fec-4db8-a081-becc69d12728,2026-01-22T16:08:15.347971+00:00,user,file_00000000751c72308268ead5b22589a6,file_00000000751c72308268ead5b22589a6.dat,3A35F0F7-9A44-4C52-9B68-9B72BC24A091.jpeg,image/jpeg,293797,message_attachment,conversations-003(1).json
6939a6a2-e66c-8330-b3f7-2fc307bb27b8,Rewrite for attractiveness,2025-12-10T16:58:11.692884+00:00,ecce4041-2543-413f-82f4-020666eaf049,2026-03-23T23:18:15.104602+00:00,user,file_00000000381c71f784e94bc248e393f2,file_00000000381c71f784e94bc248e393f2.dat,9371A32F-D416-4077-A605-16D8222769F6.jpeg,image/png,240094,message_attachment,conversations-003(1).json
6939a6a2-e66c-8330-b3f7-2fc307bb27b8,Rewrite for attractiveness,2025-12-10T16:58:11.692884+00:00,f1cc2c66-bc3e-4a64-89b0-353b4d6ac437,2026-03-23T22:23:09.739942+00:00,user,file_00000000b5a471fba5a9435cb2b74dba,file_00000000b5a471fba5a9435cb2b74dba.dat,FA13411A-A29A-4673-9D1C-A2BBC2EC3761.jpeg,image/jpeg,250924,message_attachment,conversations-003(1).json
6939d6a0-c024-8333-bd11-7146ed4dfdba,Creative writing options,2025-12-10T20:22:57.434814+00:00,00c4aff7-3788-413e-92a3-063c3d9b8134,2026-04-13T18:09:09.387935+00:00,user,file_00000000962c71fd9f1bc5cf175ea7e0,file_00000000962c71fd9f1bc5cf175ea7e0.dat,FF7890B7-84AC-4F2F-912C-47CE896AD29B.jpeg,image/jpeg,811285,message_attachment,conversations-003(1).json
6939d6a0-c024-8333-bd11-7146ed4dfdba,Creative writing options,2025-12-10T20:22:57.434814+00:00,03a5263e-c5a9-4ec4-804c-f732246b6d24,2026-04-02T19:04:05.451000+00:00,user,file-LHE698rJkENdHy9VEF5Fyt,file-LHE698rJkENdHy9VEF5Fyt.dat,WET_Project_1.mp4,video/mp4,77295014,local,conversations-003(1).json
6939d6a0-c024-8333-bd11-7146ed4dfdba,Creative writing options,2025-12-10T20:22:57.434814+00:00,0e0c474c-eaa5-4899-a675-6b86c9912406,2026-01-19T17:00:52.704502+00:00,user,file_00000000f6a071f5b5eef5c74073fd29,file_00000000f6a071f5b5eef5c74073fd29.dat,7465F9D2-FDA1-42A9-8B20-CC718A6C29E8.jpeg,image/jpeg,300187,message_attachment,conversations-003(1).json
6939d6a0-c024-8333-bd11-7146ed4dfdba,Creative writing options,2025-12-10T20:22:57.434814+00:00,11d5da88-87f9-49a0-b3d1-75f44aa4e798,2026-01-24T02:27:04.103512+00:00,user,file_000000006a3071fdac06d6e2e728b412,file_000000006a3071fdac06d6e2e728b412.dat,2EF3538F-7758-4681-BC62-804835870BA9.jpeg,image/jpeg,547774,message_attachment,conversations-003(1).json
6939d6a0-c024-8333-bd11-7146ed4dfdba,Creative writing options,2025-12-10T20:22:57.434814+00:00,21345281-80ce-4a5d-acf8-45af8c74da4c,2026-02-16T18:14:26.042161+00:00,assistant,file_00000000ccd471f5af83705b4d2b5fe3,file_00000000ccd471f5af83705b4d2b5fe3.dat,6939d6a0-c024-8333-bd11-7146ed4dfdba/audio/db862f8d-4001-49b7-8b46-bcae48af2e35.wav,,696078,content_asset_pointer,conversations-003(1).json
6939d6a0-c024-8333-bd11-7146ed4dfdba,Creative writing options,2025-12-10T20:22:57.434814+00:00,2343d200-db2b-40de-8460-7d5f2000b738,2026-03-04T03:46:24.920668+00:00,user,file_000000000ae4722f8cad7971b3a7dc30,file_000000000ae4722f8cad7971b3a7dc30.dat,A35EE3BE-5D9D-4D53-81A6-961F4AF85660.jpeg,image/png,799908,message_attachment,conversations-003(1).json
6939d6a0-c024-8333-bd11-7146ed4dfdba,Creative writing options,2025-12-10T20:22:57.434814+00:00,2343d200-db2b-40de-8460-7d5f2000b738,2026-03-04T03:46:24.920668+00:00,user,file_00000000fc68722f94e584f244a0a0a5,file_00000000fc68722f94e584f244a0a0a5.dat,C9FAD104-BCFE-4B71-8D86-B4257E1478A4.jpeg,image/png,578781,message_attachment,conversations-003(1).json
6939d6a0-c024-8333-bd11-7146ed4dfdba,Creative writing options,2025-12-10T20:22:57.434814+00:00,2435b3a1-527e-40b3-958f-e7f3f6b5948d,2026-02-16T18:14:03.995144+00:00,assistant,file_000000008ba8722f9806d5c9b388bc05,file_000000008ba8722f9806d5c9b388bc05.dat,6939d6a0-c024-8333-bd11-7146ed4dfdba/audio/f186178c-2b06-4f4c-99e3-c7b96598f83c.wav,,2068878,content_asset_pointer,conversations-003(1).json
6939d6a0-c024-8333-bd11-7146ed4dfdba,Creative writing options,2025-12-10T20:22:57.434814+00:00,32421ff9-9eaf-4582-b978-4fcfa15b7d2b,2025-12-11T02:02:03.416066+00:00,user,file_000000000af071fd8d2d084df72df478,file_000000000af071fd8d2d084df72df478.dat,F08BCC33-F8EA-4480-810C-C9687E445F25.jpeg,image/jpeg,168238,message_attachment,conversations-003(1).json
6939d6a0-c024-8333-bd11-7146ed4dfdba,Creative writing options,2025-12-10T20:22:57.434814+00:00,32ac7e70-e815-486a-a621-3a120dbfd8be,2026-04-13T15:16:36.714511+00:00,user,file_00000000e70471fd8994d90adce47bae,file_00000000e70471fd8994d90adce47bae.dat,AFBFC9F6-C63B-4143-AA1B-66D7BCEFC9A4.jpeg,image/jpeg,563138,message_attachment,conversations-003(1).json
6939d6a0-c024-8333-bd11-7146ed4dfdba,Creative writing options,2025-12-10T20:22:57.434814+00:00,3528ccc9-05f1-4f63-aaf3-94f8212afb89,2026-01-25T22:59:43.054775+00:00,user,file_00000000abbc722f86e1462b82cfdb5b,file_00000000abbc722f86e1462b82cfdb5b.dat,BDFCD084-70FB-46CB-A467-9B54879E8237.jpeg,image/jpeg,315539,message_attachment,conversations-003(1).json
6939d6a0-c024-8333-bd11-7146ed4dfdba,Creative writing options,2025-12-10T20:22:57.434814+00:00,36662ef3-b19f-4b55-8c9b-75777e5d6fc6,2026-02-16T18:24:37.256789+00:00,assistant,file_000000004254722f9cfdd78c608543ae,file_000000004254722f9cfdd78c608543ae.dat,6939d6a0-c024-8333-bd11-7146ed4dfdba/audio/80fbfb70-b274-4542-869b-3696fe7a54c6.wav,,393678,content_asset_pointer,conversations-003(1).json
6939d6a0-c024-8333-bd11-7146ed4dfdba,Creative writing options,2025-12-10T20:22:57.434814+00:00,375d886f-6063-4360-92d8-169344421bae,2025-12-13T02:15:37.671527+00:00,user,file_00000000ff90722fb64c4e51bbdf3e2f,file_00000000ff90722fb64c4e51bbdf3e2f.dat,AFFE40BD-D68A-443B-87AF-0B149027DC36.jpeg,image/jpeg,793971,message_attachment,conversations-003(1).json
6939d6a0-c024-8333-bd11-7146ed4dfdba,Creative writing options,2025-12-10T20:22:57.434814+00:00,3f2bba15-a724-4f4f-9e2b-5194f633dd86,2026-02-16T18:21:04.434943+00:00,assistant,file_00000000b66471f5882c514feea40c3e,file_00000000b66471f5882c514feea40c3e.dat,6939d6a0-c024-8333-bd11-7146ed4dfdba/audio/034347cb-f35b-4f6a-ae53-db57ac8f41ae.wav,,391278,content_asset_pointer,conversations-003(1).json
6939d6a0-c024-8333-bd11-7146ed4dfdba,Creative writing options,2025-12-10T20:22:57.434814+00:00,49eb25c1-93bf-47ba-b44e-19d8807213a1,2026-01-25T20:08:07.779892+00:00,user,file_00000000587471f5b27e3bb0d62a3d9d,file_00000000587471f5b27e3bb0d62a3d9d.dat,AB55690E-4FE2-4A10-930B-F44BC59F8924.jpeg,image/jpeg,658939,message_attachment,conversations-003(1).json
6939d6a0-c024-8333-bd11-7146ed4dfdba,Creative writing options,2025-12-10T20:22:57.434814+00:00,77fa9676-95a5-4426-91c9-7949d3e350c0,2026-04-03T02:42:27.236511+00:00,user,file_0000000069cc71f5ba12cc221009ee6d,file_0000000069cc71f5ba12cc221009ee6d.dat,3D8D0F69-78D6-45EF-A960-723C63C3DD38.jpeg,image/jpeg,607212,message_attachment,conversations-003(1).json
6939d6a0-c024-8333-bd11-7146ed4dfdba,Creative writing options,2025-12-10T20:22:57.434814+00:00,79eebea2-f95e-4abe-ab94-b77fde88d237,2026-01-31T02:56:05.595682+00:00,user,file_00000000060071fd8f5f7180b46ea829,file_00000000060071fd8f5f7180b46ea829.dat,17D6081D-F0E1-453E-BC46-D064D653E6BA.jpeg,image/jpeg,231599,message_attachment,conversations-003(1).json
6939d6a0-c024-8333-bd11-7146ed4dfdba,Creative writing options,2025-12-10T20:22:57.434814+00:00,84bde134-d16d-4e14-b412-b52f258665f7,2026-02-16T18:20:45.179917+00:00,assistant,file_000000007410722fa315a6431e793ed9,file_000000007410722fa315a6431e793ed9.dat,6939d6a0-c024-8333-bd11-7146ed4dfdba/audio/fea37570-3c9a-4cd8-8de5-71afc4d23ac6.wav,,48078,content_asset_pointer,conversations-003(1).json
6939d6a0-c024-8333-bd11-7146ed4dfdba,Creative writing options,2025-12-10T20:22:57.434814+00:00,888365e3-7058-4617-9a08-b7aa3cc91797,2026-01-25T17:06:29.135171+00:00,user,file_000000000bbc722fadcc8f5e481b674c,file_000000000bbc722fadcc8f5e481b674c.dat,8D152B54-2D57-46A7-9728-4B4C3B4A1B70.jpeg,image/jpeg,307124,message_attachment,conversations-003(1).json
6939d6a0-c024-8333-bd11-7146ed4dfdba,Creative writing options,2025-12-10T20:22:57.434814+00:00,9b6bb463-140e-43ef-a360-6b8f04ba2dab,2026-01-25T19:16:07.017834+00:00,user,file_00000000c5b8722f8cbd931cdefc672e,file_00000000c5b8722f8cbd931cdefc672e.dat,C40CA539-3888-43F9-9E27-049EEA823323.jpeg,image/jpeg,572123,message_attachment,conversations-003(1).json
6939d6a0-c024-8333-bd11-7146ed4dfdba,Creative writing options,2025-12-10T20:22:57.434814+00:00,9d37c0c1-c517-45b3-92f8-6842bded8ce8,2026-02-16T18:24:59.038156+00:00,assistant,file_000000002f1c71f598df454351bd20e8,file_000000002f1c71f598df454351bd20e8.dat,6939d6a0-c024-8333-bd11-7146ed4dfdba/audio/5cf4b51a-933a-4916-b13e-fd86c80fe29b.wav,,703278,content_asset_pointer,conversations-003(1).json
6939d6a0-c024-8333-bd11-7146ed4dfdba,Creative writing options,2025-12-10T20:22:57.434814+00:00,a523bc6a-bfb6-48f4-90ff-754e5b1e981f,2026-04-24T13:01:41.934000+00:00,user,file_0000000002b071f7a75f2c16ba2a1c2e,file_0000000002b071f7a75f2c16ba2a1c2e.dat,8e8bb7c5-db48-4aa7-8f24-b7eb1ff35511.png,image/png,60002,local,conversations-003(1).json
6939d6a0-c024-8333-bd11-7146ed4dfdba,Creative writing options,2025-12-10T20:22:57.434814+00:00,ba01368e-58c9-4408-9e66-9b719b17563f,2026-04-02T15:40:53.378000+00:00,user,file_00000000fab871f58005ab6228724ed2,file_00000000fab871f58005ab6228724ed2.dat,bf869b3b-e6dc-4866-a9d4-a3886a654acd.png,image/png,675990,local,conversations-003(1).json
6939d6a0-c024-8333-bd11-7146ed4dfdba,Creative writing options,2025-12-10T20:22:57.434814+00:00,bbda7f0a-116a-4bf4-8c53-dd488f198436,2026-02-16T18:16:04.250825+00:00,assistant,file_000000009d6871f5acad2f004e4be282,file_000000009d6871f5acad2f004e4be282.dat,6939d6a0-c024-8333-bd11-7146ed4dfdba/audio/0c01ad13-7853-498c-a551-44ff3a2aeb16.wav,,1274478,content_asset_pointer,conversations-003(1).json
6939d6a0-c024-8333-bd11-7146ed4dfdba,Creative writing options,2025-12-10T20:22:57.434814+00:00,bc505936-90bf-4eba-bc9b-cef1f2940d87,2026-02-16T18:14:44.464747+00:00,assistant,file_0000000057cc722fb119ecfa1851abeb,file_0000000057cc722fb119ecfa1851abeb.dat,6939d6a0-c024-8333-bd11-7146ed4dfdba/audio/e9f2604a-f184-4c1c-a67a-311046c08007.wav,,446478,content_asset_pointer,conversations-003(1).json
6939d6a0-c024-8333-bd11-7146ed4dfdba,Creative writing options,2025-12-10T20:22:57.434814+00:00,bc73259d-4de5-4898-9e00-10787ee3a5ed,2026-01-25T21:13:33.906626+00:00,user,file_00000000b11871f898aecb9ec48a13ed,file_00000000b11871f898aecb9ec48a13ed.dat,64AC5561-4DCA-4C95-A1A1-F2CEB5E98CCF.jpeg,image/jpeg,312771,message_attachment,conversations-003(1).json
6939d6a0-c024-8333-bd11-7146ed4dfdba,Creative writing options,2025-12-10T20:22:57.434814+00:00,c6c82bb4-dc31-45ba-810d-78293a56b905,2026-04-04T03:58:22.260501+00:00,user,file_00000000c70471f883e0d9a4d6fed442,file_00000000c70471f883e0d9a4d6fed442.dat,647C05A6-EBFD-46A4-8AC1-EEF134555566.jpeg,image/jpeg,348229,message_attachment,conversations-003(1).json
6939d6a0-c024-8333-bd11-7146ed4dfdba,Creative writing options,2025-12-10T20:22:57.434814+00:00,cc7cbb13-d311-4ba9-8896-b2258ac5e113,2026-01-26T16:55:08.793727+00:00,user,file_00000000d80c722fbd35416505944cb6,file_00000000d80c722fbd35416505944cb6.dat,58BABE1C-410B-424B-865C-134E0683D673.jpeg,image/jpeg,340318,message_attachment,conversations-003(1).json
6939d6a0-c024-8333-bd11-7146ed4dfdba,Creative writing options,2025-12-10T20:22:57.434814+00:00,dc54a77e-aabd-4e7b-84ed-a573d8f08f79,2026-02-01T03:04:46.906368+00:00,user,file_00000000de6c722f95a1dc9404ac1076,file_00000000de6c722f95a1dc9404ac1076.dat,895BC7AD-5C20-49D1-AB8F-A55645FD22C8.jpeg,image/jpeg,105113,message_attachment,conversations-003(1).json
6939d6a0-c024-8333-bd11-7146ed4dfdba,Creative writing options,2025-12-10T20:22:57.434814+00:00,e0c6180b-ce64-45a2-92cd-6797a7381d05,2026-04-02T19:03:12.699000+00:00,user,file-BE5rhP73uoUcVRMkNncYa4,file-BE5rhP73uoUcVRMkNncYa4.dat,WET_Project_1.mp4,video/mp4,77295014,local,conversations-003(1).json
6939d6a0-c024-8333-bd11-7146ed4dfdba,Creative writing options,2025-12-10T20:22:57.434814+00:00,e3a06c43-3edb-4e04-b00f-e2cf340e26fb,2026-01-25T19:59:18.916913+00:00,user,file_00000000425c722fba20222c0f8a3140,file_00000000425c722fba20222c0f8a3140.dat,BD515075-FBCC-489E-9302-8936A4CABB43.jpeg,image/jpeg,560480,message_attachment,conversations-003(1).json
6939d6a0-c024-8333-bd11-7146ed4dfdba,Creative writing options,2025-12-10T20:22:57.434814+00:00,e7fb892e-456b-467d-9e95-21930ded2cb6,2026-01-26T23:28:31.448519+00:00,user,file_000000000b9c722fb8b03e5c35de5196,file_000000000b9c722fb8b03e5c35de5196.dat,48896F16-02E7-404B-B2F9-8C28E450DF68.jpeg,image/jpeg,347137,message_attachment,conversations-003(1).json
6939d6a0-c024-8333-bd11-7146ed4dfdba,Creative writing options,2025-12-10T20:22:57.434814+00:00,e9d26b60-6d6a-4535-923b-8e499fc1656a,2026-02-16T18:24:24.317750+00:00,assistant,file_00000000ba68722fa89340150d451997,file_00000000ba68722fa89340150d451997.dat,6939d6a0-c024-8333-bd11-7146ed4dfdba/audio/227fbe8c-a42a-461f-a92f-beea3c98628d.wav,,756078,content_asset_pointer,conversations-003(1).json
694056a0-b45c-8333-930d-75a550951f81,Meeting minutes creation,2025-12-15T18:43:23.879811+00:00,30644033-26e7-4a9e-88f2-59ff7a55a920,2025-12-15T18:43:22.708000+00:00,user,file_00000000062471fda840068aa00bd9be,file_00000000062471fda840068aa00bd9be.dat,dfc26fac-6580-47ad-863e-dc2a4bca1341.png,image/png,6746,local,conversations-003(1).json
69416d88-ade8-8327-b351-a5b03200ed40,Formulate response options,2025-12-16T14:33:43.674773+00:00,166f7cec-fdd4-43c7-93d8-77f9e9701bbd,2025-12-16T14:33:43.009000+00:00,user,file_00000000572871f5b3d9fae56a2f6d4d,file_00000000572871f5b3d9fae56a2f6d4d.dat,7bbf4d21-7332-48f0-8756-b18003999729.png,image/png,102796,local,conversations-003(1).json
69442610-bd18-8331-9681-b9eb0f676b76,Co-located multiplayer VR setup,2025-12-18T16:06:16.852620+00:00,001a85c1-3fa2-4913-930a-fab5d388b57d,2025-12-22T22:04:30.714000+00:00,user,file_00000000e4f071fd845dc1639f7e956a,file_00000000e4f071fd845dc1639f7e956a.dat,570334c7-354a-4cf9-ac7b-358bc5ca6c06.png,image/png,58441,local,conversations-003(1).json
69442610-bd18-8331-9681-b9eb0f676b76,Co-located multiplayer VR setup,2025-12-18T16:06:16.852620+00:00,03c731b9-181d-4d53-91d7-988c14acc7be,2025-12-31T22:06:39.871000+00:00,user,file_0000000001c071f89f619edfcf813fa5,file_0000000001c071f89f619edfcf813fa5.dat,Document.docx,application/vnd.openxmlformats-officedocument.wordprocessingml.document,1324274,local,conversations-003(1).json
69442610-bd18-8331-9681-b9eb0f676b76,Co-located multiplayer VR setup,2025-12-18T16:06:16.852620+00:00,094c4fc5-2693-48c4-9044-ca7c0a4bfdc5,2025-12-20T15:08:04.401503+00:00,user,file_000000008f5c71f59f77efed8d303df9,file_000000008f5c71f59f77efed8d303df9.dat,IMG_D87311D3-D06A-40F4-B3B2-E4FAEE1E7441.jpeg,image/jpeg,3342965,message_attachment,conversations-003(1).json
69442610-bd18-8331-9681-b9eb0f676b76,Co-located multiplayer VR setup,2025-12-18T16:06:16.852620+00:00,0a9ced57-fc38-4a82-b5d7-8c1bc9b186de,2025-12-23T22:27:59.892000+00:00,user,file_00000000f3b871fdb74938d5810f6d5e,file_00000000f3b871fdb74938d5810f6d5e.dat,93e25717-967b-43bc-820d-115d98f4c57d.png,image/png,23964,local,conversations-003(1).json
69442610-bd18-8331-9681-b9eb0f676b76,Co-located multiplayer VR setup,2025-12-18T16:06:16.852620+00:00,0b10c9fd-a905-44e6-8730-d3dc71e0be0f,2025-12-25T23:30:57.277000+00:00,user,file_00000000e40071f895c376f314ed78c6,file_00000000e40071f895c376f314ed78c6.dat,ab102ff0-8869-4405-a1c7-00ce7127a52c.png,image/png,171119,local,conversations-003(1).json
69442610-bd18-8331-9681-b9eb0f676b76,Co-located multiplayer VR setup,2025-12-18T16:06:16.852620+00:00,1629cf54-de36-4ddd-97c6-791784f9ba8b,2025-12-26T00:06:34.508000+00:00,user,file_000000002d9871fd90859828c891935c,file_000000002d9871fd90859828c891935c.dat,eb9a614d-c56d-4198-98bd-da54a6457e94.png,image/png,81183,local,conversations-003(1).json
69442610-bd18-8331-9681-b9eb0f676b76,Co-located multiplayer VR setup,2025-12-18T16:06:16.852620+00:00,1c259928-9763-4ebd-8e12-09ced3c04947,2026-01-05T23:02:00.134000+00:00,user,file_0000000015c071fda3cba9a21206e8cc,file_0000000015c071fda3cba9a21206e8cc.dat,92dc82a3-b30e-41f3-addd-d5741dbc4a60.png,image/png,158326,local,conversations-003(1).json
69442610-bd18-8331-9681-b9eb0f676b76,Co-located multiplayer VR setup,2025-12-18T16:06:16.852620+00:00,1dff3308-dbaa-4eba-96fc-5dc84596e92e,2025-12-19T01:59:21.720947+00:00,user,file_00000000173471fd91a5e6d1c8f991c1,file_00000000173471fd91a5e6d1c8f991c1.dat,IMG_02EC00FF-F73F-415E-8E87-E4A2D9F95378.jpeg,image/jpeg,3376790,message_attachment,conversations-003(1).json
69442610-bd18-8331-9681-b9eb0f676b76,Co-located multiplayer VR setup,2025-12-18T16:06:16.852620+00:00,20a54098-a254-4334-9f1a-4f2a0d3042cd,2025-12-19T01:24:29.188735+00:00,user,file_000000006018722fa996d2519eae7442,file_000000006018722fa996d2519eae7442.dat,IMG_A2413DD9-4F77-4E1D-A753-0D009ACC516E.jpeg,image/jpeg,2833073,message_attachment,conversations-003(1).json
69442610-bd18-8331-9681-b9eb0f676b76,Co-located multiplayer VR setup,2025-12-18T16:06:16.852620+00:00,21e3bd10-8b00-4cd9-b66b-4d2be22c223e,2025-12-22T22:42:52.937967+00:00,user,file_00000000e7c471fd87c5b7d295996804,file_00000000e7c471fd87c5b7d295996804.dat,IMG_C8C57600-0E67-4CF1-8675-1A5F6A270797.jpeg,image/jpeg,4139191,message_attachment,conversations-003(1).json
69442610-bd18-8331-9681-b9eb0f676b76,Co-located multiplayer VR setup,2025-12-18T16:06:16.852620+00:00,243ddc87-128d-4387-bc62-21acdd21da1c,2025-12-20T13:22:56.674171+00:00,user,file_00000000943c722f916963d301688705,file_00000000943c722f916963d301688705.dat,IMG_02E14AAD-B3FA-4DDD-8B3C-5F1EDBA198D0.jpeg,image/jpeg,440481,message_attachment,conversations-003(1).json
69442610-bd18-8331-9681-b9eb0f676b76,Co-located multiplayer VR setup,2025-12-18T16:06:16.852620+00:00,27f1948c-92b8-4c5f-a688-c624f2defcc2,2025-12-25T20:23:32.779000+00:00,user,file_0000000024a4722f9b117281e5c55fe8,file_0000000024a4722f9b117281e5c55fe8.dat,3a78e796-f617-4710-871a-6365740dda7a.png,image/png,198595,local,conversations-003(1).json
69442610-bd18-8331-9681-b9eb0f676b76,Co-located multiplayer VR setup,2025-12-18T16:06:16.852620+00:00,2a780f35-109f-41be-b1bf-3e9595069d37,2025-12-25T20:46:59.187000+00:00,user,file_00000000faa071f5ab92edced0b1e4ec,file_00000000faa071f5ab92edced0b1e4ec.dat,f8f169e4-0fb3-4c11-a4f1-adb5956e3e79.png,image/png,134766,local,conversations-003(1).json
69442610-bd18-8331-9681-b9eb0f676b76,Co-located multiplayer VR setup,2025-12-18T16:06:16.852620+00:00,2d502e07-1fd2-4927-9691-5f46b379b22a,2025-12-23T01:50:27.644000+00:00,user,file_0000000048c471f5aa04e5592daf6178,file_0000000048c471f5aa04e5592daf6178.dat,aa16d19c-912a-4a7c-9658-75632bab55f7.png,image/png,56201,local,conversations-003(1).json
69442610-bd18-8331-9681-b9eb0f676b76,Co-located multiplayer VR setup,2025-12-18T16:06:16.852620+00:00,391cfe6b-a045-4feb-b060-4f21372c6f3b,2025-12-25T20:49:34.570000+00:00,user,file_00000000835871f5ae8e5b3aaa76873c,file_00000000835871f5ae8e5b3aaa76873c.dat,57616621-eabd-4698-b393-a972704c2cea.png,image/png,34782,local,conversations-003(1).json
69442610-bd18-8331-9681-b9eb0f676b76,Co-located multiplayer VR setup,2025-12-18T16:06:16.852620+00:00,3db6b441-434a-487c-9552-193acae7ae87,2025-12-23T23:24:48.652000+00:00,user,file_00000000c76871fd8a3a8af0f7e87101,file_00000000c76871fd8a3a8af0f7e87101.dat,9647ae67-625b-4367-a063-02897d79a4ba.png,image/png,37784,local,conversations-003(1).json
69442610-bd18-8331-9681-b9eb0f676b76,Co-located multiplayer VR setup,2025-12-18T16:06:16.852620+00:00,3db6b441-434a-487c-9552-193acae7ae87,2025-12-23T23:24:48.652000+00:00,user,file_0000000013ac71fd81263d9fff192c64,file_0000000013ac71fd81263d9fff192c64.dat,9ae7435f-8d17-43ea-b3f9-6845e1da2005.png,image/png,62652,local,conversations-003(1).json
69442610-bd18-8331-9681-b9eb0f676b76,Co-located multiplayer VR setup,2025-12-18T16:06:16.852620+00:00,3db6b441-434a-487c-9552-193acae7ae87,2025-12-23T23:24:48.652000+00:00,user,file_00000000e38c71fdb640442cf71152bc,file_00000000e38c71fdb640442cf71152bc.dat,4200616a-efe2-4994-9e0f-ca469d0742f8.png,image/png,28621,local,conversations-003(1).json
69442610-bd18-8331-9681-b9eb0f676b76,Co-located multiplayer VR setup,2025-12-18T16:06:16.852620+00:00,3e4c8421-9b12-475e-9e67-2c70fd51be9c,2025-12-25T23:11:01.957000+00:00,user,file_00000000388c71fd8ac3891d51d8e7e8,file_00000000388c71fd8ac3891d51d8e7e8.dat,2b8f5bfe-0552-430b-87d2-0bc86d0f19d9.png,image/png,114720,local,conversations-003(1).json
69442610-bd18-8331-9681-b9eb0f676b76,Co-located multiplayer VR setup,2025-12-18T16:06:16.852620+00:00,4595fd82-1df5-474d-8514-456bfe7bd5dc,2025-12-19T02:09:38.328221+00:00,user,file_00000000182471fd9824d4f4d089c3c1,file_00000000182471fd9824d4f4d089c3c1.dat,IMG_266F33FC-F63D-4E22-A425-B21E185D267B.jpeg,image/jpeg,2782664,message_attachment,conversations-003(1).json
69442610-bd18-8331-9681-b9eb0f676b76,Co-located multiplayer VR setup,2025-12-18T16:06:16.852620+00:00,47aa8ccf-f494-4f41-b027-48e1dc5be50a,2025-12-19T22:05:05.849809+00:00,user,file_00000000def471fdb83a184dc610fad6,file_00000000def471fdb83a184dc610fad6.dat,IMG_0E6C2A00-48E0-4370-917E-363C1DA2B7E0.jpeg,image/jpeg,498268,message_attachment,conversations-003(1).json
69442610-bd18-8331-9681-b9eb0f676b76,Co-located multiplayer VR setup,2025-12-18T16:06:16.852620+00:00,4c5cd60e-fe05-4ebc-b6a4-90783929ea7a,2025-12-19T22:22:41.207338+00:00,user,file_00000000ef5871fd999c09c8340eb75b,file_00000000ef5871fd999c09c8340eb75b.dat,IMG_DAEA8C08-1C2E-4CD9-B6E9-F0840F7F9E6C.jpeg,image/jpeg,3626170,message_attachment,conversations-003(1).json
69442610-bd18-8331-9681-b9eb0f676b76,Co-located multiplayer VR setup,2025-12-18T16:06:16.852620+00:00,4c5cd60e-fe05-4ebc-b6a4-90783929ea7a,2025-12-19T22:22:41.207338+00:00,user,file_00000000067471fda729d831fee2ebd3,file_00000000067471fda729d831fee2ebd3.dat,IMG_345805F2-A2A1-4951-B8A7-F387F0441307.jpeg,image/jpeg,3965391,message_attachment,conversations-003(1).json
69442610-bd18-8331-9681-b9eb0f676b76,Co-located multiplayer VR setup,2025-12-18T16:06:16.852620+00:00,4e4bf168-a413-49ce-9a5d-b6fa52b7f762,2025-12-24T00:03:05.020000+00:00,user,file_0000000070a8722fb7902280b79c3ee6,file_0000000070a8722fb7902280b79c3ee6.dat,9a8c30c2-02b0-40e1-9aeb-79d62988e00b.png,image/png,53735,local,conversations-003(1).json
69442610-bd18-8331-9681-b9eb0f676b76,Co-located multiplayer VR setup,2025-12-18T16:06:16.852620+00:00,5170397f-3a0b-4122-b0f7-37a303a5b7fc,2025-12-24T00:08:47.349000+00:00,user,file_00000000021471f5b42c337a97b99e06,file_00000000021471f5b42c337a97b99e06.dat,a5205d4a-fadf-4a7a-9356-7470a90ace64.png,image/png,134687,local,conversations-003(1).json
69442610-bd18-8331-9681-b9eb0f676b76,Co-located multiplayer VR setup,2025-12-18T16:06:16.852620+00:00,5ddcf1ad-28dd-48bc-9fa1-6c27bad3597a,2025-12-25T23:03:13.488000+00:00,user,file_000000003c4871f7802f8bf68fdab4a8,file_000000003c4871f7802f8bf68fdab4a8.dat,498eb7aa-d161-486c-9423-633f90f920b4.png,image/png,289007,local,conversations-003(1).json
69442610-bd18-8331-9681-b9eb0f676b76,Co-located multiplayer VR setup,2025-12-18T16:06:16.852620+00:00,693096eb-26a5-4594-a121-dba3137bf39f,2025-12-24T09:47:00.707000+00:00,user,file_00000000a42471f591b2cc983a3fc0fc,file_00000000a42471f591b2cc983a3fc0fc.dat,c28067ae-ca6c-4473-b470-766e0c21d154.png,image/png,170182,local,conversations-003(1).json
69442610-bd18-8331-9681-b9eb0f676b76,Co-located multiplayer VR setup,2025-12-18T16:06:16.852620+00:00,701f67f2-872b-4407-a12f-f2dcbee37c06,2025-12-19T22:42:58.143507+00:00,user,file_000000000da471fdacb23fde851d7717,file_000000000da471fdacb23fde851d7717.dat,IMG_ADCBBCBB-0F09-4A46-957D-5D285D219A3D.jpeg,image/jpeg,3198871,message_attachment,conversations-003(1).json
69442610-bd18-8331-9681-b9eb0f676b76,Co-located multiplayer VR setup,2025-12-18T16:06:16.852620+00:00,73cda906-4dbc-439d-85a2-3d65df7379cf,2025-12-22T22:35:23.002000+00:00,user,file_000000006ad8722f9560bb8225bf7215,file_000000006ad8722f9560bb8225bf7215.dat,af71e669-e45c-45ba-be9b-40ab4a883d40.png,image/png,24751,local,conversations-003(1).json
69442610-bd18-8331-9681-b9eb0f676b76,Co-located multiplayer VR setup,2025-12-18T16:06:16.852620+00:00,749b41fe-5eb5-45f9-ba85-62887e52be21,2025-12-23T22:43:46.556000+00:00,user,file_00000000427071fdb23841362c10c9e6,file_00000000427071fdb23841362c10c9e6.dat,4c75d3c8-229c-483d-98ba-40457838454f.png,image/png,183850,local,conversations-003(1).json
69442610-bd18-8331-9681-b9eb0f676b76,Co-located multiplayer VR setup,2025-12-18T16:06:16.852620+00:00,785578bb-99a5-4d67-b7cb-221817fc01df,2025-12-19T22:04:50.252610+00:00,user,file_000000006e3071fd99aae4310e64dc80,file_000000006e3071fd99aae4310e64dc80.dat,IMG_241E68A4-5779-4A5A-8499-6C45DB77A1E0.jpeg,image/jpeg,3825548,message_attachment,conversations-003(1).json
69442610-bd18-8331-9681-b9eb0f676b76,Co-located multiplayer VR setup,2025-12-18T16:06:16.852620+00:00,785578bb-99a5-4d67-b7cb-221817fc01df,2025-12-19T22:04:50.252610+00:00,user,file_000000008d3c71fd883301b5204c98b7,file_000000008d3c71fd883301b5204c98b7.dat,IMG_9A38CF8A-D995-4DF1-9A76-91DA83812BCB.jpeg,image/jpeg,3874626,message_attachment,conversations-003(1).json
69442610-bd18-8331-9681-b9eb0f676b76,Co-located multiplayer VR setup,2025-12-18T16:06:16.852620+00:00,785578bb-99a5-4d67-b7cb-221817fc01df,2025-12-19T22:04:50.252610+00:00,user,file_00000000e74871fdb8929cc75a297caf,file_00000000e74871fdb8929cc75a297caf.dat,IMG_25F5DFAE-4ACA-43FB-9EF4-5E052722F68D.jpeg,image/jpeg,3260094,message_attachment,conversations-003(1).json
69442610-bd18-8331-9681-b9eb0f676b76,Co-located multiplayer VR setup,2025-12-18T16:06:16.852620+00:00,84412505-0a28-4f85-bcf2-06309e476553,2025-12-24T09:34:47.898000+00:00,user,file_00000000c0f471fda9c9c7c89bacf8fc,file_00000000c0f471fda9c9c7c89bacf8fc.dat,43fbe002-343f-4708-a275-e98e907d4aeb.png,image/png,222407,local,conversations-003(1).json
69442610-bd18-8331-9681-b9eb0f676b76,Co-located multiplayer VR setup,2025-12-18T16:06:16.852620+00:00,88ec92ff-2fb6-4f37-9ba8-a81a92dee102,2025-12-19T01:40:24.880879+00:00,user,file_000000000fd471fdbf84588ca8df2013,file_000000000fd471fdbf84588ca8df2013.dat,IMG_94E8B839-F720-4D6B-8F06-897814CBEADF.jpeg,image/jpeg,3129383,message_attachment,conversations-003(1).json
69442610-bd18-8331-9681-b9eb0f676b76,Co-located multiplayer VR setup,2025-12-18T16:06:16.852620+00:00,92feff11-68ee-4d7d-b12d-e21acb904764,2025-12-20T14:41:24.842961+00:00,user,file_00000000e86871fdb92ec4b9e27def73,file_00000000e86871fdb92ec4b9e27def73.dat,IMG_E35AD05D-629D-4A25-BB0A-C70AAB7E0DF6.jpeg,image/jpeg,3446217,message_attachment,conversations-003(1).json
69442610-bd18-8331-9681-b9eb0f676b76,Co-located multiplayer VR setup,2025-12-18T16:06:16.852620+00:00,978e5281-3c90-4f89-986f-7c6e65baf6ac,2025-12-19T10:43:11.156046+00:00,user,file_00000000228871f584fe4716763f1589,file_00000000228871f584fe4716763f1589.dat,IMG_E02AFE2E-C902-4B41-BF3A-FF93EEDDBA57.jpeg,image/jpeg,4181479,message_attachment,conversations-003(1).json
69442610-bd18-8331-9681-b9eb0f676b76,Co-located multiplayer VR setup,2025-12-18T16:06:16.852620+00:00,98d8430d-882a-47e1-b276-78a313a1bacc,2025-12-25T23:10:09.178000+00:00,user,file_00000000625071f797e3b3fe2478e26b,file_00000000625071f797e3b3fe2478e26b.dat,5b19663e-bfa1-4489-873d-7dc0fa9926ae.png,image/png,114720,local,conversations-003(1).json
69442610-bd18-8331-9681-b9eb0f676b76,Co-located multiplayer VR setup,2025-12-18T16:06:16.852620+00:00,99e1ad72-19b9-4a29-9cf9-36931d6bdb6d,2025-12-19T00:38:19.518297+00:00,user,file_00000000aaf871fd99d203e5f746f848,file_00000000aaf871fd99d203e5f746f848.dat,IMG_698D416B-F8FB-4B5A-B93C-879A3656CE4D.jpeg,image/jpeg,4173520,message_attachment,conversations-003(1).json
69442610-bd18-8331-9681-b9eb0f676b76,Co-located multiplayer VR setup,2025-12-18T16:06:16.852620+00:00,99e1ad72-19b9-4a29-9cf9-36931d6bdb6d,2025-12-19T00:38:19.518297+00:00,user,file_000000005bb071fda1b063a1f2afd2a5,file_000000005bb071fda1b063a1f2afd2a5.dat,IMG_CA8F3E3D-FABC-44B3-A401-083D28ED1DB9.jpeg,image/jpeg,3824818,message_attachment,conversations-003(1).json
69442610-bd18-8331-9681-b9eb0f676b76,Co-located multiplayer VR setup,2025-12-18T16:06:16.852620+00:00,af2480e3-11f8-443d-9046-43b55858b79e,2025-12-20T22:50:24.334283+00:00,user,file_00000000d13471fda2a43b6b6aebf01b,file_00000000d13471fda2a43b6b6aebf01b.dat,IMG_3676EE71-D227-49F6-B797-749262BAA0EC.jpeg,image/jpeg,3576765,message_attachment,conversations-003(1).json
69442610-bd18-8331-9681-b9eb0f676b76,Co-located multiplayer VR setup,2025-12-18T16:06:16.852620+00:00,b7911049-fc8e-4e5d-aa77-92c1b8508264,2025-12-20T14:56:33.062403+00:00,user,file_00000000721c722f918a52f32fc26352,file_00000000721c722f918a52f32fc26352.dat,IMG_260092FC-ECBD-4286-AE8F-49AB7DAE6CB9.jpeg,image/jpeg,3592599,message_attachment,conversations-003(1).json
69442610-bd18-8331-9681-b9eb0f676b76,Co-located multiplayer VR setup,2025-12-18T16:06:16.852620+00:00,bd51fa19-eb5c-4b91-9db8-8f4139084ef3,2025-12-19T10:46:52.192276+00:00,user,file_000000006558722fb37124e9fc10ccca,file_000000006558722fb37124e9fc10ccca.dat,IMG_87537093-A93C-4265-8580-8BDE20055A07.jpeg,image/jpeg,3824928,message_attachment,conversations-003(1).json
69442610-bd18-8331-9681-b9eb0f676b76,Co-located multiplayer VR setup,2025-12-18T16:06:16.852620+00:00,c17b5a5d-3b44-489f-b4d4-b51fe44ce320,2025-12-19T10:44:37.473534+00:00,user,file_000000003f80722f893e5ecf7d7163ff,file_000000003f80722f893e5ecf7d7163ff.dat,IMG_9D15DCD8-DCC1-430C-93EA-F6F744C1F406.jpeg,image/jpeg,2805726,message_attachment,conversations-003(1).json
69442610-bd18-8331-9681-b9eb0f676b76,Co-located multiplayer VR setup,2025-12-18T16:06:16.852620+00:00,c1fc9606-8e56-4518-9430-b4036ddd9f6a,2025-12-20T13:36:12.904719+00:00,user,file_00000000758c71f59a9f198af3b22280,file_00000000758c71f59a9f198af3b22280.dat,IMG_C2161A86-3A39-4C9D-8062-2D5B7CBE8802.jpeg,image/jpeg,499462,message_attachment,conversations-003(1).json
69442610-bd18-8331-9681-b9eb0f676b76,Co-located multiplayer VR setup,2025-12-18T16:06:16.852620+00:00,c49620b1-7f7a-4763-bcf5-57f8eb024ac6,2025-12-19T00:10:43.396875+00:00,user,file_000000000cac71f58ecf2bcec76c5bbc,file_000000000cac71f58ecf2bcec76c5bbc.dat,IMG_CA584C9D-9904-4304-9AC5-19E09CFAA832.jpeg,image/jpeg,3470904,message_attachment,conversations-003(1).json
69442610-bd18-8331-9681-b9eb0f676b76,Co-located multiplayer VR setup,2025-12-18T16:06:16.852620+00:00,c89ff3e8-a54d-4dfb-8d50-08b723511ff5,2025-12-22T22:17:51.496000+00:00,user,file_000000005ad871f5b2ddf3deb9c39c56,file_000000005ad871f5b2ddf3deb9c39c56.dat,31425ea0-546e-4e9a-b3a2-3e8709b40f1a.png,image/png,71999,local,conversations-003(1).json
69442610-bd18-8331-9681-b9eb0f676b76,Co-located multiplayer VR setup,2025-12-18T16:06:16.852620+00:00,ce95c05e-89cd-4185-a812-8bde5e9e7b53,2025-12-19T11:51:49.351000+00:00,user,file_000000008ed071fd877df29d642957ec,file_000000008ed071fd877df29d642957ec.dat,81e720e5-3281-42c9-a858-f03832dac1d0.png,image/png,127970,local,conversations-003(1).json
69442610-bd18-8331-9681-b9eb0f676b76,Co-located multiplayer VR setup,2025-12-18T16:06:16.852620+00:00,cf933a67-f1b3-4bdd-b42c-74be804fa72e,2025-12-25T22:37:33.332000+00:00,user,file_000000008e0871f8a72298eb59321fa0,file_000000008e0871f8a72298eb59321fa0.dat,fd5c75ed-d983-4d62-92de-0fd505422024.png,image/png,18800,local,conversations-003(1).json
69442610-bd18-8331-9681-b9eb0f676b76,Co-located multiplayer VR setup,2025-12-18T16:06:16.852620+00:00,d0328042-47df-4ecb-b9a6-e2563f5abf69,2025-12-20T14:46:54.113719+00:00,user,file_000000004b70722fb130c426040915d3,file_000000004b70722fb130c426040915d3.dat,IMG_E73D9BC5-F520-498A-ABA9-6EE574D63FCC.jpeg,image/jpeg,3970652,message_attachment,conversations-003(1).json
69442610-bd18-8331-9681-b9eb0f676b76,Co-located multiplayer VR setup,2025-12-18T16:06:16.852620+00:00,d0376cf4-9915-4400-8e73-52b349c3ffb7,2025-12-19T02:14:53.335662+00:00,user,file_00000000e71471fd959e740aab62cee2,file_00000000e71471fd959e740aab62cee2.dat,IMG_8B7AEBA6-A1A3-484E-BDD2-B7475A91CCAE.jpeg,image/jpeg,2975396,message_attachment,conversations-003(1).json
69442610-bd18-8331-9681-b9eb0f676b76,Co-located multiplayer VR setup,2025-12-18T16:06:16.852620+00:00,d98b9b36-c808-467a-9c06-fa2d49b8cbd1,2025-12-19T01:13:56.167702+00:00,user,file_000000009f74722f99a843bf0ae0ca00,file_000000009f74722f99a843bf0ae0ca00.dat,IMG_31BDA7ED-8EDC-4E36-BA87-CA64442A3226.jpeg,image/jpeg,2712415,message_attachment,conversations-003(1).json
69442610-bd18-8331-9681-b9eb0f676b76,Co-located multiplayer VR setup,2025-12-18T16:06:16.852620+00:00,da1f42b7-0c4a-4c7c-be12-c37458e5a3af,2025-12-25T23:30:01.550000+00:00,user,file_000000005a8871fd8362c7c2c93d8f07,file_000000005a8871fd8362c7c2c93d8f07.dat,9840f201-3516-49b8-849f-c4ce73e610f9.png,image/png,40250,local,conversations-003(1).json
69442610-bd18-8331-9681-b9eb0f676b76,Co-located multiplayer VR setup,2025-12-18T16:06:16.852620+00:00,dde9217f-6887-4472-9481-c07dcd6e5ded,2025-12-24T00:14:28.572000+00:00,user,file_00000000290c722fb7661e5a758b7bd1,file_00000000290c722fb7661e5a758b7bd1.dat,cc760eec-60aa-409e-9fee-b7ca360a86d0.png,image/png,39593,local,conversations-003(1).json
69442610-bd18-8331-9681-b9eb0f676b76,Co-located multiplayer VR setup,2025-12-18T16:06:16.852620+00:00,dfb12110-4fd5-434a-9691-51a233e6a42b,2025-12-25T22:32:14.370000+00:00,user,file_00000000206071fd9d8de66f1eaad778,file_00000000206071fd9d8de66f1eaad778.dat,f01ae721-643f-4e13-bca1-6d6934992b70.png,image/png,51500,local,conversations-003(1).json
69442610-bd18-8331-9681-b9eb0f676b76,Co-located multiplayer VR setup,2025-12-18T16:06:16.852620+00:00,e723cdeb-c750-4fa4-ad60-ffc479cebc63,2025-12-24T09:40:47.908000+00:00,user,file_00000000b3fc71fd8986450223508185,file_00000000b3fc71fd8986450223508185.dat,bd7023a0-5df7-4830-9de7-f3d082c30287.png,image/png,62887,local,conversations-003(1).json
69442610-bd18-8331-9681-b9eb0f676b76,Co-located multiplayer VR setup,2025-12-18T16:06:16.852620+00:00,e96948a1-c236-4f58-8b58-e0ba3a9ec9c6,2025-12-19T00:12:30.489611+00:00,user,file_00000000991c71f58946f7db2cd0345d,file_00000000991c71f58946f7db2cd0345d.dat,IMG_46939B09-3EFC-48B7-9F22-73F10AF997EF.jpeg,image/jpeg,4063100,message_attachment,conversations-003(1).json
69442610-bd18-8331-9681-b9eb0f676b76,Co-located multiplayer VR setup,2025-12-18T16:06:16.852620+00:00,ecb7d817-7b06-4525-b5e7-4edce8cbf5cb,2025-12-23T23:51:49.572000+00:00,user,file_0000000099b471f5be86485d7a53265f,file_0000000099b471f5be86485d7a53265f.dat,2922f083-6522-43c7-9953-19c3da9e8b7e.png,image/png,79616,local,conversations-003(1).json
69442610-bd18-8331-9681-b9eb0f676b76,Co-located multiplayer VR setup,2025-12-18T16:06:16.852620+00:00,ed43f025-74c6-43c4-8c3d-0f32919408a0,2025-12-20T14:37:48.475580+00:00,user,file_00000000819071fdbe97b5950904505c,file_00000000819071fdbe97b5950904505c.dat,IMG_7A55BD88-2B98-43CA-9E22-A2FC8C94728A.jpeg,image/jpeg,3421798,message_attachment,conversations-003(1).json
69442610-bd18-8331-9681-b9eb0f676b76,Co-located multiplayer VR setup,2025-12-18T16:06:16.852620+00:00,ee753b23-8a95-4e44-b669-102b000d0211,2026-01-05T22:38:36.520000+00:00,user,file_00000000234471fd8a2cfa806bf5d9c8,file_00000000234471fd8a2cfa806bf5d9c8.dat,61fcd161-63a6-4be9-a5b1-6b1ea67cfe7a.png,image/png,429336,local,conversations-003(1).json
69442610-bd18-8331-9681-b9eb0f676b76,Co-located multiplayer VR setup,2025-12-18T16:06:16.852620+00:00,ee753b23-8a95-4e44-b669-102b000d0211,2026-01-05T22:38:36.520000+00:00,user,file_000000001eac71fdaa19e58cc051d71c,file_000000001eac71fdaa19e58cc051d71c.dat,255ea48d-6ced-4332-a962-cac6938fb710.png,image/png,260039,local,conversations-003(1).json
69442610-bd18-8331-9681-b9eb0f676b76,Co-located multiplayer VR setup,2025-12-18T16:06:16.852620+00:00,f02bf7e5-db18-4ff3-b538-88687b2ab7c2,2025-12-23T23:46:54.407000+00:00,user,file_00000000bfb071fd8c6ea365c90e9872,file_00000000bfb071fd8c6ea365c90e9872.dat,8ea6a848-af96-4b4c-a172-02234c32e519.png,image/png,36282,local,conversations-003(1).json
69442610-bd18-8331-9681-b9eb0f676b76,Co-located multiplayer VR setup,2025-12-18T16:06:16.852620+00:00,f02bf7e5-db18-4ff3-b538-88687b2ab7c2,2025-12-23T23:46:54.407000+00:00,user,file_00000000de40722f9826cfc4fb63f78d,file_00000000de40722f9826cfc4fb63f78d.dat,9fa84d4c-bc8d-4ffa-85fa-55ae025bec78.png,image/png,102053,local,conversations-003(1).json
69442610-bd18-8331-9681-b9eb0f676b76,Co-located multiplayer VR setup,2025-12-18T16:06:16.852620+00:00,f1382f3c-a38c-4aeb-b0d2-a56a03ee0a90,2025-12-26T00:56:47.912000+00:00,user,file_00000000cc04720cb90f4530d07e558b,file_00000000cc04720cb90f4530d07e558b.dat,32fc8ecb-46f6-4b40-b2ee-fb598c6234c4.png,image/png,65312,local,conversations-003(1).json
69442610-bd18-8331-9681-b9eb0f676b76,Co-located multiplayer VR setup,2025-12-18T16:06:16.852620+00:00,fe40e76a-b0d6-4baf-ba3e-24e4e03b7a27,2025-12-19T10:49:59.692952+00:00,user,file_00000000d84071f58842fcea5307bd70,file_00000000d84071f58842fcea5307bd70.dat,IMG_B1ECB078-7325-4A78-93AA-E26092F4B5E3.jpeg,image/jpeg,3523072,message_attachment,conversations-003(1).json
694beba4-3d54-832a-b85a-7512adfbc291,Document-Based Testing Approach,2025-12-24T13:35:33.925064+00:00,04158a48-9fd7-443c-9e91-4f976620db7f,2025-12-24T13:35:33.845847+00:00,assistant,file-4bvjDCkw6QB51HfuKCmiDQ,file-4bvjDCkw6QB51HfuKCmiDQ.dat,rec_Try.pdf,,,my_files,conversations-003(1).json
694beba4-3d54-832a-b85a-7512adfbc291,Document-Based Testing Approach,2025-12-24T13:35:33.925064+00:00,2157005d-6304-43f6-853d-4f0a315135e8,2025-12-24T13:59:10.470729+00:00,assistant,file-4bvjDCkw6QB51HfuKCmiDQ,file-4bvjDCkw6QB51HfuKCmiDQ.dat,rec_Try.pdf,,,my_files,conversations-003(1).json
6953f15d-9fc8-832e-a46a-226a8fc5e9c3,Weasel Squad Patch Design,2025-12-30T15:37:00.206325+00:00,86b221ca-9fc6-470c-bb2c-0510e88602a1,2025-12-30T15:36:59.417128+00:00,user,file_00000000637471f5a2f5e795649e623e,file_00000000637471f5a2f5e795649e623e.dat,AC74BE8B-7241-4507-9CD9-6D87A064F2E2.png,image/png,1857986,message_attachment,conversations-003(1).json
695fc1cc-c3f4-8327-8c34-a9e218fd8d9a,Flash Card Organization Help,2026-01-08T14:40:17.332908+00:00,5074601f-d4ab-4799-9b84-db2cdc377760,2026-01-08T14:40:16.429000+00:00,user,file_0000000084b071fd83c33bdf4ab9483e,file_0000000084b071fd83c33bdf4ab9483e.dat,SPINE-101_FlashCard_PRE.pdf,application/pdf,6178178,local,conversations-003(1).json
695fc1cc-c3f4-8327-8c34-a9e218fd8d9a,Flash Card Organization Help,2026-01-08T14:40:17.332908+00:00,5417760e-8242-43b6-a78f-9d62ea1f95bb,2026-01-08T14:40:17.204970+00:00,assistant,file_0000000084b071fd83c33bdf4ab9483e,file_0000000084b071fd83c33bdf4ab9483e.dat,SPINE-101_FlashCard_PRE.pdf,,,my_files,conversations-003(1).json
695fc1cc-c3f4-8327-8c34-a9e218fd8d9a,Flash Card Organization Help,2026-01-08T14:40:17.332908+00:00,94e4ce56-64e1-4f44-8948-ea778b04f4d3,2026-01-08T15:00:59.417568+00:00,assistant,file_0000000084b071fd83c33bdf4ab9483e,file_0000000084b071fd83c33bdf4ab9483e.dat,SPINE-101_FlashCard_PRE.pdf,,,my_files,conversations-003(1).json
69606c39-933c-8331-9a73-7058f46af7ee,Real or Rendered Photo,2026-01-09T02:47:22.238915+00:00,c3c7f503-a8a3-4dc6-a38d-260fd02ca28a,2026-01-09T02:47:20.865926+00:00,user,file_0000000043bc71f8b38617738cc40da4,file_0000000043bc71f8b38617738cc40da4.dat,7AECD13A-75AE-42F3-92C3-CE1EADB8D3A9.jpeg,image/jpeg,312308,message_attachment,conversations-003(1).json
69626f72-c318-832c-832a-8bef6d20351f,Multiplayer VR Co-location,2026-01-10T15:30:37.848498+00:00,4b4c58ef-2cf3-4ec1-8d00-043b400f357a,2026-01-10T19:56:14.020000+00:00,user,file_00000000803071f8bed1753b26e5b093,file_00000000803071f8bed1753b26e5b093.dat,a271f40f-6af9-4355-b764-e41d39a9562d.png,image/png,144705,local,conversations-003(1).json
69626f72-c318-832c-832a-8bef6d20351f,Multiplayer VR Co-location,2026-01-10T15:30:37.848498+00:00,4d47b348-7014-496d-9e16-0237ef1efc26,2026-01-10T19:37:02.467000+00:00,user,file_00000000a6b471fd802b1086b82dbe2c,file_00000000a6b471fd802b1086b82dbe2c.dat,73d17023-8ca9-4682-b5be-8eaa2a3ea517.png,image/png,28245,local,conversations-003(1).json
69626f72-c318-832c-832a-8bef6d20351f,Multiplayer VR Co-location,2026-01-10T15:30:37.848498+00:00,4fd4a177-3045-4d69-918c-f77eb24e0765,2026-01-10T19:33:04.316000+00:00,user,file_00000000dcec71fda56a497e311698e2,file_00000000dcec71fda56a497e311698e2.dat,c4659e63-5c9d-440c-b275-772aee22ca28.png,image/png,67902,local,conversations-003(1).json
69626f72-c318-832c-832a-8bef6d20351f,Multiplayer VR Co-location,2026-01-10T15:30:37.848498+00:00,59730a31-9223-4850-9123-a9e308b8ea0f,2026-01-11T15:31:36.511000+00:00,user,file_00000000f6d871f589d50bf00968aa63,file_00000000f6d871f589d50bf00968aa63.dat,7594719c-6988-4b7b-95fe-4aead357f255.png,image/png,56604,local,conversations-003(1).json
69626f72-c318-832c-832a-8bef6d20351f,Multiplayer VR Co-location,2026-01-10T15:30:37.848498+00:00,6483b9dc-23db-48ef-b20e-bdb0d542beb0,2026-01-10T19:51:25.021000+00:00,user,file_00000000fb7c71fd8367421c378a7f9c,file_00000000fb7c71fd8367421c378a7f9c.dat,89b77d49-08e6-4c6e-b35d-3c06b9150a42.png,image/png,55277,local,conversations-003(1).json
69626f72-c318-832c-832a-8bef6d20351f,Multiplayer VR Co-location,2026-01-10T15:30:37.848498+00:00,656d95b1-b330-436f-82c4-06724d89f301,2026-01-10T20:15:23.093000+00:00,user,file_0000000046ac71f88b30349959068a09,file_0000000046ac71f88b30349959068a09.dat,2ccdc1b8-5c63-4d16-97ed-a8a574b1178c.png,image/png,133976,local,conversations-003(1).json
69626f72-c318-832c-832a-8bef6d20351f,Multiplayer VR Co-location,2026-01-10T15:30:37.848498+00:00,656d95b1-b330-436f-82c4-06724d89f301,2026-01-10T20:15:23.093000+00:00,user,file_00000000017071fda22a2d6d9f772d1c,file_00000000017071fda22a2d6d9f772d1c.dat,43d7d984-977a-4cea-a978-b06502347092.png,image/png,139348,local,conversations-003(1).json
69626f72-c318-832c-832a-8bef6d20351f,Multiplayer VR Co-location,2026-01-10T15:30:37.848498+00:00,67f83f2e-73fd-4759-8c3e-5523955e77f8,2026-01-11T15:25:34.848000+00:00,user,file_00000000e26871f58ce597674a045f0e,file_00000000e26871f58ce597674a045f0e.dat,1faf42d2-2ac9-4d5d-baf3-ed99a0658edd.png,image/png,169710,local,conversations-003(1).json
69626f72-c318-832c-832a-8bef6d20351f,Multiplayer VR Co-location,2026-01-10T15:30:37.848498+00:00,6d660ee4-9624-49bf-9f15-95914181ed59,2026-01-11T15:17:29.920000+00:00,user,file_00000000b8d471f7b5597f027996fc33,file_00000000b8d471f7b5597f027996fc33.dat,b63612a4-0292-4199-89c7-fdd32849db5e.png,image/png,217063,local,conversations-003(1).json
69626f72-c318-832c-832a-8bef6d20351f,Multiplayer VR Co-location,2026-01-10T15:30:37.848498+00:00,6d660ee4-9624-49bf-9f15-95914181ed59,2026-01-11T15:17:29.920000+00:00,user,file_0000000072c871f7a31c72d255dcd733,file_0000000072c871f7a31c72d255dcd733.dat,2f3007d3-036a-4eb6-9473-a1d96650847c.png,image/png,192081,local,conversations-003(1).json
69626f72-c318-832c-832a-8bef6d20351f,Multiplayer VR Co-location,2026-01-10T15:30:37.848498+00:00,7863c905-c4da-424e-af06-9599921eed0a,2026-01-11T01:10:09.326000+00:00,user,file_000000006770722fb626cda5552ba696,file_000000006770722fb626cda5552ba696.dat,36907bcc-85cf-4992-9ad0-884118337ed0.png,image/png,100797,local,conversations-003(1).json
69626f72-c318-832c-832a-8bef6d20351f,Multiplayer VR Co-location,2026-01-10T15:30:37.848498+00:00,7c0dcb93-6c96-41d1-a95d-008087657987,2026-01-11T15:26:40.231000+00:00,user,file_00000000799c71f7862ae8631c93ac1b,file_00000000799c71f7862ae8631c93ac1b.dat,c221b40f-c7b6-4c00-84b1-eaf4ae8418d6.png,image/png,44098,local,conversations-003(1).json
69626f72-c318-832c-832a-8bef6d20351f,Multiplayer VR Co-location,2026-01-10T15:30:37.848498+00:00,83926083-c005-4c25-9fa9-8d7f890913c2,2026-01-10T19:59:17.941000+00:00,user,file_00000000ca5071fd88c88722cde81b07,file_00000000ca5071fd88c88722cde81b07.dat,9fd1ce2c-c351-4d8f-a697-d3d55a40ea01.png,image/png,125397,local,conversations-003(1).json
69626f72-c318-832c-832a-8bef6d20351f,Multiplayer VR Co-location,2026-01-10T15:30:37.848498+00:00,86bfa6a3-4a6c-48c5-a3a8-56ef9223d823,2026-01-10T19:52:05.074000+00:00,user,file_00000000f2cc71f885fee4968a2f053d,file_00000000f2cc71f885fee4968a2f053d.dat,0800ae43-b8fb-4d9b-92f7-bafff3038def.png,image/png,107564,local,conversations-003(1).json
69626f72-c318-832c-832a-8bef6d20351f,Multiplayer VR Co-location,2026-01-10T15:30:37.848498+00:00,88fe8bcc-374c-40d8-ad34-2c71fe841ffd,2026-01-10T19:30:00.843000+00:00,user,file_000000003aa871fd8158232ab9171bd5,file_000000003aa871fd8158232ab9171bd5.dat,f5c6cf67-e684-42f1-bf8f-1f1cd2273024.png,image/png,166069,local,conversations-003(1).json
69626f72-c318-832c-832a-8bef6d20351f,Multiplayer VR Co-location,2026-01-10T15:30:37.848498+00:00,a35c8baf-10a7-41a7-b7bd-f6938cd84b3b,2026-01-10T19:10:16.752000+00:00,user,file_00000000734071fd9cc834350ec88ccf,file_00000000734071fd9cc834350ec88ccf.dat,bc440e4b-29d9-49d9-b0b8-3b7a45639f0b.png,image/png,102196,local,conversations-003(1).json
69626f72-c318-832c-832a-8bef6d20351f,Multiplayer VR Co-location,2026-01-10T15:30:37.848498+00:00,d8372139-41c7-432c-b30e-7459c79cdaf4,2026-01-10T18:45:33.219000+00:00,user,file_0000000016e471fdbb0570ee49137bcb,file_0000000016e471fdbb0570ee49137bcb.dat,427af41c-39ad-4fbf-bcbd-1d5814f91ff3.png,image/png,19497,local,conversations-003(1).json
69626f72-c318-832c-832a-8bef6d20351f,Multiplayer VR Co-location,2026-01-10T15:30:37.848498+00:00,eb10432c-cc34-4e62-952c-05781691ee12,2026-01-10T19:22:30.733000+00:00,user,file_00000000dca471fd923b4d13e9173330,file_00000000dca471fd923b4d13e9173330.dat,67c4ec5e-5cf1-46f1-9a21-5ad96a66e785.png,image/png,171864,local,conversations-003(1).json
69626f72-c318-832c-832a-8bef6d20351f,Multiplayer VR Co-location,2026-01-10T15:30:37.848498+00:00,eb10432c-cc34-4e62-952c-05781691ee12,2026-01-10T19:22:30.733000+00:00,user,file_000000003de871f88c4c13bc17595b4b,file_000000003de871f88c4c13bc17595b4b.dat,64af5440-01a9-4606-9299-dbf26d311d09.png,image/png,245078,local,conversations-003(1).json
69626f72-c318-832c-832a-8bef6d20351f,Multiplayer VR Co-location,2026-01-10T15:30:37.848498+00:00,ed3066cc-a3cc-45b2-9de0-40a7087f6f05,2026-01-11T11:01:26.755000+00:00,user,file_00000000f70871f88efe94f9b090f48f,file_00000000f70871f88efe94f9b090f48f.dat,ffee8a50-dab7-431b-97b4-af0c2e43ffd2.png,image/png,372727,local,conversations-003(1).json
69626f72-c318-832c-832a-8bef6d20351f,Multiplayer VR Co-location,2026-01-10T15:30:37.848498+00:00,ed3066cc-a3cc-45b2-9de0-40a7087f6f05,2026-01-11T11:01:26.755000+00:00,user,file_00000000f35471fdbca8fec2acfe6ae3,file_00000000f35471fdbca8fec2acfe6ae3.dat,d871b22a-9844-4a7a-a539-53d2bb5c0924.png,image/png,71542,local,conversations-003(1).json
69626f72-c318-832c-832a-8bef6d20351f,Multiplayer VR Co-location,2026-01-10T15:30:37.848498+00:00,ee950bec-443a-49f4-ba94-c23187dcd7c9,2026-01-10T19:16:46.507000+00:00,user,file_00000000a4c871fda55817c43f2e18bd,file_00000000a4c871fda55817c43f2e18bd.dat,e0c28063-1927-4a08-aeb7-e829946f2bc2.png,image/png,104883,local,conversations-003(1).json
69626f72-c318-832c-832a-8bef6d20351f,Multiplayer VR Co-location,2026-01-10T15:30:37.848498+00:00,f23788b8-9bba-45cb-b7f4-66dbd4a86e77,2026-01-10T19:47:16.709000+00:00,user,file_00000000882c71fdaee432f9da89ca26,file_00000000882c71fdaee432f9da89ca26.dat,545cdca1-37ef-48b5-ba10-cda3b5f2099e.png,image/png,209661,local,conversations-003(1).json
6963005c-6370-8331-b9a1-d58b49b7bc64,Attractive Answer Tips,2026-01-11T01:43:58.836947+00:00,172b6045-9f0d-4c1d-8e93-4e413e64a84d,2026-01-11T20:35:27.188648+00:00,user,file_00000000a60871f5b1256e3f50080836,file_00000000a60871f5b1256e3f50080836.dat,680E8BAA-6256-4DD2-AC83-397E8DAD863E.jpeg,image/jpeg,379539,message_attachment,conversations-003(1).json
6963005c-6370-8331-b9a1-d58b49b7bc64,Attractive Answer Tips,2026-01-11T01:43:58.836947+00:00,a565cb02-f2a0-4db2-b80f-3acc0f17b3b7,2026-01-13T16:12:06.474000+00:00,user,file_000000004c4c71fdb8836d3eb49ff833,file_000000004c4c71fdb8836d3eb49ff833.dat,6da11ae7-2762-453b-851b-4dd3b05ba3b9.png,image/png,5439,local,conversations-003(1).json
6963005c-6370-8331-b9a1-d58b49b7bc64,Attractive Answer Tips,2026-01-11T01:43:58.836947+00:00,eda5f1d0-20f4-40ac-be4a-944d5f5d917e,2026-01-29T22:35:05.391902+00:00,user,file_00000000c834722fbe76e11ea1b1e080,file_00000000c834722fbe76e11ea1b1e080.dat,16332276-CC24-402E-9D62-74EC74B17420.jpeg,image/jpeg,339630,message_attachment,conversations-003(1).json
6967ac49-6518-8331-b66e-78e18a0474d2,One-shot Miner Configuration,2026-01-14T14:48:08.210155+00:00,4f1dbd2a-24ec-48b6-9068-a4700f4980c9,2026-01-14T19:58:54.103000+00:00,user,file_00000000fb8471f58eb6af0b7ee47d3b,file_00000000fb8471f58eb6af0b7ee47d3b.dat,19f35211-e920-4721-a67d-d9c82d4fede5.png,image/png,68914,local,conversations-003(1).json
6968e056-fe4c-8330-a35b-c1b627bc1466,Dual GPU Comparison DCS,2026-01-15T12:42:47.676513+00:00,1d9efbdf-7819-4dda-af3c-4a374d5e992f,2026-02-04T16:45:16.410991+00:00,user,file_00000000462c71f8a451f4573ba85f4f,file_00000000462c71f8a451f4573ba85f4f.dat,C427327A-646C-41EF-B0F6-B3CA66CE86B4.jpeg,image/jpeg,617913,message_attachment,conversations-003(1).json
6968e056-fe4c-8330-a35b-c1b627bc1466,Dual GPU Comparison DCS,2026-01-15T12:42:47.676513+00:00,260bea07-40a9-4421-901b-0c057eebbb03,2026-01-16T23:13:56.589592+00:00,user,file_00000000177071f589291215b0ced264,file_00000000177071f589291215b0ced264.dat,91EA925E-179F-4256-B5CB-BE526D40B595.jpeg,image/jpeg,1337445,message_attachment,conversations-003(1).json
6968e056-fe4c-8330-a35b-c1b627bc1466,Dual GPU Comparison DCS,2026-01-15T12:42:47.676513+00:00,45dc983d-5f52-4413-bc6d-0a90c16e9cbc,2026-01-16T23:28:13.659505+00:00,assistant,file_0000000052b471f7827ec44ee6048e46,file_0000000052b471f7827ec44ee6048e46.dat,6968e056-fe4c-8330-a35b-c1b627bc1466/audio/e802d8c5-24a7-44c4-a639-af5fdb5e3862.wav,,156078,content_asset_pointer,conversations-003(1).json
6968e056-fe4c-8330-a35b-c1b627bc1466,Dual GPU Comparison DCS,2026-01-15T12:42:47.676513+00:00,76d05241-6b0d-4613-adee-74bfedd60c01,2026-01-16T21:40:29.076746+00:00,user,file_00000000c04c71f5b33cf2c4083db632,file_00000000c04c71f5b33cf2c4083db632.dat,3EF8394F-1ED7-4BFD-9BA4-375F66411B58.jpeg,image/jpeg,3715387,message_attachment,conversations-003(1).json
6968e056-fe4c-8330-a35b-c1b627bc1466,Dual GPU Comparison DCS,2026-01-15T12:42:47.676513+00:00,c9949129-92ce-4595-8a65-e5c82acd47b9,2026-01-15T12:42:46.748545+00:00,user,file_00000000b170722f854b4b49f520a4e7,file_00000000b170722f854b4b49f520a4e7.dat,F13A5251-9D75-4543-8987-0CB0A926DF70.jpeg,image/jpeg,1337445,message_attachment,conversations-003(1).json
69739fa7-585c-832b-887f-3451ac00c843,Upgrade Path Testing Tips,2026-01-23T16:23:05.936075+00:00,af59c215-ea8d-4b13-9055-5ffd813ff2d9,2026-01-23T16:23:05.281000+00:00,user,file_00000000cb6c71fd8f0d58ede3cf890e,file_00000000cb6c71fd8f0d58ede3cf890e.dat,f3124ee4-d4a6-4de5-b466-27ec8ce8866b.png,image/png,27203,local,conversations-003(1).json
69739fa7-585c-832b-887f-3451ac00c843,Upgrade Path Testing Tips,2026-01-23T16:23:05.936075+00:00,af59c215-ea8d-4b13-9055-5ffd813ff2d9,2026-01-23T16:23:05.281000+00:00,user,file_0000000062c471fd844c59e64cd6e02d,file_0000000062c471fd844c59e64cd6e02d.dat,55da4619-45ff-4496-b23e-d2294efc84a9.png,image/png,18215,local,conversations-003(1).json
6978d8d7-ee30-8332-913f-e7870bc20424,WorklistForm Component Refactor,2026-01-27T15:25:13.006591+00:00,0f38b050-c8d5-4d8d-b48d-7cf5576c49c8,2026-01-27T15:25:15.133975+00:00,assistant,file-DMZDFu2BAfPpcea4FKpuDL,file-DMZDFu2BAfPpcea4FKpuDL.dat,ExamViewTable.tsx,,,my_files,conversations-003(1).json
6978d8d7-ee30-8332-913f-e7870bc20424,WorklistForm Component Refactor,2026-01-27T15:25:13.006591+00:00,0f38b050-c8d5-4d8d-b48d-7cf5576c49c8,2026-01-27T15:25:15.133975+00:00,assistant,file-6UdbQRo7cgV9xQhC7GAP4K,file-6UdbQRo7cgV9xQhC7GAP4K.dat,WorkList.tsx,,,my_files,conversations-003(1).json
697baed9-091c-8330-8718-539820883b5d,Orthanc Server Connection Help,2026-01-29T19:03:40.494685+00:00,08cc540e-b39f-414d-a8bb-6421dc62b8a1,2026-01-29T19:05:16.350040+00:00,assistant,file_0000000044a4722fa837b23c9db27612,file_0000000044a4722fa837b23c9db27612.dat,screencapture-github-globusmedical-PACS-Server-pull-11-changes-2026-01-29-14_01_05.pdf,,,my_files,conversations-003(1).json
697baed9-091c-8330-8718-539820883b5d,Orthanc Server Connection Help,2026-01-29T19:03:40.494685+00:00,08cc540e-b39f-414d-a8bb-6421dc62b8a1,2026-01-29T19:05:16.350040+00:00,assistant,file-RCJ9UFgaQGenVTkpesgh1u,file-RCJ9UFgaQGenVTkpesgh1u.dat,inputBox.tsx,,,my_files,conversations-003(1).json
697baed9-091c-8330-8718-539820883b5d,Orthanc Server Connection Help,2026-01-29T19:03:40.494685+00:00,08cc540e-b39f-414d-a8bb-6421dc62b8a1,2026-01-29T19:05:16.350040+00:00,assistant,file-StoXe3om5mU3zVV1hZz3kw,file-StoXe3om5mU3zVV1hZz3kw.dat,sidebarstatus.tsx,,,my_files,conversations-003(1).json
697baed9-091c-8330-8718-539820883b5d,Orthanc Server Connection Help,2026-01-29T19:03:40.494685+00:00,3cac4f4b-02a8-42c8-bb1c-a6800a3d9771,2026-01-29T19:03:39.562000+00:00,user,file_000000007b08722fb6939ce7a1e73c7a,file_000000007b08722fb6939ce7a1e73c7a.dat,0389f267-3530-4050-811d-bd391430609f.png,image/png,25550,local,conversations-003(1).json
697baed9-091c-8330-8718-539820883b5d,Orthanc Server Connection Help,2026-01-29T19:03:40.494685+00:00,3cac4f4b-02a8-42c8-bb1c-a6800a3d9771,2026-01-29T19:03:39.562000+00:00,user,file_0000000044a4722fa837b23c9db27612,file_0000000044a4722fa837b23c9db27612.dat,screencapture-github-globusmedical-PACS-Server-pull-11-changes-2026-01-29-14_01_05.pdf,application/pdf,4342840,local,conversations-003(1).json
697baed9-091c-8330-8718-539820883b5d,Orthanc Server Connection Help,2026-01-29T19:03:40.494685+00:00,3cac4f4b-02a8-42c8-bb1c-a6800a3d9771,2026-01-29T19:03:39.562000+00:00,user,file_00000000201471f594627783ebda4492,file_00000000201471f594627783ebda4492.dat,3892ddac-4ba6-405b-a043-f520e57bb7c0.png,image/png,41653,local,conversations-003(1).json
697e228a-3b48-832c-b9d2-ee724e0a79a9,Running Two Servo Motors,2026-01-31T15:40:59.376981+00:00,501f39e0-9176-4a98-b135-ffc3e1190829,2026-01-31T15:40:56.810596+00:00,user,file_0000000021f471fd828225fac798be46,file_0000000021f471fd828225fac798be46.dat,IMG_1324.jpeg,image/jpeg,3904544,message_attachment,conversations-003(1).json
6980ce5f-9e70-8329-9b60-7c2cc2b795f9,Vocab Matching Tips,2026-02-02T16:19:28.133960+00:00,0326ce79-5722-4ab2-b983-ca67688b165f,2026-02-02T16:45:10.083000+00:00,user,file_00000000cac8722f8ac52d224c30f619,file_00000000cac8722f8ac52d224c30f619.dat,63655213-f977-4c24-aea7-8e784dd0cf5c.png,image/png,60746,local,conversations-003(1).json
6980ce5f-9e70-8329-9b60-7c2cc2b795f9,Vocab Matching Tips,2026-02-02T16:19:28.133960+00:00,06b5a245-e873-45ec-87e2-45d3f6e0f524,2026-02-03T01:44:02.632000+00:00,user,file_000000008b507230b207e8b6555f3b49,file_000000008b507230b207e8b6555f3b49.dat,7820b46f-3fa6-44e5-97f1-26b6829a28a4.png,image/png,175126,local,conversations-003(1).json
6980ce5f-9e70-8329-9b60-7c2cc2b795f9,Vocab Matching Tips,2026-02-02T16:19:28.133960+00:00,0a55ff3c-00d2-430d-915e-914715598034,2026-02-03T14:38:35.723000+00:00,user,file_000000007990722fbd0da7c9c5597543,file_000000007990722fbd0da7c9c5597543.dat,a2fd3e9c-185e-465d-9bde-587ee278b589.png,image/png,64913,local,conversations-003(1).json
6980ce5f-9e70-8329-9b60-7c2cc2b795f9,Vocab Matching Tips,2026-02-02T16:19:28.133960+00:00,19e14cda-e0bc-4116-b41a-5f8cccbba5a3,2026-02-02T16:40:54.986192+00:00,user,file_000000005b4871f79a2ef46758e15c3b,file_000000005b4871f79a2ef46758e15c3b.dat,IMG_8D97CAAE-28D1-4D5D-B51F-BCB2FC1F0BE3.jpeg,image/jpeg,4152294,message_attachment,conversations-003(1).json
6980ce5f-9e70-8329-9b60-7c2cc2b795f9,Vocab Matching Tips,2026-02-02T16:19:28.133960+00:00,1ea0412d-848d-42c4-ac8d-43c8634fda88,2026-02-02T16:46:54.924000+00:00,user,file_0000000001a0722f9ddce758df15e564,file_0000000001a0722f9ddce758df15e564.dat,d2db50b6-5a92-4d27-b753-83db74634674.png,image/png,24752,local,conversations-003(1).json
6980ce5f-9e70-8329-9b60-7c2cc2b795f9,Vocab Matching Tips,2026-02-02T16:19:28.133960+00:00,23b42625-aad3-4cdb-8567-d35938146143,2026-02-03T14:30:59.839000+00:00,user,file_000000005fd4722fa8aaead22074f26d,file_000000005fd4722fa8aaead22074f26d.dat,7f59af45-3277-4ff6-88fa-a7fd73ad076d.png,image/png,60660,local,conversations-003(1).json
6980ce5f-9e70-8329-9b60-7c2cc2b795f9,Vocab Matching Tips,2026-02-02T16:19:28.133960+00:00,461d4e8d-6ee2-4f0e-938a-ddb54b0fbee0,2026-02-03T01:42:28.006000+00:00,user,file_000000004d8471fd85cd303022e805ed,file_000000004d8471fd85cd303022e805ed.dat,4b4bf49d-6e50-4315-82dc-35ad00a8c623.png,image/png,59668,local,conversations-003(1).json
6980ce5f-9e70-8329-9b60-7c2cc2b795f9,Vocab Matching Tips,2026-02-02T16:19:28.133960+00:00,4627f15c-d806-4d34-8592-d82bb7c99dc6,2026-02-02T16:19:26.985700+00:00,user,file_000000008e5471f5992ad9411314f4fd,file_000000008e5471f5992ad9411314f4fd.dat,940F8BA5-D302-4D9E-842A-DB90A8630D29.jpeg,image/jpeg,3210887,message_attachment,conversations-003(1).json
6980ce5f-9e70-8329-9b60-7c2cc2b795f9,Vocab Matching Tips,2026-02-02T16:19:28.133960+00:00,4befad04-0074-4e03-99c9-a3acb6d44fa2,2026-02-03T00:00:32.515000+00:00,user,file_0000000084d471f8917b74e34e41b2fb,file_0000000084d471f8917b74e34e41b2fb.dat,96d0f37c-8278-4e79-ae7a-f2a242d3e806.png,image/png,303643,local,conversations-003(1).json
6980ce5f-9e70-8329-9b60-7c2cc2b795f9,Vocab Matching Tips,2026-02-02T16:19:28.133960+00:00,69f66f1c-54e9-4f96-a891-f4abbc616080,2026-02-02T16:44:23.101000+00:00,user,file_000000008fbc722fbd04af5193d18794,file_000000008fbc722fbd04af5193d18794.dat,f0bf23a7-6f00-4e7b-8b01-cfde78ff669d.png,image/png,497808,local,conversations-003(1).json
6980ce5f-9e70-8329-9b60-7c2cc2b795f9,Vocab Matching Tips,2026-02-02T16:19:28.133960+00:00,743b2c65-3f42-4b8a-b2dd-1e2663ad07ab,2026-02-02T23:54:31.651000+00:00,user,file_00000000a09071fdb07950be538fec10,file_00000000a09071fdb07950be538fec10.dat,09621636-470e-4461-a572-663998515877.png,image/png,278748,local,conversations-003(1).json
6980ce5f-9e70-8329-9b60-7c2cc2b795f9,Vocab Matching Tips,2026-02-02T16:19:28.133960+00:00,762f0cdf-c97f-424e-b568-612edfe80ab8,2026-02-02T23:55:39.402000+00:00,user,file_00000000ebb471fd8bad24a75ae7068b,file_00000000ebb471fd8bad24a75ae7068b.dat,dfd27c6b-7cf4-4ed7-8c5b-896b22c8ea0f.png,image/png,233877,local,conversations-003(1).json
6980ce5f-9e70-8329-9b60-7c2cc2b795f9,Vocab Matching Tips,2026-02-02T16:19:28.133960+00:00,7c6eef73-deb0-4dc5-ac25-76b27c0cc447,2026-02-03T01:48:19.215000+00:00,user,file_00000000689471fd99f2bfd7f7135bed,file_00000000689471fd99f2bfd7f7135bed.dat,792e0532-3b40-4bf6-8338-0dc8bb3495fd.png,image/png,77362,local,conversations-003(1).json
6980ce5f-9e70-8329-9b60-7c2cc2b795f9,Vocab Matching Tips,2026-02-02T16:19:28.133960+00:00,8e0271f5-1ddf-4cc2-8310-ef4331cf9b39,2026-02-02T23:57:53.626000+00:00,user,file_000000001c4871fdb453faf723745d15,file_000000001c4871fdb453faf723745d15.dat,1610af0f-3640-45f8-bf1a-5d44afcce315.png,image/png,256648,local,conversations-003(1).json
6980ce5f-9e70-8329-9b60-7c2cc2b795f9,Vocab Matching Tips,2026-02-02T16:19:28.133960+00:00,8e61c06f-a92e-486d-a0d5-9cdb1d160317,2026-02-02T16:42:55.702630+00:00,user,file_00000000f40c71f78aaa4b48b74b7c45,file_00000000f40c71f78aaa4b48b74b7c45.dat,IMG_DC0A6079-EA6C-405D-86A9-62F44F4C532D.jpeg,image/jpeg,3450032,message_attachment,conversations-003(1).json
6980ce5f-9e70-8329-9b60-7c2cc2b795f9,Vocab Matching Tips,2026-02-02T16:19:28.133960+00:00,9e0ad925-4dcb-482f-9327-45927b6d6f1d,2026-02-03T00:01:34.002000+00:00,user,file_000000005fec71fdac1e61bbc8ffa11a,file_000000005fec71fdac1e61bbc8ffa11a.dat,af9723e7-a2bb-4286-a210-eea528e78141.png,image/png,186259,local,conversations-003(1).json
6980ce5f-9e70-8329-9b60-7c2cc2b795f9,Vocab Matching Tips,2026-02-02T16:19:28.133960+00:00,a63b7528-b6cc-4b70-be80-8fe1c76a6766,2026-02-03T01:41:16.058000+00:00,user,file_000000007d247230a7bac678947d9e13,file_000000007d247230a7bac678947d9e13.dat,59464c5d-aaa0-4596-9a4e-0ffa989a6751.png,image/png,40964,local,conversations-003(1).json
6980ce5f-9e70-8329-9b60-7c2cc2b795f9,Vocab Matching Tips,2026-02-02T16:19:28.133960+00:00,bfdecfbc-5bca-4061-b302-6de842988a1b,2026-02-02T23:59:34.838000+00:00,user,file_00000000c1b471fdadaaec7cba08db07,file_00000000c1b471fdadaaec7cba08db07.dat,2a8c65f1-fb05-4e91-b1c7-f8a244ae39f1.png,image/png,308847,local,conversations-003(1).json
6980ce5f-9e70-8329-9b60-7c2cc2b795f9,Vocab Matching Tips,2026-02-02T16:19:28.133960+00:00,cc40a2cf-5dea-4469-99c8-6c5fbfc859dd,2026-02-02T16:46:10.319000+00:00,user,file_00000000ff28722f92f3cc30ddde559a,file_00000000ff28722f92f3cc30ddde559a.dat,14972e6c-2c73-4b5a-aeee-166e034a2251.png,image/png,27251,local,conversations-003(1).json
6980ce5f-9e70-8329-9b60-7c2cc2b795f9,Vocab Matching Tips,2026-02-02T16:19:28.133960+00:00,cd3fc966-4a55-45e8-84e7-23c9315f0daa,2026-02-03T14:34:44.136000+00:00,user,file_000000004cd0722fb17feb6de0df5b28,file_000000004cd0722fb17feb6de0df5b28.dat,43c4a575-47fb-4bf5-96a3-604c1c998f1f.png,image/png,58670,local,conversations-003(1).json
6980ce5f-9e70-8329-9b60-7c2cc2b795f9,Vocab Matching Tips,2026-02-02T16:19:28.133960+00:00,e885cf7b-8533-43a3-af45-f8ae84e2bf13,2026-02-03T01:45:55.305000+00:00,user,file_00000000f2f471fdaeff9ac1c45cba8d,file_00000000f2f471fdaeff9ac1c45cba8d.dat,fb9f3ff4-1850-4502-a046-ebc1a2aa3ff8.png,image/png,38495,local,conversations-003(1).json
6980ce5f-9e70-8329-9b60-7c2cc2b795f9,Vocab Matching Tips,2026-02-02T16:19:28.133960+00:00,e96dae94-8155-43eb-9d94-0d88aab7a4fe,2026-02-02T16:45:42.379000+00:00,user,file_00000000eaa0722f826b4d27d014d1db,file_00000000eaa0722f826b4d27d014d1db.dat,56a69d3a-0985-42fe-99a2-6d8016dbf797.png,image/png,33692,local,conversations-003(1).json
6980ce5f-9e70-8329-9b60-7c2cc2b795f9,Vocab Matching Tips,2026-02-02T16:19:28.133960+00:00,e9f9b107-4357-4df3-99a6-711233c76875,2026-02-03T14:33:10.981000+00:00,user,file_000000009844722fa047ae4b0dab8ad8,file_000000009844722fa047ae4b0dab8ad8.dat,b402cdea-e2a9-422b-9e46-669fd79a7b56.png,image/png,85840,local,conversations-003(1).json
6980ce5f-9e70-8329-9b60-7c2cc2b795f9,Vocab Matching Tips,2026-02-02T16:19:28.133960+00:00,ee3793f3-6416-4b02-a508-34f5b71e0fd8,2026-02-03T14:35:58.683000+00:00,user,file_00000000c388722fbaf47f3a118bd1ad,file_00000000c388722fbaf47f3a118bd1ad.dat,1e9a5d90-3a14-4b16-85bd-d7e9fb8c2d73.png,image/png,68546,local,conversations-003(1).json
6980ce5f-9e70-8329-9b60-7c2cc2b795f9,Vocab Matching Tips,2026-02-02T16:19:28.133960+00:00,f8ef3a19-683b-4237-8765-61c13f585318,2026-02-02T16:36:38.615583+00:00,user,file_00000000cef471f7b34adba515d052d0,file_00000000cef471f7b34adba515d052d0.dat,IMG_A8ED7B48-450F-479C-A016-7E2DE4F07680.jpeg,image/jpeg,3466967,message_attachment,conversations-003(1).json
6982985f-6dc4-832f-88cb-11d5bc675b6c,Convert to mm,2026-02-04T00:52:54.817746+00:00,0e1cf610-c6b8-4a72-b6d7-2b64319ace6a,2026-02-04T01:03:29.733519+00:00,user,file_00000000606072309f9dfb20cc19a883,file_00000000606072309f9dfb20cc19a883.dat,8CB2AA5B-BEF3-4B5D-9A54-B11F6EAD6E62.jpeg,image/jpeg,297244,message_attachment,conversations-003(1).json
69835ebf-42b4-8332-9619-ccb873c2f035,Image Text Extraction,2026-02-04T14:59:46.326571+00:00,b3f79ba9-e848-47a8-9799-2d2923efccb9,2026-02-04T14:59:45.026000+00:00,user,file_00000000957071fda7629fd8506ca78c,file_00000000957071fda7629fd8506ca78c.dat,Image (1).jfif,image/jpeg,4124559,local,conversations-003(1).json
69835ebf-42b4-8332-9619-ccb873c2f035,Image Text Extraction,2026-02-04T14:59:46.326571+00:00,b3f79ba9-e848-47a8-9799-2d2923efccb9,2026-02-04T14:59:45.026000+00:00,user,file_00000000d96071fd8d770d839f00efd2,file_00000000d96071fd8d770d839f00efd2.dat,Image.jfif,image/jpeg,3933573,local,conversations-003(1).json
6987be12-0fcc-832f-9808-bb69886bbac7,Roommate Request Help,2026-02-07T22:36:36.346770+00:00,002f4df3-1cb1-4f61-ac08-cc52deb218c1,2026-03-10T23:01:48.078759+00:00,user,file_000000001fa071f587cc62fe54c92e22,file_000000001fa071f587cc62fe54c92e22.dat,3D2A19CA-D5C7-4071-B37A-3A09BF861219.jpeg,image/jpeg,472244,message_attachment,conversations-003(1).json
6987be12-0fcc-832f-9808-bb69886bbac7,Roommate Request Help,2026-02-07T22:36:36.346770+00:00,ac67c4a9-d540-4f33-a6dd-219d636f41c7,2026-03-10T22:03:53.595564+00:00,user,file_00000000ca9c722f9f2a8a190f2b954f,file_00000000ca9c722f9f2a8a190f2b954f.dat,17F46664-FC3B-43A0-B491-D9D318309AEC.jpeg,image/jpeg,264592,message_attachment,conversations-003(1).json
6989e83f-7924-8328-a6a6-d2a655fd419f,Response Tone Feedback,2026-02-09T14:00:12.774371+00:00,37ab6c6f-6867-4c5f-9386-ef467b0febf8,2026-02-09T14:00:10.247000+00:00,user,file_0000000005f47230b700d54bb44407eb,file_0000000005f47230b700d54bb44407eb.dat,5a097b82-2d9d-49ae-a530-c3b96cc648dc.png,image/png,9532,local,conversations-003(1).json
698d4a52-d8a0-832c-8cab-6cb5d2bf4f64,Space Rental Calculation,2026-02-12T03:36:22.163032+00:00,92506e77-c8f2-4ab3-9368-f4f0ce31f19a,2026-02-12T03:36:21.152432+00:00,user,file_000000001bbc71f59c147131ed4b6885,file_000000001bbc71f59c147131ed4b6885.dat,4CB525FF-9964-4901-81C8-149008025A15.jpeg,image/jpeg,318996,message_attachment,conversations-003(1).json
698e10c8-0968-8333-8083-3ad9651e1dc7,VR Date Space Design,2026-02-12T17:41:48.582351+00:00,0daf681b-b12f-4deb-864a-489b67862a99,2026-02-14T14:19:49.527000+00:00,user,file_00000000614071fd86a36c9dd8c7c162,file_00000000614071fd86a36c9dd8c7c162.dat,a79ce269-c215-43de-95a9-1cd80ee023f6.png,image/png,1211601,local,conversations-003(1).json
698e10c8-0968-8333-8083-3ad9651e1dc7,VR Date Space Design,2026-02-12T17:41:48.582351+00:00,12fb90b9-859f-4b58-a5f8-752fe158fabf,2026-02-13T16:49:40.858000+00:00,user,file_00000000b91071fdb0d041cc5da6dc09,file_00000000b91071fdb0d041cc5da6dc09.dat,6e8c25b8-e718-4c3c-907f-d12a97e9533c.png,image/png,4127356,local,conversations-003(1).json
698e10c8-0968-8333-8083-3ad9651e1dc7,VR Date Space Design,2026-02-12T17:41:48.582351+00:00,3706073a-9377-40ef-bdc6-655e68697951,2026-02-14T11:19:03.174000+00:00,user,file_00000000f52471f59d0194ae39e464f0,file_00000000f52471f59d0194ae39e464f0.dat,9b56ce5d-41d5-41f0-ad01-9a41708c956e.png,image/png,1037516,local,conversations-003(1).json
698e10c8-0968-8333-8083-3ad9651e1dc7,VR Date Space Design,2026-02-12T17:41:48.582351+00:00,3706073a-9377-40ef-bdc6-655e68697951,2026-02-14T11:19:03.174000+00:00,user,file_00000000024c722faa4ad98be6cd9c65,file_00000000024c722faa4ad98be6cd9c65.dat,c8b50c50-f0db-46cb-be00-190f69f9fd64.png,image/png,53204,local,conversations-003(1).json
698e10c8-0968-8333-8083-3ad9651e1dc7,VR Date Space Design,2026-02-12T17:41:48.582351+00:00,3bfa8bc4-ba57-4353-a325-5fd52e76183f,2026-02-14T23:33:50.762000+00:00,user,file_00000000b87871f58c49c84bba95ba89,file_00000000b87871f58c49c84bba95ba89.dat,307c63c4-f480-431d-90f8-2fbcf62c658f.png,image/png,110411,local,conversations-003(1).json
698e10c8-0968-8333-8083-3ad9651e1dc7,VR Date Space Design,2026-02-12T17:41:48.582351+00:00,3bfa8bc4-ba57-4353-a325-5fd52e76183f,2026-02-14T23:33:50.762000+00:00,user,file_000000003680722fa258232dc1b00f83,file_000000003680722fa258232dc1b00f83.dat,da6c7f60-fefa-4a37-b476-0c7607ed14c4.png,image/png,279709,local,conversations-003(1).json
698e10c8-0968-8333-8083-3ad9651e1dc7,VR Date Space Design,2026-02-12T17:41:48.582351+00:00,3bfa8bc4-ba57-4353-a325-5fd52e76183f,2026-02-14T23:33:50.762000+00:00,user,file_00000000f994722f88046e03fc2c4fd9,file_00000000f994722f88046e03fc2c4fd9.dat,3b92a628-79f2-448e-a693-796768cfb1fd.png,image/png,480286,local,conversations-003(1).json
698e10c8-0968-8333-8083-3ad9651e1dc7,VR Date Space Design,2026-02-12T17:41:48.582351+00:00,3bfa8bc4-ba57-4353-a325-5fd52e76183f,2026-02-14T23:33:50.762000+00:00,user,file_000000004cb871f59dfa9765e1e3533b,file_000000004cb871f59dfa9765e1e3533b.dat,064a8bdf-6e29-4385-8436-5bacffd59a66.png,image/png,526970,local,conversations-003(1).json
698e10c8-0968-8333-8083-3ad9651e1dc7,VR Date Space Design,2026-02-12T17:41:48.582351+00:00,4c301cc9-0a73-4667-9eb7-83a438807efc,2026-02-13T21:37:47.802000+00:00,user,file_000000002df071fdaf9ed982578fc4ce,file_000000002df071fdaf9ed982578fc4ce.dat,1f349b8a-0595-48d9-be9f-247c8e70d67e.png,image/png,2568251,local,conversations-003(1).json
698e10c8-0968-8333-8083-3ad9651e1dc7,VR Date Space Design,2026-02-12T17:41:48.582351+00:00,5e2949c2-ad14-4e8f-b22d-4949bbf13cba,2026-02-14T13:41:53.852000+00:00,user,file_00000000db9071fdbcd7235f381182e3,file_00000000db9071fdbcd7235f381182e3.dat,c2172004-77e2-45b2-850b-9053f5405d4e.png,image/png,1868282,local,conversations-003(1).json
698e10c8-0968-8333-8083-3ad9651e1dc7,VR Date Space Design,2026-02-12T17:41:48.582351+00:00,5eb676f4-ea24-4e4e-8d00-c4b197b68129,2026-02-13T22:37:25.825000+00:00,user,file_000000006c0871fdb4307d35ada8cb96,file_000000006c0871fdb4307d35ada8cb96.dat,88799526-b919-4027-8897-c5a38e32a468.png,image/png,1466232,local,conversations-003(1).json
698e10c8-0968-8333-8083-3ad9651e1dc7,VR Date Space Design,2026-02-12T17:41:48.582351+00:00,637fe16b-9809-4564-858a-31a3ab87be1e,2026-02-13T19:50:43.884000+00:00,user,file_0000000005d071fdba42f91f1d896a66,file_0000000005d071fdba42f91f1d896a66.dat,4276e543-a70a-4e26-b895-6537be66b586.png,image/png,1232678,local,conversations-003(1).json
698e10c8-0968-8333-8083-3ad9651e1dc7,VR Date Space Design,2026-02-12T17:41:48.582351+00:00,685f03e4-aa08-4919-b52e-af59381ff1e0,2026-02-14T02:24:08.444000+00:00,user,file_0000000073a071fdbd35a19d9449ee09,file_0000000073a071fdbd35a19d9449ee09.dat,39bfa958-40dc-4cb8-8b69-59472bd53873.png,image/png,66026,local,conversations-003(1).json
698e10c8-0968-8333-8083-3ad9651e1dc7,VR Date Space Design,2026-02-12T17:41:48.582351+00:00,89387bd7-467e-4e17-9efb-dd4513a19c93,2026-02-13T16:52:41.313000+00:00,user,file_00000000d25c71fdb5487399b791f258,file_00000000d25c71fdb5487399b791f258.dat,da26284b-dbaa-447d-9b8e-e79e56b5fa7c.png,image/png,2895846,local,conversations-003(1).json
698e10c8-0968-8333-8083-3ad9651e1dc7,VR Date Space Design,2026-02-12T17:41:48.582351+00:00,9b4c996a-fb14-4d34-8f1b-5f3e24590a7c,2026-02-15T15:37:06.937000+00:00,user,file_000000000b5871f58a266812e2002ab5,file_000000000b5871f58a266812e2002ab5.dat,dafebfff-3bc0-49eb-81a9-1c6c29354484.png,image/png,156311,local,conversations-003(1).json
698e10c8-0968-8333-8083-3ad9651e1dc7,VR Date Space Design,2026-02-12T17:41:48.582351+00:00,9b4c996a-fb14-4d34-8f1b-5f3e24590a7c,2026-02-15T15:37:06.937000+00:00,user,file_00000000c010722f8f586c04e479cc51,file_00000000c010722f8f586c04e479cc51.dat,34311e01-20c9-40bd-a8b4-158a5a430282.png,image/png,547347,local,conversations-003(1).json
698e10c8-0968-8333-8083-3ad9651e1dc7,VR Date Space Design,2026-02-12T17:41:48.582351+00:00,9b4c996a-fb14-4d34-8f1b-5f3e24590a7c,2026-02-15T15:37:06.937000+00:00,user,file_00000000871871f59b53d771cce63f1d,file_00000000871871f59b53d771cce63f1d.dat,4f711079-3525-4088-bf7f-4a48e214225c.png,image/png,691027,local,conversations-003(1).json
698e10c8-0968-8333-8083-3ad9651e1dc7,VR Date Space Design,2026-02-12T17:41:48.582351+00:00,b120e3a6-bb54-49cd-b8c2-032ed6cd32bf,2026-02-14T20:10:09.325000+00:00,user,file_000000001c9071f5b53531a186bc5602,file_000000001c9071f5b53531a186bc5602.dat,b10746da-6a6a-4172-ab12-49debab2f1cc.png,image/png,2055337,local,conversations-003(1).json
698e10c8-0968-8333-8083-3ad9651e1dc7,VR Date Space Design,2026-02-12T17:41:48.582351+00:00,b1add3b2-5b17-419d-98fc-0adeba1b8b8c,2026-02-13T16:03:10.196000+00:00,user,file_0000000021e471fd8425b86bfc73b0b4,file_0000000021e471fd8425b86bfc73b0b4.dat,3dc2cc63-03f6-420d-89f8-b2012c27425c.png,image/png,4575804,local,conversations-003(1).json
698e10c8-0968-8333-8083-3ad9651e1dc7,VR Date Space Design,2026-02-12T17:41:48.582351+00:00,b1add3b2-5b17-419d-98fc-0adeba1b8b8c,2026-02-13T16:03:10.196000+00:00,user,file_0000000059cc71fdae42db4666c9b43d,file_0000000059cc71fdae42db4666c9b43d.dat,0945b139-a5ed-481c-b687-36cd2c9cbaef.png,image/png,161759,local,conversations-003(1).json
698e10c8-0968-8333-8083-3ad9651e1dc7,VR Date Space Design,2026-02-12T17:41:48.582351+00:00,b1feda1b-57c3-4131-9263-50b40d53f30a,2026-02-13T22:50:10.411000+00:00,user,file_00000000ff6871f88bb7a6f5e67db336,file_00000000ff6871f88bb7a6f5e67db336.dat,837d2609-c3e7-47ab-a767-d45ae50c6383.png,image/png,1018727,local,conversations-003(1).json
698e10c8-0968-8333-8083-3ad9651e1dc7,VR Date Space Design,2026-02-12T17:41:48.582351+00:00,b62e6992-5b2c-4a9a-a0d3-62008ec38386,2026-02-15T15:16:55.199000+00:00,user,file_000000005b4071f59ba607a9a56b8ac7,file_000000005b4071f59ba607a9a56b8ac7.dat,229fd737-09c4-4203-909a-3428be559db0.png,image/png,652551,local,conversations-003(1).json
698e10c8-0968-8333-8083-3ad9651e1dc7,VR Date Space Design,2026-02-12T17:41:48.582351+00:00,b65b839b-52bc-4f1e-bfb8-a452bb4da466,2026-02-14T14:09:26.162000+00:00,user,file_00000000199c71f88d2093f500249ed7,file_00000000199c71f88d2093f500249ed7.dat,9a348800-b2f2-4b8a-82c2-70f5d702d525.png,image/png,163608,local,conversations-003(1).json
698e10c8-0968-8333-8083-3ad9651e1dc7,VR Date Space Design,2026-02-12T17:41:48.582351+00:00,bdc64633-fcb7-477c-9ecf-2e4b676ef45c,2026-02-13T00:20:01.375892+00:00,user,file_000000004ed071fdbc67c7d80f50b3ac,file_000000004ed071fdbc67c7d80f50b3ac.dat,IMG_F38B53B0-8328-4CD8-9DD5-10A8FCA55FCE.jpeg,image/jpeg,3649432,message_attachment,conversations-003(1).json
698e10c8-0968-8333-8083-3ad9651e1dc7,VR Date Space Design,2026-02-12T17:41:48.582351+00:00,c38e6838-a4ea-41b3-8eb2-dd62091cb5ca,2026-02-14T13:38:53.776000+00:00,user,file_00000000112471f88a9b3cc0811f1f2b,file_00000000112471f88a9b3cc0811f1f2b.dat,3dab5211-f5bb-4be9-b381-ff4df234f835.png,image/png,2568266,local,conversations-003(1).json
698e10c8-0968-8333-8083-3ad9651e1dc7,VR Date Space Design,2026-02-12T17:41:48.582351+00:00,e189f7cd-90d4-42c9-a600-cad714395578,2026-02-15T15:49:01.582000+00:00,user,file_000000007f90722fb25b8d3118ce84e3,file_000000007f90722fb25b8d3118ce84e3.dat,2af9fddf-45fd-4484-b3b2-88d061ae7dcc.png,image/png,1978350,local,conversations-003(1).json
698e10c8-0968-8333-8083-3ad9651e1dc7,VR Date Space Design,2026-02-12T17:41:48.582351+00:00,e189f7cd-90d4-42c9-a600-cad714395578,2026-02-15T15:49:01.582000+00:00,user,file_000000007410722fae2aa9bebd20fe76,file_000000007410722fae2aa9bebd20fe76.dat,f73fb960-153d-4f46-98df-11e1e0f15f94.png,image/png,2545249,local,conversations-003(1).json
698e10c8-0968-8333-8083-3ad9651e1dc7,VR Date Space Design,2026-02-12T17:41:48.582351+00:00,fb5c1668-7a55-4f94-912b-e0773f164366,2026-02-13T18:36:52.416000+00:00,user,file_000000001ed0722fa081a9af55c296ac,file_000000001ed0722fa081a9af55c296ac.dat,0ae92bc6-69ef-44d5-848d-db1a8f79eb26.png,image/png,246342,local,conversations-003(1).json
698e10c8-0968-8333-8083-3ad9651e1dc7,VR Date Space Design,2026-02-12T17:41:48.582351+00:00,fc41e903-268b-4d46-9a53-d024c8ec4e3b,2026-02-13T23:07:03.739000+00:00,user,file_000000006f4071fda3e617cd3d550f25,file_000000006f4071fda3e617cd3d550f25.dat,1a035b2c-1860-409b-b691-47631442df7e.png,image/png,90869,local,conversations-003(1).json
698e745c-2bb0-8333-b63f-2c3d7681ef8d,Prompting Meta Gen AI,2026-02-13T00:46:49.470791+00:00,0a0a44bf-8aa2-401d-b005-d6eb2e1309d1,2026-02-13T00:46:48.980000+00:00,user,file_00000000584471f88901a6afdb831a48,file_00000000584471f88901a6afdb831a48.dat,bec3dc7b-3d3d-4723-82a0-87ae3d55bde1.png,image/png,45710,local,conversations-003(1).json
6991cd12-80ec-8332-915e-59d848e87d4c,Creative Side Hustle Ideas,2026-02-15T13:42:27.056753+00:00,0884fa9f-8450-4e74-b49b-4623325ee666,2026-02-15T13:42:27.169521+00:00,assistant,file-Uk7tMWeoYehdonrB7qKFSs,file-Uk7tMWeoYehdonrB7qKFSs.dat,FOCUSED-Living With-Vision.pdf,,,my_files,conversations-003(1).json
6991cd12-80ec-8332-915e-59d848e87d4c,Creative Side Hustle Ideas,2026-02-15T13:42:27.056753+00:00,0884fa9f-8450-4e74-b49b-4623325ee666,2026-02-15T13:42:27.169521+00:00,assistant,file-LhZu57AotL9tdcFoujUMhc,file-LhZu57AotL9tdcFoujUMhc.dat,FOCUSED-Self-Concept.pdf,,,my_files,conversations-003(1).json
6991cd12-80ec-8332-915e-59d848e87d4c,Creative Side Hustle Ideas,2026-02-15T13:42:27.056753+00:00,0884fa9f-8450-4e74-b49b-4623325ee666,2026-02-15T13:42:27.169521+00:00,assistant,file-Nmraq1gPL6A4XotTTaNQkr,file-Nmraq1gPL6A4XotTTaNQkr.dat,How-To-Follow-Through.pdf,,,my_files,conversations-003(1).json
6993da8e-98c0-8327-a06e-a1b7cc315d30,Tactile Bass Shaker vs Subwoofer,2026-02-17T03:04:57.833696+00:00,324240cc-afea-4da4-a209-29646b2a4ec3,2026-02-17T03:22:18.739755+00:00,user,file_000000008ee871fdb539c7c73d07e9b0,file_000000008ee871fdb539c7c73d07e9b0.dat,22972D17-458E-420F-A018-59CF79808122.jpeg,image/jpeg,3367082,message_attachment,conversations-003(1).json
6993da8e-98c0-8327-a06e-a1b7cc315d30,Tactile Bass Shaker vs Subwoofer,2026-02-17T03:04:57.833696+00:00,b92f5466-e7d8-435e-982b-f3389cdd7e5c,2026-02-17T03:04:56.234545+00:00,user,file_00000000ad1071fd913bb514c82bc694,file_00000000ad1071fd913bb514c82bc694.dat,B45446CE-F16C-4983-9DD1-61C35355CEA4.jpeg,image/jpeg,372774,message_attachment,conversations-003(1).json
69989a27-c410-832d-8365-ff9d051e3955,Serial and Model Extraction,2026-02-20T17:31:51.107261+00:00,4a7b99be-469c-455b-87df-2e04182900a2,2026-02-20T17:31:49.092104+00:00,user,file_0000000085f471fda524a7dba1f02445,file_0000000085f471fda524a7dba1f02445.dat,3438DCD9-2891-406A-9510-C0355155216F.jpeg,image/jpeg,3184040,message_attachment,conversations-003(1).json
69989a27-c410-832d-8365-ff9d051e3955,Serial and Model Extraction,2026-02-20T17:31:51.107261+00:00,4a7b99be-469c-455b-87df-2e04182900a2,2026-02-20T17:31:49.092104+00:00,user,file_00000000fd8071fdb21094b5bce3e6d4,file_00000000fd8071fdb21094b5bce3e6d4.dat,37D6DDE1-F3B9-4E54-B636-B71101667C96.jpeg,image/jpeg,2917694,message_attachment,conversations-003(1).json
69989a27-c410-832d-8365-ff9d051e3955,Serial and Model Extraction,2026-02-20T17:31:51.107261+00:00,4a7b99be-469c-455b-87df-2e04182900a2,2026-02-20T17:31:49.092104+00:00,user,file_000000006bf471fd8e6e84245b271650,file_000000006bf471fd8e6e84245b271650.dat,562BCA28-3F09-4F30-AD21-754FFAA7A620.jpeg,image/jpeg,2968525,message_attachment,conversations-003(1).json
69a0d9ef-5200-8331-89e6-de3c40573d00,Jira Ticket Test Issue,2026-02-26T23:40:31.857858+00:00,033afa31-2b85-47bd-87f8-e3f5b7aad38e,2026-02-27T15:54:30.322000+00:00,user,file_000000003ff071f58233aeedba4c2f83,file_000000003ff071f58233aeedba4c2f83.dat,ae2d27f8-5e3c-4b95-9905-eb06fcfd5070.png,image/png,7363,local,conversations-003(1).json
69a0d9ef-5200-8331-89e6-de3c40573d00,Jira Ticket Test Issue,2026-02-26T23:40:31.857858+00:00,46322167-3468-4eb6-9efa-51aa4d744cb7,2026-02-26T23:45:04.327000+00:00,user,file_00000000760c71fdbc2dfafdffff3829,file_00000000760c71fdbc2dfafdffff3829.dat,af871e8f-eade-4770-93e4-57660b240808.png,image/png,50810,local,conversations-003(1).json
69a88c4b-3a04-832e-bb5d-abc44056a6bf,Fire Tornado Design Setup,2026-03-04T19:48:33.329183+00:00,9b3f1340-fbf9-46fe-9fe0-ea407349c8cd,2026-03-05T17:25:17.219421+00:00,user,file_0000000053b871f5b8851e586a1823b1,file_0000000053b871f5b8851e586a1823b1.dat,C7918BAF-BFED-4E6D-957D-30E24216FDF7.jpeg,image/jpeg,534139,message_attachment,conversations-003(1).json
69b02fdd-0534-8329-a51c-46ace11ba4d2,DCS Performance on Ultra 7,2026-03-10T14:51:59.156102+00:00,ed3d2ad2-d7de-4717-9492-e6a010f3caf3,2026-03-10T14:51:56.890757+00:00,user,file_000000009fa8722f822a3c0373efe906,file_000000009fa8722f822a3c0373efe906.dat,76D85CE3-C53B-4625-BB3F-65DCFD4789F7.jpeg,image/jpeg,575324,message_attachment,conversations-003(1).json
69b02fdd-0534-8329-a51c-46ace11ba4d2,DCS Performance on Ultra 7,2026-03-10T14:51:59.156102+00:00,ed3d2ad2-d7de-4717-9492-e6a010f3caf3,2026-03-10T14:51:56.890757+00:00,user,file_00000000a934722f8ff8c9b242398702,file_00000000a934722f8ff8c9b242398702.dat,F14AC4EE-00C9-48B3-858F-44C71FDD4029.jpeg,image/jpeg,571045,message_attachment,conversations-003(1).json
69ba9edc-5d58-8330-928c-0d1cc46f7c1a,Resume review request,2026-03-18T12:47:34.907490+00:00,25352d61-d937-4902-b820-00daf667c590,2026-03-18T12:47:32.495033+00:00,user,file_00000000531871f5b2bc5eb20364d71f,file_00000000531871f5b2bc5eb20364d71f.dat,HR Resume.pdf,application/pdf,161174,message_attachment,conversations-003(1).json
69ba9edc-5d58-8330-928c-0d1cc46f7c1a,Resume review request,2026-03-18T12:47:34.907490+00:00,8ba471a1-2862-42eb-a384-f3a2f99aa82f,2026-03-18T12:49:10.468294+00:00,assistant,file_0000000007b471f585654564f81631a8,file_0000000007b471f585654564f81631a8.dat,HR Resume.pdf,,,my_files,conversations-003(1).json
69ba9edc-5d58-8330-928c-0d1cc46f7c1a,Resume review request,2026-03-18T12:47:34.907490+00:00,8ba471a1-2862-42eb-a384-f3a2f99aa82f,2026-03-18T12:49:10.468294+00:00,assistant,file_00000000531871f5b2bc5eb20364d71f,file_00000000531871f5b2bc5eb20364d71f.dat,HR Resume.pdf,,,my_files,conversations-003(1).json
69ba9edc-5d58-8330-928c-0d1cc46f7c1a,Resume review request,2026-03-18T12:47:34.907490+00:00,c1c810d7-2034-4842-939a-0ed370b1ab75,2026-03-18T12:49:08.494859+00:00,user,file_0000000007b471f585654564f81631a8,file_0000000007b471f585654564f81631a8.dat,HR Resume.pdf,application/pdf,161174,message_attachment,conversations-003(1).json
69ba9edc-5d58-8330-928c-0d1cc46f7c1a,Resume review request,2026-03-18T12:47:34.907490+00:00,d16b8584-4289-48d8-88f6-c224a1e5ae43,2026-03-18T12:49:10.366706+00:00,assistant,file_0000000007b471f585654564f81631a8,file_0000000007b471f585654564f81631a8.dat,HR Resume.pdf,,,my_files,conversations-003(1).json
69c6b905-f294-832d-b718-3257c41d863d,SMART Goals for Team,2026-03-27T17:07:36.515983+00:00,4e7ecd73-8cc1-4c04-a4e2-c67522f657b6,2026-03-27T17:09:01.125000+00:00,user,file_000000001dcc71fdb418993771cc7b0d,file_000000001dcc71fdb418993771cc7b0d.dat,6694cf36-bc28-40a2-9640-c6cff3a7e142.png,image/png,309515,local,conversations-003(1).json
69c6b905-f294-832d-b718-3257c41d863d,SMART Goals for Team,2026-03-27T17:07:36.515983+00:00,af2824a5-8d4f-47d8-a004-49e118959023,2026-03-27T17:07:35.573000+00:00,user,file_0000000045b471fdb9506791d6b7f786,file_0000000045b471fdb9506791d6b7f786.dat,6f9e6f74-dcea-4627-beb7-d833ef463cb6.png,image/png,92399,local,conversations-003(1).json
69c6b905-f294-832d-b718-3257c41d863d,SMART Goals for Team,2026-03-27T17:07:36.515983+00:00,e2a51422-b4f2-47eb-b6ee-b8b7e51d350f,2026-03-27T17:09:02.013270+00:00,assistant,file-Nmraq1gPL6A4XotTTaNQkr,file-Nmraq1gPL6A4XotTTaNQkr.dat,How-To-Follow-Through.pdf,,,my_files,conversations-003(1).json
69c6b905-f294-832d-b718-3257c41d863d,SMART Goals for Team,2026-03-27T17:07:36.515983+00:00,e566c923-ae46-4adb-88d2-8fc0b3ffcd55,2026-03-27T17:10:35.883465+00:00,assistant,file-Nmraq1gPL6A4XotTTaNQkr,file-Nmraq1gPL6A4XotTTaNQkr.dat,How-To-Follow-Through.pdf,,,my_files,conversations-003(1).json
69d2bdf6-8208-8331-8943-988e6ad4b6d2,PC Sleep Mode Issue,2026-04-05T19:54:35.835072+00:00,d7c8ef32-c235-4fbc-b676-fdf8977f8289,2026-04-05T19:54:35.034000+00:00,user,file_000000003d80722fbdfbd4fce4f2d108,file_000000003d80722fbdfbd4fce4f2d108.dat,2c18cabe-aea9-42f2-bc7c-2486085622fa.png,image/png,108748,local,conversations-003(1).json
69d6542c-2a24-832a-8241-43a046e75253,Secure Boot Authorization Issue,2026-04-08T13:12:31.965560+00:00,064abe2b-dbe0-4869-bb79-67d8c80a6b89,2026-04-14T22:58:05.135281+00:00,assistant,file_00000000967071fb9066c032e0d5f7d5,file_00000000967071fb9066c032e0d5f7d5.dat,dcs.20260414-211336.log,,,my_files,conversations-003(1).json
69d6542c-2a24-832a-8241-43a046e75253,Secure Boot Authorization Issue,2026-04-08T13:12:31.965560+00:00,807304c4-ffaf-495c-b04c-f275d9c835f8,2026-04-14T22:57:56.695000+00:00,user,file_00000000967071fb9066c032e0d5f7d5,file_00000000967071fb9066c032e0d5f7d5.dat,dcs.20260414-211336.log,text/plain,75095,library,conversations-003(1).json
69d6542c-2a24-832a-8241-43a046e75253,Secure Boot Authorization Issue,2026-04-08T13:12:31.965560+00:00,cae4f561-6e9b-4e33-87e2-501048ac7852,2026-04-08T13:12:29.471080+00:00,user,file_00000000449471f8861c31cb4898cdae,file_00000000449471f8861c31cb4898cdae.dat,38835EE5-A5F1-4909-9054-5B73B988131B.jpeg,image/jpeg,339574,message_attachment,conversations-003(1).json
69dd0fac-be94-83ea-b620-70122d61f447,BOM for Blaster Build,2026-04-13T15:47:35.723517+00:00,dc158c78-3d3d-4d89-b10d-6049bea2540f,2026-04-13T19:05:36.015044+00:00,assistant,file_000000003eb871f5a0ce44c5de1aac08,file_000000003eb871f5a0ce44c5de1aac08.dat,Gears Vector Instructions.pdf,,,my_files,conversations-003(1).json
69dd0fac-be94-83ea-b620-70122d61f447,BOM for Blaster Build,2026-04-13T15:47:35.723517+00:00,dda3a8e6-46a0-4e97-9d0a-df55d03ef4fb,2026-04-13T15:47:40.118263+00:00,assistant,file_000000003eb871f5a0ce44c5de1aac08,file_000000003eb871f5a0ce44c5de1aac08.dat,Gears Vector Instructions.pdf,,,my_files,conversations-003(1).json
69df92f4-00cc-83ea-8861-a8c854d9387b,Printed Parts Checklist,2026-04-15T13:30:29.637096+00:00,f1f8b3ab-4396-44c3-b054-80612cc3e72b,2026-04-15T13:30:29.457494+00:00,assistant,file_000000003eb871f5a0ce44c5de1aac08,file_000000003eb871f5a0ce44c5de1aac08.dat,Gears Vector Instructions.pdf,,,my_files,conversations-003(1).json
69eb8bb2-24a8-83ea-a3c1-d65bc7806140,Gears Vector Training Guide,2026-04-24T15:28:26.147303+00:00,48c30ad4-456a-4ffc-8ec2-f6efd95622c3,2026-04-24T15:30:46.888291+00:00,assistant,file_000000003eb871f5a0ce44c5de1aac08,file_000000003eb871f5a0ce44c5de1aac08.dat,Gears Vector Instructions.pdf,,,my_files,conversations-003(1).json
69eb8bb2-24a8-83ea-a3c1-d65bc7806140,Gears Vector Training Guide,2026-04-24T15:28:26.147303+00:00,48c30ad4-456a-4ffc-8ec2-f6efd95622c3,2026-04-24T15:30:46.888291+00:00,assistant,file_00000000b88471f59eec89b3973351ba,file_00000000b88471f59eec89b3973351ba.dat,OFD_Quik_V1.1.pdf,,,my_files,conversations-003(1).json
69eb8bb2-24a8-83ea-a3c1-d65bc7806140,Gears Vector Training Guide,2026-04-24T15:28:26.147303+00:00,ee27848c-2688-4a35-993b-fcac2dc2a97c,2026-04-24T15:28:26.046085+00:00,assistant,file_000000003eb871f5a0ce44c5de1aac08,file_000000003eb871f5a0ce44c5de1aac08.dat,Gears Vector Instructions.pdf,,,my_files,conversations-003(1).json
69eb8bb2-24a8-83ea-a3c1-d65bc7806140,Gears Vector Training Guide,2026-04-24T15:28:26.147303+00:00,ee27848c-2688-4a35-993b-fcac2dc2a97c,2026-04-24T15:28:26.046085+00:00,assistant,file_00000000b88471f59eec89b3973351ba,file_00000000b88471f59eec89b3973351ba.dat,OFD_Quik_V1.1.pdf,,,my_files,conversations-003(1).json
69ee821c-888c-83ea-ba59-900376bb4912,MSI SSD BIOS Configuration,2026-04-26T21:25:40.557787+00:00,43756952-ba41-49cc-b91d-286225ca2677,2026-04-26T21:29:34.933349+00:00,user,file_00000000c37471f5ad72e465ae86359e,file_00000000c37471f5ad72e465ae86359e.dat,5A5DB185-B53E-4B79-B3D6-3338A5EC152C.jpeg,image/jpeg,2511492,message_attachment,conversations-003(1).json
69ee821c-888c-83ea-ba59-900376bb4912,MSI SSD BIOS Configuration,2026-04-26T21:25:40.557787+00:00,52fa7232-a1e5-4516-a415-e33f7a1dbaff,2026-04-26T21:33:56.059499+00:00,user,file_00000000aec8722fb08e8e284ed5fdcd,file_00000000aec8722fb08e8e284ed5fdcd.dat,IMG_196C94C4-2EA8-44E2-BCC4-A901F6810B13.jpeg,image/jpeg,3342936,message_attachment,conversations-003(1).json
69f08c02-b73c-83ea-89a9-a2c3569b04d5,Blueprint Poster Request,2026-04-28T10:29:36.032998+00:00,e5eb0bd9-1816-47b7-99cc-f92d8225d710,2026-04-28T10:29:22.535000+00:00,user,file_00000000f14c71f58ee5e43a426c0f96,file_00000000f14c71f58ee5e43a426c0f96.dat,IMG_1726.png,,758484,content_asset_pointer,conversations-003(1).json
69f109f5-71f8-83ea-adba-c8e37aa69bc6,New chat,2026-04-28T19:26:51.225579+00:00,0818a7ca-0f93-451f-ad17-d23425e7dc73,2026-04-28T19:26:50.985903+00:00,assistant,file_0000000097c871fd947181d329ff364c,file_0000000097c871fd947181d329ff364c.dat,Saad Haider -- Resume 2026.docx,,,my_files,conversations-003(1).json
69f109f5-71f8-83ea-adba-c8e37aa69bc6,New chat,2026-04-28T19:26:51.225579+00:00,341b05c0-7861-4262-b246-1f8a3a38dfaa,2026-04-28T19:26:49.322000+00:00,user,file_0000000097c871fd947181d329ff364c,file_0000000097c871fd947181d329ff364c.dat,Saad Haider -- Resume 2026.docx,application/vnd.openxmlformats-officedocument.wordprocessingml.document,31714,library,conversations-003(1).json
69f6be43-3c64-83ea-a5c3-ba40f15eab4b,OpenClaw Setup Guide,2026-05-03T03:21:40.340535+00:00,850cc89b-89ed-49dc-a49e-543f95d6b69b,2026-05-03T12:02:09.103230+00:00,assistant,file_000000004e2471f6a2a54641762df8ec,file_000000004e2471f6a2a54641762df8ec.dat,Network chuck__OPENCLAW.txt,,,my_files,conversations-003(1).json
69f73d73-effc-83ea-9a0a-66ef88926ef7,Remote Project Setup,2026-05-03T12:25:52.920883+00:00,0535225d-09e7-4c9d-bf07-31cc7ffae780,2026-05-04T21:46:00.803405+00:00,assistant,file_000000006fa071fd82f631f799fb4577,file_000000006fa071fd82f631f799fb4577.dat,Pasted text.txt,,,my_files,conversations-003(1).json
69f73d73-effc-83ea-9a0a-66ef88926ef7,Remote Project Setup,2026-05-03T12:25:52.920883+00:00,09ad898c-f318-46c9-9963-1f93e6f06c2f,2026-05-04T21:25:55.508000+00:00,user,file_00000000923471fd955297357ee65489,file_00000000923471fd955297357ee65489.dat,55d7797e-5dc6-4254-bf9f-06887c325eae.png,image/png,116014,local,conversations-003(1).json
69f73d73-effc-83ea-9a0a-66ef88926ef7,Remote Project Setup,2026-05-03T12:25:52.920883+00:00,13019c5b-a60e-4070-bc23-345cbd12cbea,2026-05-11T22:02:31.877578+00:00,user,file_00000000a7c871fdba294707bb79099e,file_00000000a7c871fdba294707bb79099e.dat,CC4EA015-E166-4A85-91A5-EF799E4DD529.jpeg,image/jpeg,404991,message_attachment,conversations-003(1).json
69f73d73-effc-83ea-9a0a-66ef88926ef7,Remote Project Setup,2026-05-03T12:25:52.920883+00:00,179859c8-cd9c-4f33-b04f-376c69bf23a0,2026-05-04T21:35:15.494000+00:00,user,file_00000000581871fd86ff0517013abf12,file_00000000581871fd86ff0517013abf12.dat,b09db97d-c731-4b8e-b82d-208596ca34aa.png,image/png,171296,local,conversations-003(1).json
69f73d73-effc-83ea-9a0a-66ef88926ef7,Remote Project Setup,2026-05-03T12:25:52.920883+00:00,1899d8ce-0c26-4e7d-9f9e-31197ba429a7,2026-05-04T21:38:25.438000+00:00,user,file_0000000036c871fdba2cbe81915cb3d9,file_0000000036c871fdba2cbe81915cb3d9.dat,651f0e81-dbb5-4db8-9344-b48ac93374d0.png,image/png,82001,local,conversations-003(1).json
69f73d73-effc-83ea-9a0a-66ef88926ef7,Remote Project Setup,2026-05-03T12:25:52.920883+00:00,1a479b70-6562-4553-91f9-58ce391287ae,2026-05-05T22:22:27.336000+00:00,user,file_00000000e84471fdb1b717f80a7cd3d5,file_00000000e84471fdb1b717f80a7cd3d5.dat,cb895373-5c5f-4f02-8d66-bea1c6f57b22.png,image/png,10353,local,conversations-003(1).json
69f73d73-effc-83ea-9a0a-66ef88926ef7,Remote Project Setup,2026-05-03T12:25:52.920883+00:00,1c74d5f6-966d-4052-82a2-7134fd200967,2026-05-04T02:54:08.778000+00:00,user,file_000000006a8c71fd825c9a6f0fabf062,file_000000006a8c71fd825c9a6f0fabf062.dat,03c849ca-1777-491d-ae93-e73d277d4c67.png,image/png,22028,local,conversations-003(1).json
69f73d73-effc-83ea-9a0a-66ef88926ef7,Remote Project Setup,2026-05-03T12:25:52.920883+00:00,35af82bc-4465-4ad0-af4a-dc94659a6710,2026-05-03T14:29:51.066565+00:00,assistant,hXzdlnDCNr5KrnSD,hXzdlnDCNr5KrnSD.dat,GitHub,,,content_reference,conversations-003(1).json
69f73d73-effc-83ea-9a0a-66ef88926ef7,Remote Project Setup,2026-05-03T12:25:52.920883+00:00,35af82bc-4465-4ad0-af4a-dc94659a6710,2026-05-03T14:29:51.066565+00:00,assistant,N29oFlCbMQkugNkQ,N29oFlCbMQkugNkQ.dat,Unity Technologies,,,content_reference,conversations-003(1).json
69f73d73-effc-83ea-9a0a-66ef88926ef7,Remote Project Setup,2026-05-03T12:25:52.920883+00:00,5151bd4d-73f2-4ea0-b46f-b6eb2cdc786f,2026-05-06T00:23:22.179000+00:00,user,file_00000000768c71fd9771228aeb0850ae,file_00000000768c71fd9771228aeb0850ae.dat,f534df2b-8303-4226-b3d1-7a63889ef213.png,image/png,239863,local,conversations-003(1).json
69f73d73-effc-83ea-9a0a-66ef88926ef7,Remote Project Setup,2026-05-03T12:25:52.920883+00:00,5333c813-76b9-46e0-a546-7a4613dcae0d,2026-05-03T12:48:33.330288+00:00,assistant,hXzdlnDCNr5KrnSD,hXzdlnDCNr5KrnSD.dat,GitHub,,,content_reference,conversations-003(1).json
69f73d73-effc-83ea-9a0a-66ef88926ef7,Remote Project Setup,2026-05-03T12:25:52.920883+00:00,5333c813-76b9-46e0-a546-7a4613dcae0d,2026-05-03T12:48:33.330288+00:00,assistant,Ob7U1JGEfcQSj621,Ob7U1JGEfcQSj621.dat,DigitalOcean,,,content_reference,conversations-003(1).json
69f73d73-effc-83ea-9a0a-66ef88926ef7,Remote Project Setup,2026-05-03T12:25:52.920883+00:00,5333c813-76b9-46e0-a546-7a4613dcae0d,2026-05-03T12:48:33.330288+00:00,assistant,zkrOC8Lmotvjic2_,zkrOC8Lmotvjic2_.dat,Hetzner,,,content_reference,conversations-003(1).json
69f73d73-effc-83ea-9a0a-66ef88926ef7,Remote Project Setup,2026-05-03T12:25:52.920883+00:00,5333c813-76b9-46e0-a546-7a4613dcae0d,2026-05-03T12:48:33.330288+00:00,assistant,ghIqflhD-cxugj_x,ghIqflhD-cxugj_x.dat,Tailscale,,,content_reference,conversations-003(1).json
69f73d73-effc-83ea-9a0a-66ef88926ef7,Remote Project Setup,2026-05-03T12:25:52.920883+00:00,5404e5c9-8971-4a32-975d-cb6a073c0fb7,2026-05-06T00:21:58.848000+00:00,user,file_00000000629871fdb369514bbc7bf474,file_00000000629871fdb369514bbc7bf474.dat,a2110b6c-f3fc-4b3d-94fe-0cdfd5f3d998.png,image/png,242289,local,conversations-003(1).json
69f73d73-effc-83ea-9a0a-66ef88926ef7,Remote Project Setup,2026-05-03T12:25:52.920883+00:00,544f6e3c-fdde-4f3a-a516-c3a1e871ae09,2026-05-04T21:42:44.040296+00:00,assistant,file_00000000af0871fd9696c47e2c8732cc,file_00000000af0871fd9696c47e2c8732cc.dat,Pasted text.txt,,,my_files,conversations-003(1).json
69f73d73-effc-83ea-9a0a-66ef88926ef7,Remote Project Setup,2026-05-03T12:25:52.920883+00:00,5c0640db-ca21-4246-9b31-42d971d0a5a3,2026-05-05T22:39:37.115000+00:00,user,file_00000000c37c71fd93826a0e0d49b139,file_00000000c37c71fd93826a0e0d49b139.dat,27932dfc-2612-4b14-9976-f8e1f390a2a8.png,image/png,294697,local,conversations-003(1).json
69f73d73-effc-83ea-9a0a-66ef88926ef7,Remote Project Setup,2026-05-03T12:25:52.920883+00:00,5c2f3fac-ab50-4e0a-a07b-d070e4f73317,2026-05-06T00:19:26.733000+00:00,user,file_00000000c14071fd97e1d1e21800c86d,file_00000000c14071fd97e1d1e21800c86d.dat,8ea17a41-88f5-4939-b797-6ae8646022b4.png,image/png,44455,local,conversations-003(1).json
69f73d73-effc-83ea-9a0a-66ef88926ef7,Remote Project Setup,2026-05-03T12:25:52.920883+00:00,5c2f3fac-ab50-4e0a-a07b-d070e4f73317,2026-05-06T00:19:26.733000+00:00,user,file_00000000f75471fd92ee9633383e40f2,file_00000000f75471fd92ee9633383e40f2.dat,cf47699a-9fcc-48c6-895d-0c170ac59115.png,image/png,131425,local,conversations-003(1).json
69f73d73-effc-83ea-9a0a-66ef88926ef7,Remote Project Setup,2026-05-03T12:25:52.920883+00:00,5f38d352-1bdc-4b27-a1e4-67ed27adff14,2026-05-03T21:25:15.290000+00:00,user,file_000000005c9c71fd8805a4a290352a63,file_000000005c9c71fd8805a4a290352a63.dat,Pasted text.txt,,6679,local,conversations-003(1).json
69f73d73-effc-83ea-9a0a-66ef88926ef7,Remote Project Setup,2026-05-03T12:25:52.920883+00:00,5fc97088-a647-4610-b2b4-ae72fcd6b74e,2026-05-04T21:17:58.590000+00:00,user,file_000000005b2871fd98af3bf74f56bfa4,file_000000005b2871fd98af3bf74f56bfa4.dat,58344878-7c03-4e08-b992-bc383bf14a6e.png,image/png,35081,local,conversations-003(1).json
69f73d73-effc-83ea-9a0a-66ef88926ef7,Remote Project Setup,2026-05-03T12:25:52.920883+00:00,5fc97088-a647-4610-b2b4-ae72fcd6b74e,2026-05-04T21:17:58.590000+00:00,user,file_0000000060e071fd8253ff353cbe2a40,file_0000000060e071fd8253ff353cbe2a40.dat,cbe48a13-750d-445a-9f5e-5b73aa785034.png,image/png,32533,local,conversations-003(1).json
69f73d73-effc-83ea-9a0a-66ef88926ef7,Remote Project Setup,2026-05-03T12:25:52.920883+00:00,61d38a97-e145-4bff-9e9b-f2091943cd02,2026-05-06T03:12:41.208000+00:00,user,file_00000000932071fb9ab4c4a5f2eaceac,file_00000000932071fb9ab4c4a5f2eaceac.dat,Pasted text.txt,,8297,local,conversations-003(1).json
69f73d73-effc-83ea-9a0a-66ef88926ef7,Remote Project Setup,2026-05-03T12:25:52.920883+00:00,6673a4d0-dae7-4d45-837c-b6801c800ee3,2026-05-07T00:42:03.387000+00:00,user,file_00000000691471f88b6dc0cd340da210,file_00000000691471f88b6dc0cd340da210.dat,Pasted text.txt,,9184,local,conversations-003(1).json
69f73d73-effc-83ea-9a0a-66ef88926ef7,Remote Project Setup,2026-05-03T12:25:52.920883+00:00,7948dab2-0e5a-4fae-b68c-b2ecde89a46b,2026-05-03T21:28:25.586885+00:00,assistant,file_000000008df471fd8ae73baa8957a955,file_000000008df471fd8ae73baa8957a955.dat,Pasted text.txt,,,my_files,conversations-003(1).json
69f73d73-effc-83ea-9a0a-66ef88926ef7,Remote Project Setup,2026-05-03T12:25:52.920883+00:00,7fe54740-b8fa-4195-9da7-04c342ed8d48,2026-05-07T02:12:58.957000+00:00,user,file_00000000154471f5af83db2bab0c1710,file_00000000154471f5af83db2bab0c1710.dat,70cc2443-41c9-41a1-9a01-804153e8f94c.png,image/png,57640,local,conversations-003(1).json
69f73d73-effc-83ea-9a0a-66ef88926ef7,Remote Project Setup,2026-05-03T12:25:52.920883+00:00,8bfa7c2d-9566-42e1-a2b9-38f67eed2c55,2026-05-03T20:57:07.760000+00:00,user,file_00000000d56c71fd9d3925f7421626a9,file_00000000d56c71fd9d3925f7421626a9.dat,Pasted text.txt,,668570,local,conversations-003(1).json
69f73d73-effc-83ea-9a0a-66ef88926ef7,Remote Project Setup,2026-05-03T12:25:52.920883+00:00,970f9cb8-7280-4330-b3f5-95e0b040ed20,2026-05-03T21:28:25.890000+00:00,user,file_000000008df471fd8ae73baa8957a955,file_000000008df471fd8ae73baa8957a955.dat,Pasted text.txt,,7316,local,conversations-003(1).json
69f73d73-effc-83ea-9a0a-66ef88926ef7,Remote Project Setup,2026-05-03T12:25:52.920883+00:00,9e2d43a5-f059-422e-a285-e44366ca1528,2026-05-03T12:25:58.585606+00:00,assistant,file_000000004e2471f6a2a54641762df8ec,file_000000004e2471f6a2a54641762df8ec.dat,Network chuck__OPENCLAW.txt,,,my_files,conversations-003(1).json
69f73d73-effc-83ea-9a0a-66ef88926ef7,Remote Project Setup,2026-05-03T12:25:52.920883+00:00,a49e1ff2-2cb7-4848-92a9-32d01c236d16,2026-05-11T22:13:46.329280+00:00,user,file_00000000046c71fd8d3196d0cc429a53,file_00000000046c71fd8d3196d0cc429a53.dat,F6C5517D-0B46-4FD4-858C-88E73D2AACB6.jpeg,image/jpeg,374746,message_attachment,conversations-003(1).json
69f73d73-effc-83ea-9a0a-66ef88926ef7,Remote Project Setup,2026-05-03T12:25:52.920883+00:00,a703d4ac-9648-42d4-bc04-6fc484dc59aa,2026-05-04T21:39:38.520000+00:00,user,file_000000008ffc71f894fff32768060ee3,file_000000008ffc71f894fff32768060ee3.dat,171187ca-1179-4b3f-b371-f20913d475d0.png,image/png,13427,local,conversations-003(1).json
69f73d73-effc-83ea-9a0a-66ef88926ef7,Remote Project Setup,2026-05-03T12:25:52.920883+00:00,be93abad-f234-4164-99f1-6584a74aabd8,2026-05-04T21:40:22.566000+00:00,user,file_000000003ddc71fd8e388950d72b4cd2,file_000000003ddc71fd8e388950d72b4cd2.dat,e8b7bca5-15ce-48cc-9cf7-70ae5d00760f.png,image/png,14142,local,conversations-003(1).json
69f73d73-effc-83ea-9a0a-66ef88926ef7,Remote Project Setup,2026-05-03T12:25:52.920883+00:00,bf77f98c-c156-4de0-96fa-2da23ed9be12,2026-05-03T12:54:17.945329+00:00,assistant,hXzdlnDCNr5KrnSD,hXzdlnDCNr5KrnSD.dat,GitHub,,,content_reference,conversations-003(1).json
69f73d73-effc-83ea-9a0a-66ef88926ef7,Remote Project Setup,2026-05-03T12:25:52.920883+00:00,bf8eb07c-6d5a-4237-b29c-219ea1c105f9,2026-05-04T21:42:41.358000+00:00,user,file_00000000af0871fd9696c47e2c8732cc,file_00000000af0871fd9696c47e2c8732cc.dat,Pasted text.txt,,6023,local,conversations-003(1).json
69f73d73-effc-83ea-9a0a-66ef88926ef7,Remote Project Setup,2026-05-03T12:25:52.920883+00:00,c1d84580-b103-448a-8df8-ecbb336b481a,2026-05-04T21:45:57.959000+00:00,user,file_000000006fa071fd82f631f799fb4577,file_000000006fa071fd82f631f799fb4577.dat,Pasted text.txt,,9386,local,conversations-003(1).json
69f73d73-effc-83ea-9a0a-66ef88926ef7,Remote Project Setup,2026-05-03T12:25:52.920883+00:00,c8a0f5c6-19b7-4cbe-b0d4-a0347173ab10,2026-05-05T22:18:35.815000+00:00,user,file_000000001d28722fbafd5b5022dfae18,file_000000001d28722fbafd5b5022dfae18.dat,a4baadb2-fc2d-43dd-a8e7-ee0d329d65c5.png,image/png,186594,local,conversations-003(1).json
69f73d73-effc-83ea-9a0a-66ef88926ef7,Remote Project Setup,2026-05-03T12:25:52.920883+00:00,c8a0f5c6-19b7-4cbe-b0d4-a0347173ab10,2026-05-05T22:18:35.815000+00:00,user,file_00000000b188722f99e0f1efe5c71fae,file_00000000b188722f99e0f1efe5c71fae.dat,d820a224-9110-408e-8ea5-67c1fa14f859.png,image/png,221221,local,conversations-003(1).json
69f73d73-effc-83ea-9a0a-66ef88926ef7,Remote Project Setup,2026-05-03T12:25:52.920883+00:00,cc574236-c132-40b2-8650-7c46832050fa,2026-05-06T00:27:55.965000+00:00,user,file_00000000b71471f8bfdbb36213d39ee9,file_00000000b71471f8bfdbb36213d39ee9.dat,20fdc167-3840-49ee-9c11-d44347968702.png,image/png,30157,local,conversations-003(1).json
69f73d73-effc-83ea-9a0a-66ef88926ef7,Remote Project Setup,2026-05-03T12:25:52.920883+00:00,d6d57c06-c2a9-41f3-b4e0-b2ce58aa6301,2026-05-06T01:18:29.202000+00:00,user,file_000000004ba071fda583aad757c1d55b,file_000000004ba071fda583aad757c1d55b.dat,7636d17d-d9e6-4685-9a1c-08ad3ff8ce5d.png,image/png,161240,local,conversations-003(1).json
69f73d73-effc-83ea-9a0a-66ef88926ef7,Remote Project Setup,2026-05-03T12:25:52.920883+00:00,dd19a5ac-6068-42c5-9c03-d22a97329106,2026-05-04T02:57:03.644000+00:00,user,file_00000000de6c71f894f94cfa5834f923,file_00000000de6c71f894f94cfa5834f923.dat,a09bca67-3850-4586-8ce8-6f6668bb74d8.png,image/png,11373,local,conversations-003(1).json
69f73d73-effc-83ea-9a0a-66ef88926ef7,Remote Project Setup,2026-05-03T12:25:52.920883+00:00,e3f78453-b2c6-4359-b77a-34e22c3679cd,2026-05-03T19:35:56.207000+00:00,user,file_00000000e2bc71fd831254f8e69d07c9,file_00000000e2bc71fd831254f8e69d07c9.dat,aaeb3b23-7d34-4c8c-a7ae-f58dc88cac4b.png,image/png,36814,local,conversations-003(1).json
69f760da-a708-83ea-a35c-967d6283451c,Codex TUI Setup VR,2026-05-03T14:53:26.349311+00:00,4c161852-1732-4f11-b772-00dd84f61f35,2026-05-03T14:53:33.737559+00:00,assistant,file_000000004e2471f6a2a54641762df8ec,file_000000004e2471f6a2a54641762df8ec.dat,Network chuck__OPENCLAW.txt,,,my_files,conversations-003(1).json
69f8b427-4df8-83ea-bfeb-0b1e4797b3bd,Codex Agent Setup,2026-05-04T15:03:46.341535+00:00,09f500ba-3db0-4b8a-bd65-7ec97ad9e69f,2026-05-05T19:29:49.360589+00:00,assistant,file_000000004cd871fd9cb2ad8a23d425e6,file_000000004cd871fd9cb2ad8a23d425e6.dat,DHF252.026.10 LicenseKeys.txt,,,my_files,conversations-003(1).json
69f8b427-4df8-83ea-bfeb-0b1e4797b3bd,Codex Agent Setup,2026-05-04T15:03:46.341535+00:00,0f98a8ab-30eb-4bef-a935-6333bcbc32d7,2026-05-05T13:39:59.909000+00:00,user,file_00000000479071f7b00ca4ced2360e11,file_00000000479071f7b00ca4ced2360e11.dat,Pasted text.txt,,9723,local,conversations-003(1).json
69f8b427-4df8-83ea-bfeb-0b1e4797b3bd,Codex Agent Setup,2026-05-04T15:03:46.341535+00:00,0f98a8ab-30eb-4bef-a935-6333bcbc32d7,2026-05-05T13:39:59.909000+00:00,user,file_00000000290471f59c1c9653a4d38651,file_00000000290471f59c1c9653a4d38651.dat,Pasted text (2).txt,,9723,local,conversations-003(1).json
69f8b427-4df8-83ea-bfeb-0b1e4797b3bd,Codex Agent Setup,2026-05-04T15:03:46.341535+00:00,bc00aa0a-875c-4d5f-933c-12a28e6ba001,2026-05-04T18:49:00.584000+00:00,user,file_00000000a75c722f84f356e231c320d0,file_00000000a75c722f84f356e231c320d0.dat,dfb5aa96-de6c-4025-8a88-dfa8d1450c59.png,image/png,126985,local,conversations-003(1).json
69f8b427-4df8-83ea-bfeb-0b1e4797b3bd,Codex Agent Setup,2026-05-04T15:03:46.341535+00:00,c3356bff-214d-4b35-8f28-7aa9cd423632,2026-05-05T19:29:48.855000+00:00,user,file_000000004cd871fd9cb2ad8a23d425e6,file_000000004cd871fd9cb2ad8a23d425e6.dat,DHF252.026.10 LicenseKeys.txt,,870,local,conversations-003(1).json
69f94e20-955c-83ea-8df3-61921062b139,Local TAP Drive Setup,2026-05-05T01:56:12.214047+00:00,079f08f2-3262-46ae-a280-c1bc2357cd38,2026-05-05T01:56:11.966253+00:00,assistant,file_000000004e2471f6a2a54641762df8ec,file_000000004e2471f6a2a54641762df8ec.dat,Network chuck__OPENCLAW.txt,,,my_files,conversations-003(1).json
69f94e20-955c-83ea-8df3-61921062b139,Local TAP Drive Setup,2026-05-05T01:56:12.214047+00:00,92887cf0-cbdf-4307-859a-56edcc611dbf,2026-05-05T10:05:43.128977+00:00,assistant,SMtMHZDAzQlG2wit,SMtMHZDAzQlG2wit.dat,Behave,,,content_reference,conversations-003(1).json
69f94e20-955c-83ea-8df3-61921062b139,Local TAP Drive Setup,2026-05-05T01:56:12.214047+00:00,9dd2eacc-d524-4b9c-9b82-23b0ff06a7c2,2026-05-10T00:32:13.076000+00:00,user,file_0000000035b871f58c5e2ae586053dec,file_0000000035b871f58c5e2ae586053dec.dat,Pasted text.txt,,8577,local,conversations-003(1).json
69f94e20-955c-83ea-8df3-61921062b139,Local TAP Drive Setup,2026-05-05T01:56:12.214047+00:00,fa216efe-03c2-4727-b3b5-4969bb9809f8,2026-05-10T00:32:14.947182+00:00,assistant,file_0000000035b871f58c5e2ae586053dec,file_0000000035b871f58c5e2ae586053dec.dat,Pasted text.txt,,,my_files,conversations-003(1).json
69fb6cb2-2868-83ea-b446-23a03d69ca75,Wiring Switch for Beginner,2026-05-06T16:35:40.529603+00:00,4e3ebaad-4608-432e-b323-b98accd7201d,2026-05-06T16:45:00.929575+00:00,assistant,file_00000000df8471fdb0b7a83b438a6f76,file_00000000df8471fdb0b7a83b438a6f76.dat,,,36078,content_asset_pointer,conversations-003(1).json
69fb6cb2-2868-83ea-b446-23a03d69ca75,Wiring Switch for Beginner,2026-05-06T16:35:40.529603+00:00,a4e08a05-6519-4437-9b21-694a82dc8194,2026-05-06T16:44:48.666172+00:00,assistant,file_00000000c6e471fdbb000fb9e01a0472,file_00000000c6e471fdbb000fb9e01a0472.dat,,,264078,content_asset_pointer,conversations-003(1).json
69fb6cb2-2868-83ea-b446-23a03d69ca75,Wiring Switch for Beginner,2026-05-06T16:35:40.529603+00:00,f58b6d41-61e8-48cc-99ed-843f1994959a,2026-05-06T16:44:41.967222+00:00,assistant,file_00000000496071fd947b59b9a7ceca4a,file_00000000496071fd947b59b9a7ceca4a.dat,,,12078,content_asset_pointer,conversations-003(1).json
6a006401-4e90-83ea-87a5-fe3f68cbf3a7,Creative Minecraft Modpacks,2026-05-10T10:57:13.867389+00:00,847aea51-ccb1-4418-9df5-854363eb0426,2026-05-11T02:08:11.145032+00:00,assistant,Klkos19e66DsVlMq,Klkos19e66DsVlMq.dat,Journey,,,content_reference,conversations-003(1).json
6a006401-4e90-83ea-87a5-fe3f68cbf3a7,Creative Minecraft Modpacks,2026-05-10T10:57:13.867389+00:00,847aea51-ccb1-4418-9df5-854363eb0426,2026-05-11T02:08:11.145032+00:00,assistant,m_a5h3sNdA-rfakQ,m_a5h3sNdA-rfakQ.dat,Spirited Away,,,content_reference,conversations-003(1).json
6a006401-4e90-83ea-87a5-fe3f68cbf3a7,Creative Minecraft Modpacks,2026-05-10T10:57:13.867389+00:00,847aea51-ccb1-4418-9df5-854363eb0426,2026-05-11T02:08:11.145032+00:00,assistant,gH--Qg-Guo9VcY_R,gH--Qg-Guo9VcY_R.dat,Princess Mononoke,,,content_reference,conversations-003(1).json
6a006401-4e90-83ea-87a5-fe3f68cbf3a7,Creative Minecraft Modpacks,2026-05-10T10:57:13.867389+00:00,847aea51-ccb1-4418-9df5-854363eb0426,2026-05-11T02:08:11.145032+00:00,assistant,Pu534gOnUaYW979M,Pu534gOnUaYW979M.dat,Ori and the Blind Forest,,,content_reference,conversations-003(1).json
6a006401-4e90-83ea-87a5-fe3f68cbf3a7,Creative Minecraft Modpacks,2026-05-10T10:57:13.867389+00:00,847aea51-ccb1-4418-9df5-854363eb0426,2026-05-11T02:08:11.145032+00:00,assistant,jj0FKNdKLu8_wIBO,jj0FKNdKLu8_wIBO.dat,Outer Wilds,,,content_reference,conversations-003(1).json
6a006401-4e90-83ea-87a5-fe3f68cbf3a7,Creative Minecraft Modpacks,2026-05-10T10:57:13.867389+00:00,847aea51-ccb1-4418-9df5-854363eb0426,2026-05-11T02:08:11.145032+00:00,assistant,bqifXhjgK5p7x8JE,bqifXhjgK5p7x8JE.dat,Animal Crossing: New Horizons,,,content_reference,conversations-003(1).json
6a006401-4e90-83ea-87a5-fe3f68cbf3a7,Creative Minecraft Modpacks,2026-05-10T10:57:13.867389+00:00,a64e769f-ea59-4e3a-80b5-2b72a7e9ace9,2026-05-10T10:57:13.777098+00:00,assistant,acWsH-G6thcTjw-7,acWsH-G6thcTjw-7.dat,Create,,,content_reference,conversations-003(1).json
6a006401-4e90-83ea-87a5-fe3f68cbf3a7,Creative Minecraft Modpacks,2026-05-10T10:57:13.867389+00:00,a64e769f-ea59-4e3a-80b5-2b72a7e9ace9,2026-05-10T10:57:13.777098+00:00,assistant,priO98I0bzKdgN30,priO98I0bzKdgN30.dat,Serene Seasons,,,content_reference,conversations-003(1).json
6a006401-4e90-83ea-87a5-fe3f68cbf3a7,Creative Minecraft Modpacks,2026-05-10T10:57:13.867389+00:00,a64e769f-ea59-4e3a-80b5-2b72a7e9ace9,2026-05-10T10:57:13.777098+00:00,assistant,eo11NdXSYJKjQX_T,eo11NdXSYJKjQX_T.dat,MineColonies,,,content_reference,conversations-003(1).json
6a03468b-9e30-83ea-9006-d3c3b1876e79,Total Test Cases Calculation,2026-05-12T15:26:09.820995+00:00,78eb9c2f-47d5-476c-a905-5ff4fb8a0e97,2026-05-12T15:26:06.026000+00:00,user,file_00000000f684722fac44d19b40f932ce,file_00000000f684722fac44d19b40f932ce.dat,a0992611-d6a7-4c34-9a76-5df95fef2b84.docx,,87513,local,conversations-003(1).json
6a03468b-9e30-83ea-9006-d3c3b1876e79,Total Test Cases Calculation,2026-05-12T15:26:09.820995+00:00,8d031acc-8f5d-4d35-95dc-4d46539b8211,2026-05-12T15:26:28.081045+00:00,assistant,file_00000000f684722fac44d19b40f932ce,file_00000000f684722fac44d19b40f932ce.dat,a0992611-d6a7-4c34-9a76-5df95fef2b84.docx,,,my_files,conversations-003(1).json
6a060d2e-8efc-83ea-b17f-d677d9ab6f0c,HP Laptop Key Function,2026-05-14T17:58:28.728285+00:00,942b2974-8eb0-4463-aaa2-5bfd23f27ef5,2026-05-14T17:58:24.292744+00:00,user,file_00000000b84871f6948e75aaed147c31,file_00000000b84871f6948e75aaed147c31.dat,F76DCD5D-310C-46E4-B9A8-D9F3819A8C9C.jpeg,image/jpeg,130047,message_attachment,conversations-003(1).json
6a09ae38-712c-83ea-a939-4eba9eeebc49,Removing MainSignalSearchDaemon,2026-05-17T12:03:06.068253+00:00,5aa13ee8-4435-48de-8d81-4eb867d0eefd,2026-05-17T16:23:15.279783+00:00,user,file_00000000ea1471fd8643e2b23c802748,file_00000000ea1471fd8643e2b23c802748.dat,IMG_DA0AE3D8-E8B7-4437-B52C-72D956F3537B.jpeg,image/jpeg,594858,message_attachment,conversations-003(1).json
6a09ae38-712c-83ea-a939-4eba9eeebc49,Removing MainSignalSearchDaemon,2026-05-17T12:03:06.068253+00:00,5f8ff655-d76e-45fb-86ab-5d78505d9be3,2026-05-17T12:44:26.127194+00:00,user,file_00000000f02c71f59bcfc17fc99439c6,file_00000000f02c71f59bcfc17fc99439c6.dat,IMG_4AB6CBE5-2961-4546-BB62-DEB5466AF6C4.jpeg,image/jpeg,613172,message_attachment,conversations-003(1).json
6a09ae38-712c-83ea-a939-4eba9eeebc49,Removing MainSignalSearchDaemon,2026-05-17T12:03:06.068253+00:00,6d182764-ac3d-44fb-828f-95a463e58cd8,2026-05-17T14:06:53.963570+00:00,user,file_00000000693c71fdb5d3dd34365247fc,file_00000000693c71fdb5d3dd34365247fc.dat,IMG_587EBD27-54C1-4E20-A6E0-3C2F55D5B73E.jpeg,image/jpeg,604158,message_attachment,conversations-003(1).json
6a09ae38-712c-83ea-a939-4eba9eeebc49,Removing MainSignalSearchDaemon,2026-05-17T12:03:06.068253+00:00,7cc669bc-238c-4639-b1d6-3fe2c01058ec,2026-05-17T13:28:55.188304+00:00,user,file_000000002ee871f899614bedc0b47d9f,file_000000002ee871f899614bedc0b47d9f.dat,85C7BEE0-81D5-4BFE-9834-A2A7469CE5A0.jpeg,image/jpeg,552906,message_attachment,conversations-003(1).json
6a09ae38-712c-83ea-a939-4eba9eeebc49,Removing MainSignalSearchDaemon,2026-05-17T12:03:06.068253+00:00,9155d57e-4530-48c5-aec3-1b4e97231bef,2026-05-17T12:55:13.682946+00:00,user,file_00000000680871fd80e970a597d5d2b1,file_00000000680871fd80e970a597d5d2b1.dat,IMG_493F510E-DEAD-4BC0-9FA9-FCEB49F3A241.jpeg,image/jpeg,404921,message_attachment,conversations-003(1).json
6a09ae38-712c-83ea-a939-4eba9eeebc49,Removing MainSignalSearchDaemon,2026-05-17T12:03:06.068253+00:00,ac072bd2-5fd7-46bd-95a6-99d2163a26da,2026-05-17T12:16:27.133642+00:00,user,file_00000000a474720ca68aeba7da03f421,file_00000000a474720ca68aeba7da03f421.dat,76C36852-CDB5-4793-BEF8-9D4E76374C20.jpeg,image/jpeg,651214,message_attachment,conversations-003(1).json
6a09ae38-712c-83ea-a939-4eba9eeebc49,Removing MainSignalSearchDaemon,2026-05-17T12:03:06.068253+00:00,b41fcd49-a00d-421c-af5c-61e4d3befdb2,2026-05-17T13:41:10.003013+00:00,user,file_00000000d1dc71fd9bae51ec1cce9710,file_00000000d1dc71fd9bae51ec1cce9710.dat,IMG_3139C271-7559-403D-8AC1-E5AC989EDBF2.jpeg,image/jpeg,804530,message_attachment,conversations-003(1).json
6a09ae38-712c-83ea-a939-4eba9eeebc49,Removing MainSignalSearchDaemon,2026-05-17T12:03:06.068253+00:00,bfc75108-8118-4393-89f0-f7acf5996a39,2026-05-17T12:34:00.064189+00:00,user,file_000000000d00722f8ea19ee950c00d3e,file_000000000d00722f8ea19ee950c00d3e.dat,BEBCAE0E-B15F-4EF5-9077-8853F1C2546F.jpeg,image/jpeg,572591,message_attachment,conversations-003(1).json
6a09ae38-712c-83ea-a939-4eba9eeebc49,Removing MainSignalSearchDaemon,2026-05-17T12:03:06.068253+00:00,caea83b2-b45a-4d86-a302-9777b89b0caa,2026-05-17T12:03:05.093995+00:00,user,file_0000000058cc722f83dfe697fcfb2cf2,file_0000000058cc722f83dfe697fcfb2cf2.dat,3842CE2E-2E95-49ED-A68E-66E44CE73CE2.jpeg,image/jpeg,396555,message_attachment,conversations-003(1).json
6a0c5f2d-6394-83ea-9b03-a515e9716fd4,Responding to Stressful Messages,2026-05-19T13:01:47.128126+00:00,652572a8-dcab-4f89-8d17-e2595c2779cd,2026-05-19T13:01:46.465000+00:00,user,file_00000000bf8071fd990d9a2c17ca3942,file_00000000bf8071fd990d9a2c17ca3942.dat,46eeb422-74f1-4f7d-b118-44253c6e64f7.png,image/png,29498,local,conversations-003(1).json
6a0cf76f-a768-83ea-9fd6-60b42f354a04,Air Force Theme Background,2026-05-19T23:53:59.816343+00:00,3ea173e1-5c4d-4fd8-9b51-c309caaf1ec7,2026-05-20T02:55:26.125254+00:00,user,file_0000000014fc720ca351264883e85824,file_0000000014fc720ca351264883e85824.dat,245AFCC7-9DB2-4B5C-A1DA-98C851FBBD3E.jpeg,image/png,252315,message_attachment,conversations-003(1).json
6a0cf76f-a768-83ea-9fd6-60b42f354a04,Air Force Theme Background,2026-05-19T23:53:59.816343+00:00,3ea173e1-5c4d-4fd8-9b51-c309caaf1ec7,2026-05-20T02:55:26.125254+00:00,user,file_0000000078ec720cac8cf204cc2c5026,file_0000000078ec720cac8cf204cc2c5026.dat,422DAD84-CACA-4AE5-AE8D-58DDAD90893E.jpeg,image/png,350707,message_attachment,conversations-003(1).json
6a0cf76f-a768-83ea-9fd6-60b42f354a04,Air Force Theme Background,2026-05-19T23:53:59.816343+00:00,3ea173e1-5c4d-4fd8-9b51-c309caaf1ec7,2026-05-20T02:55:26.125254+00:00,user,file_00000000d5d4722fb52335be32e7df6c,file_00000000d5d4722fb52335be32e7df6c.dat,6B080B37-7C77-4C07-A7F7-0241F6AF8B8A.jpeg,image/png,355476,message_attachment,conversations-003(1).json
6a0cf76f-a768-83ea-9fd6-60b42f354a04,Air Force Theme Background,2026-05-19T23:53:59.816343+00:00,3ea173e1-5c4d-4fd8-9b51-c309caaf1ec7,2026-05-20T02:55:26.125254+00:00,user,file_0000000004e0720cb006be159c090099,file_0000000004e0720cb006be159c090099.dat,F8E21003-3E6E-4CE7-AB22-4C9F6B909919.jpeg,image/png,472140,message_attachment,conversations-003(1).json
6a0cf76f-a768-83ea-9fd6-60b42f354a04,Air Force Theme Background,2026-05-19T23:53:59.816343+00:00,43b35064-9193-4c24-96f2-c7c4ff6129f4,2026-05-20T00:00:41.919000+00:00,user,file_00000000c000722f8995983cec0a29e0,file_00000000c000722f8995983cec0a29e0.dat,MENU(1).png,image/png,105718,library,conversations-003(1).json
6a0cf76f-a768-83ea-9fd6-60b42f354a04,Air Force Theme Background,2026-05-19T23:53:59.816343+00:00,43b35064-9193-4c24-96f2-c7c4ff6129f4,2026-05-20T00:00:41.919000+00:00,user,file_00000000c000722f8995983cec0a29e0,file_00000000c000722f8995983cec0a29e0.dat,MENU.png,,105718,content_asset_pointer,conversations-003(1).json
6a0cf76f-a768-83ea-9fd6-60b42f354a04,Air Force Theme Background,2026-05-19T23:53:59.816343+00:00,6fb15f7a-9f02-4766-9489-5d4d21d4c4a3,2026-05-20T02:53:11.136793+00:00,user,file_00000000883071f58a705e375dbd3499,file_00000000883071f58a705e375dbd3499.dat,37F1AD02-1942-49A8-BE98-9B6448308817.jpeg,image/png,355476,message_attachment,conversations-003(1).json
6a0cf76f-a768-83ea-9fd6-60b42f354a04,Air Force Theme Background,2026-05-19T23:53:59.816343+00:00,6fb15f7a-9f02-4766-9489-5d4d21d4c4a3,2026-05-20T02:53:11.136793+00:00,user,file_0000000054f8722f888201fdefc690db,file_0000000054f8722f888201fdefc690db.dat,745DC333-C492-4DA5-8B3D-2AE128BE6C2C.jpeg,image/jpeg,963245,message_attachment,conversations-003(1).json
6a0cf76f-a768-83ea-9fd6-60b42f354a04,Air Force Theme Background,2026-05-19T23:53:59.816343+00:00,6fb15f7a-9f02-4766-9489-5d4d21d4c4a3,2026-05-20T02:53:11.136793+00:00,user,file_00000000bc64722f8b1f72d26201ed81,file_00000000bc64722f8b1f72d26201ed81.dat,1C6707E2-5C1E-45AF-AED7-7131963B8503.jpeg,image/jpeg,700651,message_attachment,conversations-003(1).json
6a0cf76f-a768-83ea-9fd6-60b42f354a04,Air Force Theme Background,2026-05-19T23:53:59.816343+00:00,79645daa-bff2-4417-9b37-c9b82d6a9381,2026-05-19T23:58:22.621000+00:00,user,file_00000000d15c71f5ad58f38135914fa8,file_00000000d15c71f5ad58f38135914fa8.dat,MENU.png,image/png,105718,library,conversations-003(1).json
6a0e334d-ac88-83ea-b9b4-db93a19f6999,Servo vs Stepper Motor,2026-05-20T22:19:39.091066+00:00,3f91be46-1ee0-49f5-baf3-a839c5fb80d5,2026-05-20T22:19:37.510363+00:00,user,file_000000007e00720cb8f1d025f578d248,file_000000007e00720cb8f1d025f578d248.dat,FFEB6087-5CC7-4046-90DA-75C07BEFC0C8.jpeg,image/jpeg,484607,message_attachment,conversations-003(1).json
6a0ee31d-f6a4-83ea-99a0-6ad785ae0dce,Organizing Juggling Projects,2026-05-21T10:49:08.462143+00:00,9899e3d4-dfa6-46c2-8eee-a477003b648b,2026-05-21T10:49:06.963176+00:00,user,file_000000004c887230b5e71bcc6977bc5d,file_000000004c887230b5e71bcc6977bc5d.dat,38BFE50B-1CF1-496A-B408-74CDE57EFEE6.jpeg,image/jpeg,652457,message_attachment,conversations-003(1).json
6a1125ec-c314-83ea-a1f9-622c622162f9,IT Troubleshooting with .md Files,2026-05-23T04:01:12.741549+00:00,4961eb7a-cd55-4077-a1b7-ff582c66a4f9,2026-06-13T03:34:26.505000+00:00,user,file_000000009490722f91f8c69f29be7e28,file_000000009490722f91f8c69f29be7e28.dat,Malwarebytes Threat Scan Report 2026-06-12 213-----231.txt,,10367,local,conversations-003(1).json
6a1125ec-c314-83ea-a1f9-622c622162f9,IT Troubleshooting with .md Files,2026-05-23T04:01:12.741549+00:00,4961eb7a-cd55-4077-a1b7-ff582c66a4f9,2026-06-13T03:34:26.505000+00:00,user,file_00000000f1e0722f8a9f4ca99975d4d7,file_00000000f1e0722f8a9f4ca99975d4d7.dat,Malwarebytes Threat Scan Report 2026-06-12 213231.txt,,10367,local,conversations-003(1).json
6a1125ec-c314-83ea-a1f9-622c622162f9,IT Troubleshooting with .md Files,2026-05-23T04:01:12.741549+00:00,4961eb7a-cd55-4077-a1b7-ff582c66a4f9,2026-06-13T03:34:26.505000+00:00,user,file_0000000039b8722f82be784dc9d47c22,file_0000000039b8722f82be784dc9d47c22.dat,Malwarebytes Website Blocked Report 2026-06-12 214248.txt,,841,local,conversations-003(1).json
6a1125ec-c314-83ea-a1f9-622c622162f9,IT Troubleshooting with .md Files,2026-05-23T04:01:12.741549+00:00,4961eb7a-cd55-4077-a1b7-ff582c66a4f9,2026-06-13T03:34:26.505000+00:00,user,file_00000000a13c720ca321549144a9ec12,file_00000000a13c720ca321549144a9ec12.dat,Malwarebytes Threat Scan Report 2026-06-12 213231.txtjhjhgjjhjhjhjhjhjhjhjhj.txt,,10367,local,conversations-003(1).json
6a1125ec-c314-83ea-a1f9-622c622162f9,IT Troubleshooting with .md Files,2026-05-23T04:01:12.741549+00:00,73399cb6-a5aa-49f9-9154-510672357135,2026-05-23T04:01:12.631871+00:00,assistant,file_0000000064f071fdb3072dd2a8f1420d,file_0000000064f071fdb3072dd2a8f1420d.dat,it_toolbag_chat_context.md,,,my_files,conversations-003(1).json
6a1125ec-c314-83ea-a1f9-622c622162f9,IT Troubleshooting with .md Files,2026-05-23T04:01:12.741549+00:00,73399cb6-a5aa-49f9-9154-510672357135,2026-05-23T04:01:12.631871+00:00,assistant,file_000000009e5c71f8a1d09b2c00296f19,file_000000009e5c71f8a1d09b2c00296f19.dat,it_issue_chat_intake.md,,,my_files,conversations-003(1).json
6a1125ec-c314-83ea-a1f9-622c622162f9,IT Troubleshooting with .md Files,2026-05-23T04:01:12.741549+00:00,73399cb6-a5aa-49f9-9154-510672357135,2026-05-23T04:01:12.631871+00:00,assistant,file_00000000e4b471fdb7ddf7c74213cb3d,file_00000000e4b471fdb7ddf7c74213cb3d.dat,tool_index.md,,,my_files,conversations-003(1).json
6a1125ec-c314-83ea-a1f9-622c622162f9,IT Troubleshooting with .md Files,2026-05-23T04:01:12.741549+00:00,7e122273-920f-4b18-b675-8a306070abd7,2026-06-13T04:00:20.672687+00:00,assistant,file_000000009490722f91f8c69f29be7e28,file_000000009490722f91f8c69f29be7e28.dat,Malwarebytes Threat Scan Report 2026-06-12 213-----231.txt,,,my_files,conversations-003(1).json
6a1125ec-c314-83ea-a1f9-622c622162f9,IT Troubleshooting with .md Files,2026-05-23T04:01:12.741549+00:00,7e122273-920f-4b18-b675-8a306070abd7,2026-06-13T04:00:20.672687+00:00,assistant,file_0000000039b8722f82be784dc9d47c22,file_0000000039b8722f82be784dc9d47c22.dat,Malwarebytes Website Blocked Report 2026-06-12 214248.txt,,,my_files,conversations-003(1).json
6a1125ec-c314-83ea-a1f9-622c622162f9,IT Troubleshooting with .md Files,2026-05-23T04:01:12.741549+00:00,7fb6eb34-f94f-4d8f-a10f-30595bee209c,2026-06-13T03:57:55.242651+00:00,assistant,file_000000009490722f91f8c69f29be7e28,file_000000009490722f91f8c69f29be7e28.dat,Malwarebytes Threat Scan Report 2026-06-12 213-----231.txt,,,my_files,conversations-003(1).json
6a1125ec-c314-83ea-a1f9-622c622162f9,IT Troubleshooting with .md Files,2026-05-23T04:01:12.741549+00:00,e111b296-3a91-4d5c-b247-ab992a842e15,2026-06-13T03:34:26.584529+00:00,assistant,file_000000009490722f91f8c69f29be7e28,file_000000009490722f91f8c69f29be7e28.dat,Malwarebytes Threat Scan Report 2026-06-12 213-----231.txt,,,my_files,conversations-003(1).json
6a1125ec-c314-83ea-a1f9-622c622162f9,IT Troubleshooting with .md Files,2026-05-23T04:01:12.741549+00:00,e111b296-3a91-4d5c-b247-ab992a842e15,2026-06-13T03:34:26.584529+00:00,assistant,file_0000000039b8722f82be784dc9d47c22,file_0000000039b8722f82be784dc9d47c22.dat,Malwarebytes Website Blocked Report 2026-06-12 214248.txt,,,my_files,conversations-003(1).json
6a1125ec-c314-83ea-a1f9-622c622162f9,IT Troubleshooting with .md Files,2026-05-23T04:01:12.741549+00:00,e111b296-3a91-4d5c-b247-ab992a842e15,2026-06-13T03:34:26.584529+00:00,assistant,file_0000000064f071fdb3072dd2a8f1420d,file_0000000064f071fdb3072dd2a8f1420d.dat,it_toolbag_chat_context.md,,,my_files,conversations-003(1).json
6a112979-2e88-83ea-b83e-5fa4a42b6955,Game Streaming Setup,2026-05-23T04:15:53.115978+00:00,9cf624b5-d69c-4c26-99e7-d3abcdfcee1f,2026-05-23T14:14:52.202283+00:00,assistant,LONZlhSPh1x_JMEW,LONZlhSPh1x_JMEW.dat,The Sims 4,,,content_reference,conversations-003(1).json
6a112979-2e88-83ea-b83e-5fa4a42b6955,Game Streaming Setup,2026-05-23T04:15:53.115978+00:00,9cf624b5-d69c-4c26-99e7-d3abcdfcee1f,2026-05-23T14:14:52.202283+00:00,assistant,RGNLRgOjj-T3z1t9,RGNLRgOjj-T3z1t9.dat,"Little Kitty, Big City",,,content_reference,conversations-003(1).json
6a112979-2e88-83ea-b83e-5fa4a42b6955,Game Streaming Setup,2026-05-23T04:15:53.115978+00:00,b49899ee-38e3-4349-9a57-33fd5e30286a,2026-05-23T14:30:12.936561+00:00,assistant,KnLhY9-UdBW0V0fB,KnLhY9-UdBW0V0fB.dat,Minecraft,,,content_reference,conversations-003(1).json
6a112979-2e88-83ea-b83e-5fa4a42b6955,Game Streaming Setup,2026-05-23T04:15:53.115978+00:00,b49899ee-38e3-4349-9a57-33fd5e30286a,2026-05-23T14:30:12.936561+00:00,assistant,LONZlhSPh1x_JMEW,LONZlhSPh1x_JMEW.dat,The Sims 4,,,content_reference,conversations-003(1).json
6a112979-2e88-83ea-b83e-5fa4a42b6955,Game Streaming Setup,2026-05-23T04:15:53.115978+00:00,b49899ee-38e3-4349-9a57-33fd5e30286a,2026-05-23T14:30:12.936561+00:00,assistant,RGNLRgOjj-T3z1t9,RGNLRgOjj-T3z1t9.dat,"Little Kitty, Big City",,,content_reference,conversations-003(1).json
6a112979-2e88-83ea-b83e-5fa4a42b6955,Game Streaming Setup,2026-05-23T04:15:53.115978+00:00,b49899ee-38e3-4349-9a57-33fd5e30286a,2026-05-23T14:30:12.936561+00:00,assistant,GN_y3pNYXeHTx7nE,GN_y3pNYXeHTx7nE.dat,Xbox Game Studios,,,content_reference,conversations-003(1).json
6a112979-2e88-83ea-b83e-5fa4a42b6955,Game Streaming Setup,2026-05-23T04:15:53.115978+00:00,b7ccfef8-c72c-44f3-9c33-45f593b7ac53,2026-05-23T22:29:48.769310+00:00,assistant,f9i0z6Ix7xS0rhOQ,f9i0z6Ix7xS0rhOQ.dat,Pimax,,,content_reference,conversations-003(1).json
6a11e021-1708-83ea-9b2f-845ba6331a07,Intel RealSense in DCS,2026-05-23T17:13:54.034969+00:00,51c1d2c9-619d-4dc9-aca8-04362de6c63b,2026-05-23T17:13:53.963911+00:00,assistant,vFwg4AcpV8hOZq8Y,vFwg4AcpV8hOZq8Y.dat,OpenTrack,,,content_reference,conversations-003(1).json
6a134b56-e7a8-83ea-b4d4-5e83427a34cb,Branch · Creative writing options,2026-05-24T19:02:54.284723+00:00,00c4aff7-3788-413e-92a3-063c3d9b8134,2026-04-13T18:09:09.387935+00:00,user,file_00000000962c71fd9f1bc5cf175ea7e0,file_00000000962c71fd9f1bc5cf175ea7e0.dat,FF7890B7-84AC-4F2F-912C-47CE896AD29B.jpeg,image/jpeg,811285,message_attachment,conversations-003(1).json
6a134b56-e7a8-83ea-b4d4-5e83427a34cb,Branch · Creative writing options,2026-05-24T19:02:54.284723+00:00,03a5263e-c5a9-4ec4-804c-f732246b6d24,2026-04-02T19:04:05.451000+00:00,user,file-LHE698rJkENdHy9VEF5Fyt,file-LHE698rJkENdHy9VEF5Fyt.dat,WET_Project_1.mp4,video/mp4,77295014,local,conversations-003(1).json
6a134b56-e7a8-83ea-b4d4-5e83427a34cb,Branch · Creative writing options,2026-05-24T19:02:54.284723+00:00,0e0c474c-eaa5-4899-a675-6b86c9912406,2026-01-19T17:00:52.704502+00:00,user,file_00000000f6a071f5b5eef5c74073fd29,file_00000000f6a071f5b5eef5c74073fd29.dat,7465F9D2-FDA1-42A9-8B20-CC718A6C29E8.jpeg,image/jpeg,300187,message_attachment,conversations-003(1).json
6a134b56-e7a8-83ea-b4d4-5e83427a34cb,Branch · Creative writing options,2026-05-24T19:02:54.284723+00:00,11d5da88-87f9-49a0-b3d1-75f44aa4e798,2026-01-24T02:27:04.103512+00:00,user,file_000000006a3071fdac06d6e2e728b412,file_000000006a3071fdac06d6e2e728b412.dat,2EF3538F-7758-4681-BC62-804835870BA9.jpeg,image/jpeg,547774,message_attachment,conversations-003(1).json
6a134b56-e7a8-83ea-b4d4-5e83427a34cb,Branch · Creative writing options,2026-05-24T19:02:54.284723+00:00,21345281-80ce-4a5d-acf8-45af8c74da4c,2026-02-16T18:14:26.042161+00:00,assistant,file_00000000ccd471f5af83705b4d2b5fe3,file_00000000ccd471f5af83705b4d2b5fe3.dat,6939d6a0-c024-8333-bd11-7146ed4dfdba/audio/db862f8d-4001-49b7-8b46-bcae48af2e35.wav,,696078,content_asset_pointer,conversations-003(1).json
6a134b56-e7a8-83ea-b4d4-5e83427a34cb,Branch · Creative writing options,2026-05-24T19:02:54.284723+00:00,2343d200-db2b-40de-8460-7d5f2000b738,2026-03-04T03:46:24.920668+00:00,user,file_000000000ae4722f8cad7971b3a7dc30,file_000000000ae4722f8cad7971b3a7dc30.dat,A35EE3BE-5D9D-4D53-81A6-961F4AF85660.jpeg,image/png,799908,message_attachment,conversations-003(1).json
6a134b56-e7a8-83ea-b4d4-5e83427a34cb,Branch · Creative writing options,2026-05-24T19:02:54.284723+00:00,2343d200-db2b-40de-8460-7d5f2000b738,2026-03-04T03:46:24.920668+00:00,user,file_00000000fc68722f94e584f244a0a0a5,file_00000000fc68722f94e584f244a0a0a5.dat,C9FAD104-BCFE-4B71-8D86-B4257E1478A4.jpeg,image/png,578781,message_attachment,conversations-003(1).json
6a134b56-e7a8-83ea-b4d4-5e83427a34cb,Branch · Creative writing options,2026-05-24T19:02:54.284723+00:00,2435b3a1-527e-40b3-958f-e7f3f6b5948d,2026-02-16T18:14:03.995144+00:00,assistant,file_000000008ba8722f9806d5c9b388bc05,file_000000008ba8722f9806d5c9b388bc05.dat,6939d6a0-c024-8333-bd11-7146ed4dfdba/audio/f186178c-2b06-4f4c-99e3-c7b96598f83c.wav,,2068878,content_asset_pointer,conversations-003(1).json
6a134b56-e7a8-83ea-b4d4-5e83427a34cb,Branch · Creative writing options,2026-05-24T19:02:54.284723+00:00,32421ff9-9eaf-4582-b978-4fcfa15b7d2b,2025-12-11T02:02:03.416066+00:00,user,file_000000000af071fd8d2d084df72df478,file_000000000af071fd8d2d084df72df478.dat,F08BCC33-F8EA-4480-810C-C9687E445F25.jpeg,image/jpeg,168238,message_attachment,conversations-003(1).json
6a134b56-e7a8-83ea-b4d4-5e83427a34cb,Branch · Creative writing options,2026-05-24T19:02:54.284723+00:00,32ac7e70-e815-486a-a621-3a120dbfd8be,2026-04-13T15:16:36.714511+00:00,user,file_00000000e70471fd8994d90adce47bae,file_00000000e70471fd8994d90adce47bae.dat,AFBFC9F6-C63B-4143-AA1B-66D7BCEFC9A4.jpeg,image/jpeg,563138,message_attachment,conversations-003(1).json
6a134b56-e7a8-83ea-b4d4-5e83427a34cb,Branch · Creative writing options,2026-05-24T19:02:54.284723+00:00,3528ccc9-05f1-4f63-aaf3-94f8212afb89,2026-01-25T22:59:43.054775+00:00,user,file_00000000abbc722f86e1462b82cfdb5b,file_00000000abbc722f86e1462b82cfdb5b.dat,BDFCD084-70FB-46CB-A467-9B54879E8237.jpeg,image/jpeg,315539,message_attachment,conversations-003(1).json
6a134b56-e7a8-83ea-b4d4-5e83427a34cb,Branch · Creative writing options,2026-05-24T19:02:54.284723+00:00,36662ef3-b19f-4b55-8c9b-75777e5d6fc6,2026-02-16T18:24:37.256789+00:00,assistant,file_000000004254722f9cfdd78c608543ae,file_000000004254722f9cfdd78c608543ae.dat,6939d6a0-c024-8333-bd11-7146ed4dfdba/audio/80fbfb70-b274-4542-869b-3696fe7a54c6.wav,,393678,content_asset_pointer,conversations-003(1).json
6a134b56-e7a8-83ea-b4d4-5e83427a34cb,Branch · Creative writing options,2026-05-24T19:02:54.284723+00:00,375d886f-6063-4360-92d8-169344421bae,2025-12-13T02:15:37.671527+00:00,user,file_00000000ff90722fb64c4e51bbdf3e2f,file_00000000ff90722fb64c4e51bbdf3e2f.dat,AFFE40BD-D68A-443B-87AF-0B149027DC36.jpeg,image/jpeg,793971,message_attachment,conversations-003(1).json
6a134b56-e7a8-83ea-b4d4-5e83427a34cb,Branch · Creative writing options,2026-05-24T19:02:54.284723+00:00,3f2bba15-a724-4f4f-9e2b-5194f633dd86,2026-02-16T18:21:04.434943+00:00,assistant,file_00000000b66471f5882c514feea40c3e,file_00000000b66471f5882c514feea40c3e.dat,6939d6a0-c024-8333-bd11-7146ed4dfdba/audio/034347cb-f35b-4f6a-ae53-db57ac8f41ae.wav,,391278,content_asset_pointer,conversations-003(1).json
6a134b56-e7a8-83ea-b4d4-5e83427a34cb,Branch · Creative writing options,2026-05-24T19:02:54.284723+00:00,49eb25c1-93bf-47ba-b44e-19d8807213a1,2026-01-25T20:08:07.779892+00:00,user,file_00000000587471f5b27e3bb0d62a3d9d,file_00000000587471f5b27e3bb0d62a3d9d.dat,AB55690E-4FE2-4A10-930B-F44BC59F8924.jpeg,image/jpeg,658939,message_attachment,conversations-003(1).json
6a134b56-e7a8-83ea-b4d4-5e83427a34cb,Branch · Creative writing options,2026-05-24T19:02:54.284723+00:00,77fa9676-95a5-4426-91c9-7949d3e350c0,2026-04-03T02:42:27.236511+00:00,user,file_0000000069cc71f5ba12cc221009ee6d,file_0000000069cc71f5ba12cc221009ee6d.dat,3D8D0F69-78D6-45EF-A960-723C63C3DD38.jpeg,image/jpeg,607212,message_attachment,conversations-003(1).json
6a134b56-e7a8-83ea-b4d4-5e83427a34cb,Branch · Creative writing options,2026-05-24T19:02:54.284723+00:00,79eebea2-f95e-4abe-ab94-b77fde88d237,2026-01-31T02:56:05.595682+00:00,user,file_00000000060071fd8f5f7180b46ea829,file_00000000060071fd8f5f7180b46ea829.dat,17D6081D-F0E1-453E-BC46-D064D653E6BA.jpeg,image/jpeg,231599,message_attachment,conversations-003(1).json
6a134b56-e7a8-83ea-b4d4-5e83427a34cb,Branch · Creative writing options,2026-05-24T19:02:54.284723+00:00,888365e3-7058-4617-9a08-b7aa3cc91797,2026-01-25T17:06:29.135171+00:00,user,file_000000000bbc722fadcc8f5e481b674c,file_000000000bbc722fadcc8f5e481b674c.dat,8D152B54-2D57-46A7-9728-4B4C3B4A1B70.jpeg,image/jpeg,307124,message_attachment,conversations-003(1).json
6a134b56-e7a8-83ea-b4d4-5e83427a34cb,Branch · Creative writing options,2026-05-24T19:02:54.284723+00:00,9b6bb463-140e-43ef-a360-6b8f04ba2dab,2026-01-25T19:16:07.017834+00:00,user,file_00000000c5b8722f8cbd931cdefc672e,file_00000000c5b8722f8cbd931cdefc672e.dat,C40CA539-3888-43F9-9E27-049EEA823323.jpeg,image/jpeg,572123,message_attachment,conversations-003(1).json
6a134b56-e7a8-83ea-b4d4-5e83427a34cb,Branch · Creative writing options,2026-05-24T19:02:54.284723+00:00,9d37c0c1-c517-45b3-92f8-6842bded8ce8,2026-02-16T18:24:59.038156+00:00,assistant,file_000000002f1c71f598df454351bd20e8,file_000000002f1c71f598df454351bd20e8.dat,6939d6a0-c024-8333-bd11-7146ed4dfdba/audio/5cf4b51a-933a-4916-b13e-fd86c80fe29b.wav,,703278,content_asset_pointer,conversations-003(1).json
6a134b56-e7a8-83ea-b4d4-5e83427a34cb,Branch · Creative writing options,2026-05-24T19:02:54.284723+00:00,a523bc6a-bfb6-48f4-90ff-754e5b1e981f,2026-04-24T13:01:41.934000+00:00,user,file_0000000002b071f7a75f2c16ba2a1c2e,file_0000000002b071f7a75f2c16ba2a1c2e.dat,8e8bb7c5-db48-4aa7-8f24-b7eb1ff35511.png,image/png,60002,local,conversations-003(1).json
6a134b56-e7a8-83ea-b4d4-5e83427a34cb,Branch · Creative writing options,2026-05-24T19:02:54.284723+00:00,ba01368e-58c9-4408-9e66-9b719b17563f,2026-04-02T15:40:53.378000+00:00,user,file_00000000fab871f58005ab6228724ed2,file_00000000fab871f58005ab6228724ed2.dat,bf869b3b-e6dc-4866-a9d4-a3886a654acd.png,image/png,675990,local,conversations-003(1).json
6a134b56-e7a8-83ea-b4d4-5e83427a34cb,Branch · Creative writing options,2026-05-24T19:02:54.284723+00:00,bbda7f0a-116a-4bf4-8c53-dd488f198436,2026-02-16T18:16:04.250825+00:00,assistant,file_000000009d6871f5acad2f004e4be282,file_000000009d6871f5acad2f004e4be282.dat,6939d6a0-c024-8333-bd11-7146ed4dfdba/audio/0c01ad13-7853-498c-a551-44ff3a2aeb16.wav,,1274478,content_asset_pointer,conversations-003(1).json
6a134b56-e7a8-83ea-b4d4-5e83427a34cb,Branch · Creative writing options,2026-05-24T19:02:54.284723+00:00,bc505936-90bf-4eba-bc9b-cef1f2940d87,2026-02-16T18:14:44.464747+00:00,assistant,file_0000000057cc722fb119ecfa1851abeb,file_0000000057cc722fb119ecfa1851abeb.dat,6939d6a0-c024-8333-bd11-7146ed4dfdba/audio/e9f2604a-f184-4c1c-a67a-311046c08007.wav,,446478,content_asset_pointer,conversations-003(1).json
6a134b56-e7a8-83ea-b4d4-5e83427a34cb,Branch · Creative writing options,2026-05-24T19:02:54.284723+00:00,bc73259d-4de5-4898-9e00-10787ee3a5ed,2026-01-25T21:13:33.906626+00:00,user,file_00000000b11871f898aecb9ec48a13ed,file_00000000b11871f898aecb9ec48a13ed.dat,64AC5561-4DCA-4C95-A1A1-F2CEB5E98CCF.jpeg,image/jpeg,312771,message_attachment,conversations-003(1).json
6a134b56-e7a8-83ea-b4d4-5e83427a34cb,Branch · Creative writing options,2026-05-24T19:02:54.284723+00:00,c6c82bb4-dc31-45ba-810d-78293a56b905,2026-04-04T03:58:22.260501+00:00,user,file_00000000c70471f883e0d9a4d6fed442,file_00000000c70471f883e0d9a4d6fed442.dat,647C05A6-EBFD-46A4-8AC1-EEF134555566.jpeg,image/jpeg,348229,message_attachment,conversations-003(1).json
6a134b56-e7a8-83ea-b4d4-5e83427a34cb,Branch · Creative writing options,2026-05-24T19:02:54.284723+00:00,cc7cbb13-d311-4ba9-8896-b2258ac5e113,2026-01-26T16:55:08.793727+00:00,user,file_00000000d80c722fbd35416505944cb6,file_00000000d80c722fbd35416505944cb6.dat,58BABE1C-410B-424B-865C-134E0683D673.jpeg,image/jpeg,340318,message_attachment,conversations-003(1).json
6a134b56-e7a8-83ea-b4d4-5e83427a34cb,Branch · Creative writing options,2026-05-24T19:02:54.284723+00:00,dc54a77e-aabd-4e7b-84ed-a573d8f08f79,2026-02-01T03:04:46.906368+00:00,user,file_00000000de6c722f95a1dc9404ac1076,file_00000000de6c722f95a1dc9404ac1076.dat,895BC7AD-5C20-49D1-AB8F-A55645FD22C8.jpeg,image/jpeg,105113,message_attachment,conversations-003(1).json
6a134b56-e7a8-83ea-b4d4-5e83427a34cb,Branch · Creative writing options,2026-05-24T19:02:54.284723+00:00,e0c6180b-ce64-45a2-92cd-6797a7381d05,2026-04-02T19:03:12.699000+00:00,user,file-BE5rhP73uoUcVRMkNncYa4,file-BE5rhP73uoUcVRMkNncYa4.dat,WET_Project_1.mp4,video/mp4,77295014,local,conversations-003(1).json
6a134b56-e7a8-83ea-b4d4-5e83427a34cb,Branch · Creative writing options,2026-05-24T19:02:54.284723+00:00,e3a06c43-3edb-4e04-b00f-e2cf340e26fb,2026-01-25T19:59:18.916913+00:00,user,file_00000000425c722fba20222c0f8a3140,file_00000000425c722fba20222c0f8a3140.dat,BD515075-FBCC-489E-9302-8936A4CABB43.jpeg,image/jpeg,560480,message_attachment,conversations-003(1).json
6a134b56-e7a8-83ea-b4d4-5e83427a34cb,Branch · Creative writing options,2026-05-24T19:02:54.284723+00:00,e7fb892e-456b-467d-9e95-21930ded2cb6,2026-01-26T23:28:31.448519+00:00,user,file_000000000b9c722fb8b03e5c35de5196,file_000000000b9c722fb8b03e5c35de5196.dat,48896F16-02E7-404B-B2F9-8C28E450DF68.jpeg,image/jpeg,347137,message_attachment,conversations-003(1).json
6a134b56-e7a8-83ea-b4d4-5e83427a34cb,Branch · Creative writing options,2026-05-24T19:02:54.284723+00:00,e9d26b60-6d6a-4535-923b-8e499fc1656a,2026-02-16T18:24:24.317750+00:00,assistant,file_00000000ba68722fa89340150d451997,file_00000000ba68722fa89340150d451997.dat,6939d6a0-c024-8333-bd11-7146ed4dfdba/audio/227fbe8c-a42a-461f-a92f-beea3c98628d.wav,,756078,content_asset_pointer,conversations-003(1).json
6a18dc6a-44e4-83ea-933a-68e2af7d778b,RAM Compatibility Check,2026-05-29T00:24:05.492531+00:00,fe187384-35db-481e-8562-901a8723c387,2026-05-29T00:24:15.733771+00:00,user,file_00000000dbe471f58e790b96763d934a,file_00000000dbe471f58e790b96763d934a.dat,D4C56AA7-61E4-495D-AC46-40D421027073.jpeg,image/jpeg,416235,message_attachment,conversations-004(1).json
6a197ef3-d644-83ea-81bf-785935b2a3dd,Image Recreation Request,2026-05-29T11:56:57.878662+00:00,a7ba08d2-fd50-4bc8-8613-ca210eb2ce01,2026-05-29T11:56:57.107000+00:00,user,file_00000000559c71fdbc3f7512d5369246,file_00000000559c71fdbc3f7512d5369246.dat,Doc1.docx,application/vnd.openxmlformats-officedocument.wordprocessingml.document,77531,library,conversations-004(1).json
6a1a0254-4504-83ea-acab-f482274f6330,Branch · RAM Compatibility Check,2026-05-29T21:17:09.021079+00:00,fe187384-35db-481e-8562-901a8723c387,2026-05-29T00:24:15.733771+00:00,user,file_00000000dbe471f58e790b96763d934a,file_00000000dbe471f58e790b96763d934a.dat,D4C56AA7-61E4-495D-AC46-40D421027073.jpeg,image/jpeg,416235,message_attachment,conversations-004(1).json
6a1c5fb9-f460-83ea-945f-ac3b30738cb0,Optmizing,2026-05-31T16:20:49.846812+00:00,031a9af0-e245-4327-9baf-a6bfabe641d6,2026-06-17T22:57:43.980899+00:00,user,file_00000000aa1c71f58320f5a6dc268cbd,file_00000000aa1c71f58320f5a6dc268cbd.dat,IMG_C39146D2-EE2B-40AB-AD10-62A84381E62B.jpeg,image/jpeg,682707,message_attachment,conversations-004(1).json
6a1c5fb9-f460-83ea-945f-ac3b30738cb0,Optmizing,2026-05-31T16:20:49.846812+00:00,03b9185c-2200-49b4-a94e-0b5203bd0101,2026-06-21T03:23:24.249000+00:00,user,file_00000000dc00722fa606abdc001d8cb7,file_00000000dc00722fa606abdc001d8cb7.dat,26b25454-7625-4fae-b183-6286efc80852.csv,text/csv,255580,local,conversations-004(1).json
6a1c5fb9-f460-83ea-945f-ac3b30738cb0,Optmizing,2026-05-31T16:20:49.846812+00:00,03b9185c-2200-49b4-a94e-0b5203bd0101,2026-06-21T03:23:24.249000+00:00,user,file_000000009dd8722fa647ff153e79540a,file_000000009dd8722fa647ff153e79540a.dat,IL2-WW1-ultra 115Rende-pre-2,,212,local,conversations-004(1).json
6a1c5fb9-f460-83ea-945f-ac3b30738cb0,Optmizing,2026-05-31T16:20:49.846812+00:00,03b9185c-2200-49b4-a94e-0b5203bd0101,2026-06-21T03:23:24.249000+00:00,user,file_000000002734722fab6f21eb0b89328f,file_000000002734722fab6f21eb0b89328f.dat,IL2-WW1-ultra 115Render.csv,text/csv,131898,local,conversations-004(1).json
6a1c5fb9-f460-83ea-945f-ac3b30738cb0,Optmizing,2026-05-31T16:20:49.846812+00:00,03fadb17-584a-407b-bd71-331b035057d9,2026-05-31T23:07:03.556997+00:00,user,file_000000008b3c720cbe7d266b5a312e2e,file_000000008b3c720cbe7d266b5a312e2e.dat,83F62FE6-9C3D-45AF-9B2A-91151C742EC8.jpeg,image/jpeg,446690,message_attachment,conversations-004(1).json
6a1c5fb9-f460-83ea-945f-ac3b30738cb0,Optmizing,2026-05-31T16:20:49.846812+00:00,03fadb17-584a-407b-bd71-331b035057d9,2026-05-31T23:07:03.556997+00:00,user,file_00000000e50071f791fc82f0ddf7c99a,file_00000000e50071f791fc82f0ddf7c99a.dat,EB7EE207-BE9E-4C6D-AB8D-8AAFEAE708ED.jpeg,image/jpeg,410669,message_attachment,conversations-004(1).json
6a1c5fb9-f460-83ea-945f-ac3b30738cb0,Optmizing,2026-05-31T16:20:49.846812+00:00,1133081f-a54d-41d7-b96f-cbb0e45d0930,2026-06-21T19:13:26.189000+00:00,user,file_0000000008c071f792e9b77b52c6a933,file_0000000008c071f792e9b77b52c6a933.dat,pmcap-vrserver.exe-260621-133456.csv,text/csv,1119,local,conversations-004(1).json
6a1c5fb9-f460-83ea-945f-ac3b30738cb0,Optmizing,2026-05-31T16:20:49.846812+00:00,2394fcf6-db8f-467a-8479-7d61789d704b,2026-06-23T04:39:15.115000+00:00,user,file_000000003a0071f78ce706c5785a0a35,file_000000003a0071f78ce706c5785a0a35.dat,il2-potato.csv,text/csv,1119,local,conversations-004(1).json
6a1c5fb9-f460-83ea-945f-ac3b30738cb0,Optmizing,2026-05-31T16:20:49.846812+00:00,2394fcf6-db8f-467a-8479-7d61789d704b,2026-06-23T04:39:15.115000+00:00,user,file_000000008d38722f9135e01ab659dcf6,file_000000008d38722f9135e01ab659dcf6.dat,il2-potato-1.csv,text/csv,161,local,conversations-004(1).json
6a1c5fb9-f460-83ea-945f-ac3b30738cb0,Optmizing,2026-05-31T16:20:49.846812+00:00,2ffa176e-790e-455f-bd96-b3fbe14055f7,2026-06-17T20:51:19.220547+00:00,user,file_00000000261471f59b02f0c89a8d05f8,file_00000000261471f59b02f0c89a8d05f8.dat,8C3C1C5B-D675-4D4E-8569-B745F93AB13E.jpeg,image/png,128600,message_attachment,conversations-004(1).json
6a1c5fb9-f460-83ea-945f-ac3b30738cb0,Optmizing,2026-05-31T16:20:49.846812+00:00,2ffa176e-790e-455f-bd96-b3fbe14055f7,2026-06-17T20:51:19.220547+00:00,user,file_000000007b18722fbca6d9ef336d4df5,file_000000007b18722fbca6d9ef336d4df5.dat,67D78784-28EC-443C-B1D6-5DCE46AC3E94.jpeg,image/png,131886,message_attachment,conversations-004(1).json
6a1c5fb9-f460-83ea-945f-ac3b30738cb0,Optmizing,2026-05-31T16:20:49.846812+00:00,2ffa176e-790e-455f-bd96-b3fbe14055f7,2026-06-17T20:51:19.220547+00:00,user,file_00000000d5f471f5ad039fdf129400be,file_00000000d5f471f5ad039fdf129400be.dat,C18F6B1D-7DC9-496D-AF1A-0C7C311DABED.jpeg,image/png,157806,message_attachment,conversations-004(1).json
6a1c5fb9-f460-83ea-945f-ac3b30738cb0,Optmizing,2026-05-31T16:20:49.846812+00:00,2ffa176e-790e-455f-bd96-b3fbe14055f7,2026-06-17T20:51:19.220547+00:00,user,file_0000000056bc722fb32a90fa040d9b72,file_0000000056bc722fb32a90fa040d9b72.dat,F5B08C68-DD36-4B04-90B0-26DF54FBC78D.jpeg,image/png,155695,message_attachment,conversations-004(1).json
6a1c5fb9-f460-83ea-945f-ac3b30738cb0,Optmizing,2026-05-31T16:20:49.846812+00:00,34d5b40b-35fe-4e34-b9fd-5e67f2870bde,2026-06-17T23:00:14.718871+00:00,user,file_000000004620720cac8041e84e4c047f,file_000000004620720cac8041e84e4c047f.dat,IMG_1CE5F0E8-CDF8-46D0-B646-361E35C950A7.jpeg,image/jpeg,632000,message_attachment,conversations-004(1).json
6a1c5fb9-f460-83ea-945f-ac3b30738cb0,Optmizing,2026-05-31T16:20:49.846812+00:00,38a33fb8-f3f7-4adf-938d-545c1c6f5e21,2026-06-22T03:28:56.217000+00:00,user,file_00000000153071f5b18d06872ea643d2,file_00000000153071f5b18d06872ea643d2.dat,pmcap-DCS.exe-260621-152849.csv,text/csv,6339613,local,conversations-004(1).json
6a1c5fb9-f460-83ea-945f-ac3b30738cb0,Optmizing,2026-05-31T16:20:49.846812+00:00,57431f13-2a44-4440-9c71-c0f6ccd42397,2026-06-16T22:01:41.524000+00:00,user,file_00000000e02871f7b316f0828c8866d1,file_00000000e02871f7b316f0828c8866d1.dat,35b272bc-3619-4854-885b-2daea05256b4.png,image/png,69045,local,conversations-004(1).json
6a1c5fb9-f460-83ea-945f-ac3b30738cb0,Optmizing,2026-05-31T16:20:49.846812+00:00,57f5d8d3-0bc1-490f-a251-7ac22a68fdd0,2026-06-21T19:14:14.348000+00:00,user,file_000000002464722fbefa33a4f4d7c60b,file_000000002464722fbefa33a4f4d7c60b.dat,pmcap-Il-2.exe-260621-134903.csv,text/csv,603812,local,conversations-004(1).json
6a1c5fb9-f460-83ea-945f-ac3b30738cb0,Optmizing,2026-05-31T16:20:49.846812+00:00,60ce0c64-1e76-4bb4-8de4-1d4689f5270c,2026-06-21T02:31:04.498000+00:00,user,file_00000000025c722f8f8605e05b0be1cb,file_00000000025c722f8f8605e05b0be1cb.dat,5f519cec-f9cb-42f7-aa37-0adf7c926a25.png,image/png,76654,local,conversations-004(1).json
6a1c5fb9-f460-83ea-945f-ac3b30738cb0,Optmizing,2026-05-31T16:20:49.846812+00:00,691d1fcf-bdae-4099-aab8-1e7c9e1ba084,2026-06-17T20:45:30.061325+00:00,user,file_000000005c58722f9dd0ff6d79bcd974,file_000000005c58722f9dd0ff6d79bcd974.dat,E22BF7A4-2718-4888-A371-97A73B367031.jpeg,image/jpeg,197597,message_attachment,conversations-004(1).json
6a1c5fb9-f460-83ea-945f-ac3b30738cb0,Optmizing,2026-05-31T16:20:49.846812+00:00,691d1fcf-bdae-4099-aab8-1e7c9e1ba084,2026-06-17T20:45:30.061325+00:00,user,file_000000002108722f887683cc32585678,file_000000002108722f887683cc32585678.dat,C493D2AE-70CA-4422-9725-483FDF9D014F.jpeg,image/jpeg,318327,message_attachment,conversations-004(1).json
6a1c5fb9-f460-83ea-945f-ac3b30738cb0,Optmizing,2026-05-31T16:20:49.846812+00:00,7a51bd44-43ca-4628-a212-27d5d3b3ea80,2026-06-21T19:11:35.076000+00:00,user,file_00000000c1d0722f8c4bee826e124c95,file_00000000c1d0722f8c4bee826e124c95.dat,pmcap-vrserver.exe-260621-133456.csv,text/csv,1119,local,conversations-004(1).json
6a1c5fb9-f460-83ea-945f-ac3b30738cb0,Optmizing,2026-05-31T16:20:49.846812+00:00,7a51bd44-43ca-4628-a212-27d5d3b3ea80,2026-06-21T19:11:35.076000+00:00,user,file_000000002d70722fb4044e4c1ee690d9,file_000000002d70722fb4044e4c1ee690d9.dat,pmcap-vrserver.exe-260621-133456-stats.csv,text/csv,161,local,conversations-004(1).json
6a1c5fb9-f460-83ea-945f-ac3b30738cb0,Optmizing,2026-05-31T16:20:49.846812+00:00,9395f9da-3525-482f-9e4a-2ea6aa99117e,2026-06-21T19:13:55.780000+00:00,user,file_00000000160871f79a716ce8e58a1e1a,file_00000000160871f79a716ce8e58a1e1a.dat,pmcap-Il-2.exe-260621-133604-stats.csv,text/csv,212,local,conversations-004(1).json
6a1c5fb9-f460-83ea-945f-ac3b30738cb0,Optmizing,2026-05-31T16:20:49.846812+00:00,a9e20bcd-03f3-49c3-b2a9-59e66e98f39e,2026-06-22T03:20:05.131000+00:00,user,file_0000000043cc720cbedd4c8ccb3773b6,file_0000000043cc720cbedd4c8ccb3773b6.dat,pmcap-DCS.exe-260621-154228.csv,text/csv,7122270,local,conversations-004(1).json
6a1c5fb9-f460-83ea-945f-ac3b30738cb0,Optmizing,2026-05-31T16:20:49.846812+00:00,c8231e07-d01e-4978-8697-ab1b010eb283,2026-06-21T03:27:23.689000+00:00,user,file_000000004978722fb26a0fd865b981e3,file_000000004978722fb26a0fd865b981e3.dat,4c96cafd-b2e0-43f4-812f-9db9f317b34d.csv,text/csv,859494,local,conversations-004(1).json
6a1c5fb9-f460-83ea-945f-ac3b30738cb0,Optmizing,2026-05-31T16:20:49.846812+00:00,c8231e07-d01e-4978-8697-ab1b010eb283,2026-06-21T03:27:23.689000+00:00,user,file_00000000ab18722fb4c7939fb8231e4b,file_00000000ab18722fb4c7939fb8231e4b.dat,IL2-WW1-ultra 115Rende-01.csv,text/csv,859494,local,conversations-004(1).json
6a1c5fb9-f460-83ea-945f-ac3b30738cb0,Optmizing,2026-05-31T16:20:49.846812+00:00,c8231e07-d01e-4978-8697-ab1b010eb283,2026-06-21T03:27:23.689000+00:00,user,file_00000000841c722facb7361f0446ba63,file_00000000841c722facb7361f0446ba63.dat,IL2-WW1-ultra 115Rende-pre-1.csv,text/csv,216,local,conversations-004(1).json
6a1c5fb9-f460-83ea-945f-ac3b30738cb0,Optmizing,2026-05-31T16:20:49.846812+00:00,e8fc07b3-607f-4264-8170-93652c825d7a,2026-06-23T04:39:55.411000+00:00,user,file_000000003f6471f5a5a3cf0344458e76,file_000000003f6471f5a5a3cf0344458e76.dat,il2-potato.csv,text/csv,1119,local,conversations-004(1).json
6a1e057e-75b0-83ea-8b12-9ada8111d5c5,weaselNet Mission Control,2026-06-01T22:20:03.466564+00:00,03fadb17-584a-407b-bd71-331b035057d9,2026-05-31T23:07:03.556997+00:00,user,file_000000008b3c720cbe7d266b5a312e2e,file_000000008b3c720cbe7d266b5a312e2e.dat,83F62FE6-9C3D-45AF-9B2A-91151C742EC8.jpeg,image/jpeg,446690,message_attachment,conversations-004(1).json
6a1e057e-75b0-83ea-8b12-9ada8111d5c5,weaselNet Mission Control,2026-06-01T22:20:03.466564+00:00,03fadb17-584a-407b-bd71-331b035057d9,2026-05-31T23:07:03.556997+00:00,user,file_00000000e50071f791fc82f0ddf7c99a,file_00000000e50071f791fc82f0ddf7c99a.dat,EB7EE207-BE9E-4C6D-AB8D-8AAFEAE708ED.jpeg,image/jpeg,410669,message_attachment,conversations-004(1).json
6a1e057e-75b0-83ea-8b12-9ada8111d5c5,weaselNet Mission Control,2026-06-01T22:20:03.466564+00:00,0b43cc80-6f04-4684-86ad-8c3b81681db9,2026-06-18T02:06:52.500000+00:00,user,file_00000000a290722fb71d4e8d404d3374,file_00000000a290722fb71d4e8d404d3374.dat,INVENTORY WEASEL ONE.md,,2420,local,conversations-004(1).json
6a1e057e-75b0-83ea-8b12-9ada8111d5c5,weaselNet Mission Control,2026-06-01T22:20:03.466564+00:00,a083ca46-c99b-46c5-ace9-b4469e6ed6ce,2026-06-18T02:12:28.828000+00:00,user,file_0000000064b0722f83d9e36dfaf8580e,file_0000000064b0722f83d9e36dfaf8580e.dat,INVENTORY WEASEL ONE.md,,3464,local,conversations-004(1).json
6a1e057e-75b0-83ea-8b12-9ada8111d5c5,weaselNet Mission Control,2026-06-01T22:20:03.466564+00:00,ab36e5fc-d87c-418f-8c27-4d8b301f75c7,2026-06-18T02:06:54.287574+00:00,assistant,file_00000000a290722fb71d4e8d404d3374,file_00000000a290722fb71d4e8d404d3374.dat,INVENTORY WEASEL ONE.md,,,my_files,conversations-004(1).json
6a1e057e-75b0-83ea-8b12-9ada8111d5c5,weaselNet Mission Control,2026-06-01T22:20:03.466564+00:00,ca9ac812-c6c3-41dd-8ebb-08421a949262,2026-06-18T02:12:31.478022+00:00,assistant,file_0000000064b0722f83d9e36dfaf8580e,file_0000000064b0722f83d9e36dfaf8580e.dat,INVENTORY WEASEL ONE.md,,,my_files,conversations-004(1).json
6a26bb4d-d378-83ea-9c90-bf0ebfce41fe,Branch · Branch · Creative writing options,2026-06-08T12:53:39.081550+00:00,00c4aff7-3788-413e-92a3-063c3d9b8134,2026-04-13T18:09:09.387935+00:00,user,file_00000000962c71fd9f1bc5cf175ea7e0,file_00000000962c71fd9f1bc5cf175ea7e0.dat,FF7890B7-84AC-4F2F-912C-47CE896AD29B.jpeg,image/jpeg,811285,message_attachment,conversations-004(1).json
6a26bb4d-d378-83ea-9c90-bf0ebfce41fe,Branch · Branch · Creative writing options,2026-06-08T12:53:39.081550+00:00,03a5263e-c5a9-4ec4-804c-f732246b6d24,2026-04-02T19:04:05.451000+00:00,user,file-LHE698rJkENdHy9VEF5Fyt,file-LHE698rJkENdHy9VEF5Fyt.dat,WET_Project_1.mp4,video/mp4,77295014,local,conversations-004(1).json
6a26bb4d-d378-83ea-9c90-bf0ebfce41fe,Branch · Branch · Creative writing options,2026-06-08T12:53:39.081550+00:00,0e0c474c-eaa5-4899-a675-6b86c9912406,2026-01-19T17:00:52.704502+00:00,user,file_00000000f6a071f5b5eef5c74073fd29,file_00000000f6a071f5b5eef5c74073fd29.dat,7465F9D2-FDA1-42A9-8B20-CC718A6C29E8.jpeg,image/jpeg,300187,message_attachment,conversations-004(1).json
6a26bb4d-d378-83ea-9c90-bf0ebfce41fe,Branch · Branch · Creative writing options,2026-06-08T12:53:39.081550+00:00,11d5da88-87f9-49a0-b3d1-75f44aa4e798,2026-01-24T02:27:04.103512+00:00,user,file_000000006a3071fdac06d6e2e728b412,file_000000006a3071fdac06d6e2e728b412.dat,2EF3538F-7758-4681-BC62-804835870BA9.jpeg,image/jpeg,547774,message_attachment,conversations-004(1).json
6a26bb4d-d378-83ea-9c90-bf0ebfce41fe,Branch · Branch · Creative writing options,2026-06-08T12:53:39.081550+00:00,21345281-80ce-4a5d-acf8-45af8c74da4c,2026-02-16T18:14:26.042161+00:00,assistant,file_00000000ccd471f5af83705b4d2b5fe3,file_00000000ccd471f5af83705b4d2b5fe3.dat,6939d6a0-c024-8333-bd11-7146ed4dfdba/audio/db862f8d-4001-49b7-8b46-bcae48af2e35.wav,,696078,content_asset_pointer,conversations-004(1).json
6a26bb4d-d378-83ea-9c90-bf0ebfce41fe,Branch · Branch · Creative writing options,2026-06-08T12:53:39.081550+00:00,2343d200-db2b-40de-8460-7d5f2000b738,2026-03-04T03:46:24.920668+00:00,user,file_000000000ae4722f8cad7971b3a7dc30,file_000000000ae4722f8cad7971b3a7dc30.dat,A35EE3BE-5D9D-4D53-81A6-961F4AF85660.jpeg,image/png,799908,message_attachment,conversations-004(1).json
6a26bb4d-d378-83ea-9c90-bf0ebfce41fe,Branch · Branch · Creative writing options,2026-06-08T12:53:39.081550+00:00,2343d200-db2b-40de-8460-7d5f2000b738,2026-03-04T03:46:24.920668+00:00,user,file_00000000fc68722f94e584f244a0a0a5,file_00000000fc68722f94e584f244a0a0a5.dat,C9FAD104-BCFE-4B71-8D86-B4257E1478A4.jpeg,image/png,578781,message_attachment,conversations-004(1).json
6a26bb4d-d378-83ea-9c90-bf0ebfce41fe,Branch · Branch · Creative writing options,2026-06-08T12:53:39.081550+00:00,2435b3a1-527e-40b3-958f-e7f3f6b5948d,2026-02-16T18:14:03.995144+00:00,assistant,file_000000008ba8722f9806d5c9b388bc05,file_000000008ba8722f9806d5c9b388bc05.dat,6939d6a0-c024-8333-bd11-7146ed4dfdba/audio/f186178c-2b06-4f4c-99e3-c7b96598f83c.wav,,2068878,content_asset_pointer,conversations-004(1).json
6a26bb4d-d378-83ea-9c90-bf0ebfce41fe,Branch · Branch · Creative writing options,2026-06-08T12:53:39.081550+00:00,32421ff9-9eaf-4582-b978-4fcfa15b7d2b,2025-12-11T02:02:03.416066+00:00,user,file_000000000af071fd8d2d084df72df478,file_000000000af071fd8d2d084df72df478.dat,F08BCC33-F8EA-4480-810C-C9687E445F25.jpeg,image/jpeg,168238,message_attachment,conversations-004(1).json
6a26bb4d-d378-83ea-9c90-bf0ebfce41fe,Branch · Branch · Creative writing options,2026-06-08T12:53:39.081550+00:00,32ac7e70-e815-486a-a621-3a120dbfd8be,2026-04-13T15:16:36.714511+00:00,user,file_00000000e70471fd8994d90adce47bae,file_00000000e70471fd8994d90adce47bae.dat,AFBFC9F6-C63B-4143-AA1B-66D7BCEFC9A4.jpeg,image/jpeg,563138,message_attachment,conversations-004(1).json
6a26bb4d-d378-83ea-9c90-bf0ebfce41fe,Branch · Branch · Creative writing options,2026-06-08T12:53:39.081550+00:00,331394ea-b1bc-4577-8fbd-9f890002fdb9,2026-06-08T21:00:19.716286+00:00,user,file_000000003a0c722f944b6fbf11ad75ce,file_000000003a0c722f944b6fbf11ad75ce.dat,0A24FAA1-9A9B-40E0-BBAA-0276DF3EFAAC.jpeg,image/jpeg,436382,message_attachment,conversations-004(1).json
6a26bb4d-d378-83ea-9c90-bf0ebfce41fe,Branch · Branch · Creative writing options,2026-06-08T12:53:39.081550+00:00,3528ccc9-05f1-4f63-aaf3-94f8212afb89,2026-01-25T22:59:43.054775+00:00,user,file_00000000abbc722f86e1462b82cfdb5b,file_00000000abbc722f86e1462b82cfdb5b.dat,BDFCD084-70FB-46CB-A467-9B54879E8237.jpeg,image/jpeg,315539,message_attachment,conversations-004(1).json
6a26bb4d-d378-83ea-9c90-bf0ebfce41fe,Branch · Branch · Creative writing options,2026-06-08T12:53:39.081550+00:00,36662ef3-b19f-4b55-8c9b-75777e5d6fc6,2026-02-16T18:24:37.256789+00:00,assistant,file_000000004254722f9cfdd78c608543ae,file_000000004254722f9cfdd78c608543ae.dat,6939d6a0-c024-8333-bd11-7146ed4dfdba/audio/80fbfb70-b274-4542-869b-3696fe7a54c6.wav,,393678,content_asset_pointer,conversations-004(1).json
6a26bb4d-d378-83ea-9c90-bf0ebfce41fe,Branch · Branch · Creative writing options,2026-06-08T12:53:39.081550+00:00,375d886f-6063-4360-92d8-169344421bae,2025-12-13T02:15:37.671527+00:00,user,file_00000000ff90722fb64c4e51bbdf3e2f,file_00000000ff90722fb64c4e51bbdf3e2f.dat,AFFE40BD-D68A-443B-87AF-0B149027DC36.jpeg,image/jpeg,793971,message_attachment,conversations-004(1).json
6a26bb4d-d378-83ea-9c90-bf0ebfce41fe,Branch · Branch · Creative writing options,2026-06-08T12:53:39.081550+00:00,3f2bba15-a724-4f4f-9e2b-5194f633dd86,2026-02-16T18:21:04.434943+00:00,assistant,file_00000000b66471f5882c514feea40c3e,file_00000000b66471f5882c514feea40c3e.dat,6939d6a0-c024-8333-bd11-7146ed4dfdba/audio/034347cb-f35b-4f6a-ae53-db57ac8f41ae.wav,,391278,content_asset_pointer,conversations-004(1).json
6a26bb4d-d378-83ea-9c90-bf0ebfce41fe,Branch · Branch · Creative writing options,2026-06-08T12:53:39.081550+00:00,49eb25c1-93bf-47ba-b44e-19d8807213a1,2026-01-25T20:08:07.779892+00:00,user,file_00000000587471f5b27e3bb0d62a3d9d,file_00000000587471f5b27e3bb0d62a3d9d.dat,AB55690E-4FE2-4A10-930B-F44BC59F8924.jpeg,image/jpeg,658939,message_attachment,conversations-004(1).json
6a26bb4d-d378-83ea-9c90-bf0ebfce41fe,Branch · Branch · Creative writing options,2026-06-08T12:53:39.081550+00:00,77fa9676-95a5-4426-91c9-7949d3e350c0,2026-04-03T02:42:27.236511+00:00,user,file_0000000069cc71f5ba12cc221009ee6d,file_0000000069cc71f5ba12cc221009ee6d.dat,3D8D0F69-78D6-45EF-A960-723C63C3DD38.jpeg,image/jpeg,607212,message_attachment,conversations-004(1).json
6a26bb4d-d378-83ea-9c90-bf0ebfce41fe,Branch · Branch · Creative writing options,2026-06-08T12:53:39.081550+00:00,79eebea2-f95e-4abe-ab94-b77fde88d237,2026-01-31T02:56:05.595682+00:00,user,file_00000000060071fd8f5f7180b46ea829,file_00000000060071fd8f5f7180b46ea829.dat,17D6081D-F0E1-453E-BC46-D064D653E6BA.jpeg,image/jpeg,231599,message_attachment,conversations-004(1).json
6a26bb4d-d378-83ea-9c90-bf0ebfce41fe,Branch · Branch · Creative writing options,2026-06-08T12:53:39.081550+00:00,888365e3-7058-4617-9a08-b7aa3cc91797,2026-01-25T17:06:29.135171+00:00,user,file_000000000bbc722fadcc8f5e481b674c,file_000000000bbc722fadcc8f5e481b674c.dat,8D152B54-2D57-46A7-9728-4B4C3B4A1B70.jpeg,image/jpeg,307124,message_attachment,conversations-004(1).json
6a26bb4d-d378-83ea-9c90-bf0ebfce41fe,Branch · Branch · Creative writing options,2026-06-08T12:53:39.081550+00:00,9b6bb463-140e-43ef-a360-6b8f04ba2dab,2026-01-25T19:16:07.017834+00:00,user,file_00000000c5b8722f8cbd931cdefc672e,file_00000000c5b8722f8cbd931cdefc672e.dat,C40CA539-3888-43F9-9E27-049EEA823323.jpeg,image/jpeg,572123,message_attachment,conversations-004(1).json
6a26bb4d-d378-83ea-9c90-bf0ebfce41fe,Branch · Branch · Creative writing options,2026-06-08T12:53:39.081550+00:00,9d37c0c1-c517-45b3-92f8-6842bded8ce8,2026-02-16T18:24:59.038156+00:00,assistant,file_000000002f1c71f598df454351bd20e8,file_000000002f1c71f598df454351bd20e8.dat,6939d6a0-c024-8333-bd11-7146ed4dfdba/audio/5cf4b51a-933a-4916-b13e-fd86c80fe29b.wav,,703278,content_asset_pointer,conversations-004(1).json
6a26bb4d-d378-83ea-9c90-bf0ebfce41fe,Branch · Branch · Creative writing options,2026-06-08T12:53:39.081550+00:00,a11b0ba8-d315-4f01-be84-f97f0b2ab4cc,2026-06-08T17:16:35.636801+00:00,user,file_000000002ea8722fbcfc264720d02d9c,file_000000002ea8722fbcfc264720d02d9c.dat,7349EE5E-4CA7-4E97-ABFC-9E6C27C865C9.png,image/png,234599,message_attachment,conversations-004(1).json
6a26bb4d-d378-83ea-9c90-bf0ebfce41fe,Branch · Branch · Creative writing options,2026-06-08T12:53:39.081550+00:00,a523bc6a-bfb6-48f4-90ff-754e5b1e981f,2026-04-24T13:01:41.934000+00:00,user,file_0000000002b071f7a75f2c16ba2a1c2e,file_0000000002b071f7a75f2c16ba2a1c2e.dat,8e8bb7c5-db48-4aa7-8f24-b7eb1ff35511.png,image/png,60002,local,conversations-004(1).json
6a26bb4d-d378-83ea-9c90-bf0ebfce41fe,Branch · Branch · Creative writing options,2026-06-08T12:53:39.081550+00:00,ba01368e-58c9-4408-9e66-9b719b17563f,2026-04-02T15:40:53.378000+00:00,user,file_00000000fab871f58005ab6228724ed2,file_00000000fab871f58005ab6228724ed2.dat,bf869b3b-e6dc-4866-a9d4-a3886a654acd.png,image/png,675990,local,conversations-004(1).json
6a26bb4d-d378-83ea-9c90-bf0ebfce41fe,Branch · Branch · Creative writing options,2026-06-08T12:53:39.081550+00:00,bbda7f0a-116a-4bf4-8c53-dd488f198436,2026-02-16T18:16:04.250825+00:00,assistant,file_000000009d6871f5acad2f004e4be282,file_000000009d6871f5acad2f004e4be282.dat,6939d6a0-c024-8333-bd11-7146ed4dfdba/audio/0c01ad13-7853-498c-a551-44ff3a2aeb16.wav,,1274478,content_asset_pointer,conversations-004(1).json
6a26bb4d-d378-83ea-9c90-bf0ebfce41fe,Branch · Branch · Creative writing options,2026-06-08T12:53:39.081550+00:00,bc505936-90bf-4eba-bc9b-cef1f2940d87,2026-02-16T18:14:44.464747+00:00,assistant,file_0000000057cc722fb119ecfa1851abeb,file_0000000057cc722fb119ecfa1851abeb.dat,6939d6a0-c024-8333-bd11-7146ed4dfdba/audio/e9f2604a-f184-4c1c-a67a-311046c08007.wav,,446478,content_asset_pointer,conversations-004(1).json
6a26bb4d-d378-83ea-9c90-bf0ebfce41fe,Branch · Branch · Creative writing options,2026-06-08T12:53:39.081550+00:00,bc73259d-4de5-4898-9e00-10787ee3a5ed,2026-01-25T21:13:33.906626+00:00,user,file_00000000b11871f898aecb9ec48a13ed,file_00000000b11871f898aecb9ec48a13ed.dat,64AC5561-4DCA-4C95-A1A1-F2CEB5E98CCF.jpeg,image/jpeg,312771,message_attachment,conversations-004(1).json
6a26bb4d-d378-83ea-9c90-bf0ebfce41fe,Branch · Branch · Creative writing options,2026-06-08T12:53:39.081550+00:00,c39173b3-6b3c-4dae-abf1-1def69bc55bc,2026-06-08T17:14:04.252666+00:00,user,file_000000002ea8722fbcfc264720d02d9c,file_000000002ea8722fbcfc264720d02d9c.dat,7349EE5E-4CA7-4E97-ABFC-9E6C27C865C9.png,image/png,234599,message_attachment,conversations-004(1).json
6a26bb4d-d378-83ea-9c90-bf0ebfce41fe,Branch · Branch · Creative writing options,2026-06-08T12:53:39.081550+00:00,c6c82bb4-dc31-45ba-810d-78293a56b905,2026-04-04T03:58:22.260501+00:00,user,file_00000000c70471f883e0d9a4d6fed442,file_00000000c70471f883e0d9a4d6fed442.dat,647C05A6-EBFD-46A4-8AC1-EEF134555566.jpeg,image/jpeg,348229,message_attachment,conversations-004(1).json
6a26bb4d-d378-83ea-9c90-bf0ebfce41fe,Branch · Branch · Creative writing options,2026-06-08T12:53:39.081550+00:00,cc7cbb13-d311-4ba9-8896-b2258ac5e113,2026-01-26T16:55:08.793727+00:00,user,file_00000000d80c722fbd35416505944cb6,file_00000000d80c722fbd35416505944cb6.dat,58BABE1C-410B-424B-865C-134E0683D673.jpeg,image/jpeg,340318,message_attachment,conversations-004(1).json
6a26bb4d-d378-83ea-9c90-bf0ebfce41fe,Branch · Branch · Creative writing options,2026-06-08T12:53:39.081550+00:00,dc54a77e-aabd-4e7b-84ed-a573d8f08f79,2026-02-01T03:04:46.906368+00:00,user,file_00000000de6c722f95a1dc9404ac1076,file_00000000de6c722f95a1dc9404ac1076.dat,895BC7AD-5C20-49D1-AB8F-A55645FD22C8.jpeg,image/jpeg,105113,message_attachment,conversations-004(1).json
6a26bb4d-d378-83ea-9c90-bf0ebfce41fe,Branch · Branch · Creative writing options,2026-06-08T12:53:39.081550+00:00,e0c6180b-ce64-45a2-92cd-6797a7381d05,2026-04-02T19:03:12.699000+00:00,user,file-BE5rhP73uoUcVRMkNncYa4,file-BE5rhP73uoUcVRMkNncYa4.dat,WET_Project_1.mp4,video/mp4,77295014,local,conversations-004(1).json
6a26bb4d-d378-83ea-9c90-bf0ebfce41fe,Branch · Branch · Creative writing options,2026-06-08T12:53:39.081550+00:00,e3a06c43-3edb-4e04-b00f-e2cf340e26fb,2026-01-25T19:59:18.916913+00:00,user,file_00000000425c722fba20222c0f8a3140,file_00000000425c722fba20222c0f8a3140.dat,BD515075-FBCC-489E-9302-8936A4CABB43.jpeg,image/jpeg,560480,message_attachment,conversations-004(1).json
6a26bb4d-d378-83ea-9c90-bf0ebfce41fe,Branch · Branch · Creative writing options,2026-06-08T12:53:39.081550+00:00,e7fb892e-456b-467d-9e95-21930ded2cb6,2026-01-26T23:28:31.448519+00:00,user,file_000000000b9c722fb8b03e5c35de5196,file_000000000b9c722fb8b03e5c35de5196.dat,48896F16-02E7-404B-B2F9-8C28E450DF68.jpeg,image/jpeg,347137,message_attachment,conversations-004(1).json
6a26bb4d-d378-83ea-9c90-bf0ebfce41fe,Branch · Branch · Creative writing options,2026-06-08T12:53:39.081550+00:00,e9d26b60-6d6a-4535-923b-8e499fc1656a,2026-02-16T18:24:24.317750+00:00,assistant,file_00000000ba68722fa89340150d451997,file_00000000ba68722fa89340150d451997.dat,6939d6a0-c024-8333-bd11-7146ed4dfdba/audio/227fbe8c-a42a-461f-a92f-beea3c98628d.wav,,756078,content_asset_pointer,conversations-004(1).json
6a2bda14-63d0-83ea-a966-b4cbbdc68709,Branch · RTX 4000 Ada Testing,2026-06-12T10:06:17.618105+00:00,03fadb17-584a-407b-bd71-331b035057d9,2026-05-31T23:07:03.556997+00:00,user,file_000000008b3c720cbe7d266b5a312e2e,file_000000008b3c720cbe7d266b5a312e2e.dat,83F62FE6-9C3D-45AF-9B2A-91151C742EC8.jpeg,image/jpeg,446690,message_attachment,conversations-004(1).json
6a2bda14-63d0-83ea-a966-b4cbbdc68709,Branch · RTX 4000 Ada Testing,2026-06-12T10:06:17.618105+00:00,03fadb17-584a-407b-bd71-331b035057d9,2026-05-31T23:07:03.556997+00:00,user,file_00000000e50071f791fc82f0ddf7c99a,file_00000000e50071f791fc82f0ddf7c99a.dat,EB7EE207-BE9E-4C6D-AB8D-8AAFEAE708ED.jpeg,image/jpeg,410669,message_attachment,conversations-004(1).json
6a320588-8108-83ea-a3b6-2fd8dc8b07ac,Branch · Branch · Branch · Creative writing options,2026-06-17T02:25:17.159573+00:00,00c4aff7-3788-413e-92a3-063c3d9b8134,2026-04-13T18:09:09.387935+00:00,user,file_00000000962c71fd9f1bc5cf175ea7e0,file_00000000962c71fd9f1bc5cf175ea7e0.dat,FF7890B7-84AC-4F2F-912C-47CE896AD29B.jpeg,image/jpeg,811285,message_attachment,conversations-004(1).json
6a320588-8108-83ea-a3b6-2fd8dc8b07ac,Branch · Branch · Branch · Creative writing options,2026-06-17T02:25:17.159573+00:00,03a5263e-c5a9-4ec4-804c-f732246b6d24,2026-04-02T19:04:05.451000+00:00,user,file-LHE698rJkENdHy9VEF5Fyt,file-LHE698rJkENdHy9VEF5Fyt.dat,WET_Project_1.mp4,video/mp4,77295014,local,conversations-004(1).json
6a320588-8108-83ea-a3b6-2fd8dc8b07ac,Branch · Branch · Branch · Creative writing options,2026-06-17T02:25:17.159573+00:00,0e0c474c-eaa5-4899-a675-6b86c9912406,2026-01-19T17:00:52.704502+00:00,user,file_00000000f6a071f5b5eef5c74073fd29,file_00000000f6a071f5b5eef5c74073fd29.dat,7465F9D2-FDA1-42A9-8B20-CC718A6C29E8.jpeg,image/jpeg,300187,message_attachment,conversations-004(1).json
6a320588-8108-83ea-a3b6-2fd8dc8b07ac,Branch · Branch · Branch · Creative writing options,2026-06-17T02:25:17.159573+00:00,11d5da88-87f9-49a0-b3d1-75f44aa4e798,2026-01-24T02:27:04.103512+00:00,user,file_000000006a3071fdac06d6e2e728b412,file_000000006a3071fdac06d6e2e728b412.dat,2EF3538F-7758-4681-BC62-804835870BA9.jpeg,image/jpeg,547774,message_attachment,conversations-004(1).json
6a320588-8108-83ea-a3b6-2fd8dc8b07ac,Branch · Branch · Branch · Creative writing options,2026-06-17T02:25:17.159573+00:00,21345281-80ce-4a5d-acf8-45af8c74da4c,2026-02-16T18:14:26.042161+00:00,assistant,file_00000000ccd471f5af83705b4d2b5fe3,file_00000000ccd471f5af83705b4d2b5fe3.dat,6939d6a0-c024-8333-bd11-7146ed4dfdba/audio/db862f8d-4001-49b7-8b46-bcae48af2e35.wav,,696078,content_asset_pointer,conversations-004(1).json
6a320588-8108-83ea-a3b6-2fd8dc8b07ac,Branch · Branch · Branch · Creative writing options,2026-06-17T02:25:17.159573+00:00,2343d200-db2b-40de-8460-7d5f2000b738,2026-03-04T03:46:24.920668+00:00,user,file_000000000ae4722f8cad7971b3a7dc30,file_000000000ae4722f8cad7971b3a7dc30.dat,A35EE3BE-5D9D-4D53-81A6-961F4AF85660.jpeg,image/png,799908,message_attachment,conversations-004(1).json
6a320588-8108-83ea-a3b6-2fd8dc8b07ac,Branch · Branch · Branch · Creative writing options,2026-06-17T02:25:17.159573+00:00,2343d200-db2b-40de-8460-7d5f2000b738,2026-03-04T03:46:24.920668+00:00,user,file_00000000fc68722f94e584f244a0a0a5,file_00000000fc68722f94e584f244a0a0a5.dat,C9FAD104-BCFE-4B71-8D86-B4257E1478A4.jpeg,image/png,578781,message_attachment,conversations-004(1).json
6a320588-8108-83ea-a3b6-2fd8dc8b07ac,Branch · Branch · Branch · Creative writing options,2026-06-17T02:25:17.159573+00:00,2435b3a1-527e-40b3-958f-e7f3f6b5948d,2026-02-16T18:14:03.995144+00:00,assistant,file_000000008ba8722f9806d5c9b388bc05,file_000000008ba8722f9806d5c9b388bc05.dat,6939d6a0-c024-8333-bd11-7146ed4dfdba/audio/f186178c-2b06-4f4c-99e3-c7b96598f83c.wav,,2068878,content_asset_pointer,conversations-004(1).json
6a320588-8108-83ea-a3b6-2fd8dc8b07ac,Branch · Branch · Branch · Creative writing options,2026-06-17T02:25:17.159573+00:00,32421ff9-9eaf-4582-b978-4fcfa15b7d2b,2025-12-11T02:02:03.416066+00:00,user,file_000000000af071fd8d2d084df72df478,file_000000000af071fd8d2d084df72df478.dat,F08BCC33-F8EA-4480-810C-C9687E445F25.jpeg,image/jpeg,168238,message_attachment,conversations-004(1).json
6a320588-8108-83ea-a3b6-2fd8dc8b07ac,Branch · Branch · Branch · Creative writing options,2026-06-17T02:25:17.159573+00:00,32ac7e70-e815-486a-a621-3a120dbfd8be,2026-04-13T15:16:36.714511+00:00,user,file_00000000e70471fd8994d90adce47bae,file_00000000e70471fd8994d90adce47bae.dat,AFBFC9F6-C63B-4143-AA1B-66D7BCEFC9A4.jpeg,image/jpeg,563138,message_attachment,conversations-004(1).json
6a320588-8108-83ea-a3b6-2fd8dc8b07ac,Branch · Branch · Branch · Creative writing options,2026-06-17T02:25:17.159573+00:00,331394ea-b1bc-4577-8fbd-9f890002fdb9,2026-06-08T21:00:19.716286+00:00,user,file_000000003a0c722f944b6fbf11ad75ce,file_000000003a0c722f944b6fbf11ad75ce.dat,0A24FAA1-9A9B-40E0-BBAA-0276DF3EFAAC.jpeg,image/jpeg,436382,message_attachment,conversations-004(1).json
6a320588-8108-83ea-a3b6-2fd8dc8b07ac,Branch · Branch · Branch · Creative writing options,2026-06-17T02:25:17.159573+00:00,3528ccc9-05f1-4f63-aaf3-94f8212afb89,2026-01-25T22:59:43.054775+00:00,user,file_00000000abbc722f86e1462b82cfdb5b,file_00000000abbc722f86e1462b82cfdb5b.dat,BDFCD084-70FB-46CB-A467-9B54879E8237.jpeg,image/jpeg,315539,message_attachment,conversations-004(1).json
6a320588-8108-83ea-a3b6-2fd8dc8b07ac,Branch · Branch · Branch · Creative writing options,2026-06-17T02:25:17.159573+00:00,36662ef3-b19f-4b55-8c9b-75777e5d6fc6,2026-02-16T18:24:37.256789+00:00,assistant,file_000000004254722f9cfdd78c608543ae,file_000000004254722f9cfdd78c608543ae.dat,6939d6a0-c024-8333-bd11-7146ed4dfdba/audio/80fbfb70-b274-4542-869b-3696fe7a54c6.wav,,393678,content_asset_pointer,conversations-004(1).json
6a320588-8108-83ea-a3b6-2fd8dc8b07ac,Branch · Branch · Branch · Creative writing options,2026-06-17T02:25:17.159573+00:00,375d886f-6063-4360-92d8-169344421bae,2025-12-13T02:15:37.671527+00:00,user,file_00000000ff90722fb64c4e51bbdf3e2f,file_00000000ff90722fb64c4e51bbdf3e2f.dat,AFFE40BD-D68A-443B-87AF-0B149027DC36.jpeg,image/jpeg,793971,message_attachment,conversations-004(1).json
6a320588-8108-83ea-a3b6-2fd8dc8b07ac,Branch · Branch · Branch · Creative writing options,2026-06-17T02:25:17.159573+00:00,3f2bba15-a724-4f4f-9e2b-5194f633dd86,2026-02-16T18:21:04.434943+00:00,assistant,file_00000000b66471f5882c514feea40c3e,file_00000000b66471f5882c514feea40c3e.dat,6939d6a0-c024-8333-bd11-7146ed4dfdba/audio/034347cb-f35b-4f6a-ae53-db57ac8f41ae.wav,,391278,content_asset_pointer,conversations-004(1).json
6a320588-8108-83ea-a3b6-2fd8dc8b07ac,Branch · Branch · Branch · Creative writing options,2026-06-17T02:25:17.159573+00:00,49eb25c1-93bf-47ba-b44e-19d8807213a1,2026-01-25T20:08:07.779892+00:00,user,file_00000000587471f5b27e3bb0d62a3d9d,file_00000000587471f5b27e3bb0d62a3d9d.dat,AB55690E-4FE2-4A10-930B-F44BC59F8924.jpeg,image/jpeg,658939,message_attachment,conversations-004(1).json
6a320588-8108-83ea-a3b6-2fd8dc8b07ac,Branch · Branch · Branch · Creative writing options,2026-06-17T02:25:17.159573+00:00,77fa9676-95a5-4426-91c9-7949d3e350c0,2026-04-03T02:42:27.236511+00:00,user,file_0000000069cc71f5ba12cc221009ee6d,file_0000000069cc71f5ba12cc221009ee6d.dat,3D8D0F69-78D6-45EF-A960-723C63C3DD38.jpeg,image/jpeg,607212,message_attachment,conversations-004(1).json
6a320588-8108-83ea-a3b6-2fd8dc8b07ac,Branch · Branch · Branch · Creative writing options,2026-06-17T02:25:17.159573+00:00,79eebea2-f95e-4abe-ab94-b77fde88d237,2026-01-31T02:56:05.595682+00:00,user,file_00000000060071fd8f5f7180b46ea829,file_00000000060071fd8f5f7180b46ea829.dat,17D6081D-F0E1-453E-BC46-D064D653E6BA.jpeg,image/jpeg,231599,message_attachment,conversations-004(1).json
6a320588-8108-83ea-a3b6-2fd8dc8b07ac,Branch · Branch · Branch · Creative writing options,2026-06-17T02:25:17.159573+00:00,888365e3-7058-4617-9a08-b7aa3cc91797,2026-01-25T17:06:29.135171+00:00,user,file_000000000bbc722fadcc8f5e481b674c,file_000000000bbc722fadcc8f5e481b674c.dat,8D152B54-2D57-46A7-9728-4B4C3B4A1B70.jpeg,image/jpeg,307124,message_attachment,conversations-004(1).json
6a320588-8108-83ea-a3b6-2fd8dc8b07ac,Branch · Branch · Branch · Creative writing options,2026-06-17T02:25:17.159573+00:00,9b6bb463-140e-43ef-a360-6b8f04ba2dab,2026-01-25T19:16:07.017834+00:00,user,file_00000000c5b8722f8cbd931cdefc672e,file_00000000c5b8722f8cbd931cdefc672e.dat,C40CA539-3888-43F9-9E27-049EEA823323.jpeg,image/jpeg,572123,message_attachment,conversations-004(1).json
6a320588-8108-83ea-a3b6-2fd8dc8b07ac,Branch · Branch · Branch · Creative writing options,2026-06-17T02:25:17.159573+00:00,9d37c0c1-c517-45b3-92f8-6842bded8ce8,2026-02-16T18:24:59.038156+00:00,assistant,file_000000002f1c71f598df454351bd20e8,file_000000002f1c71f598df454351bd20e8.dat,6939d6a0-c024-8333-bd11-7146ed4dfdba/audio/5cf4b51a-933a-4916-b13e-fd86c80fe29b.wav,,703278,content_asset_pointer,conversations-004(1).json
6a320588-8108-83ea-a3b6-2fd8dc8b07ac,Branch · Branch · Branch · Creative writing options,2026-06-17T02:25:17.159573+00:00,a11b0ba8-d315-4f01-be84-f97f0b2ab4cc,2026-06-08T17:16:35.636801+00:00,user,file_000000002ea8722fbcfc264720d02d9c,file_000000002ea8722fbcfc264720d02d9c.dat,7349EE5E-4CA7-4E97-ABFC-9E6C27C865C9.png,image/png,234599,message_attachment,conversations-004(1).json
6a320588-8108-83ea-a3b6-2fd8dc8b07ac,Branch · Branch · Branch · Creative writing options,2026-06-17T02:25:17.159573+00:00,a523bc6a-bfb6-48f4-90ff-754e5b1e981f,2026-04-24T13:01:41.934000+00:00,user,file_0000000002b071f7a75f2c16ba2a1c2e,file_0000000002b071f7a75f2c16ba2a1c2e.dat,8e8bb7c5-db48-4aa7-8f24-b7eb1ff35511.png,image/png,60002,local,conversations-004(1).json
6a320588-8108-83ea-a3b6-2fd8dc8b07ac,Branch · Branch · Branch · Creative writing options,2026-06-17T02:25:17.159573+00:00,ba01368e-58c9-4408-9e66-9b719b17563f,2026-04-02T15:40:53.378000+00:00,user,file_00000000fab871f58005ab6228724ed2,file_00000000fab871f58005ab6228724ed2.dat,bf869b3b-e6dc-4866-a9d4-a3886a654acd.png,image/png,675990,local,conversations-004(1).json
6a320588-8108-83ea-a3b6-2fd8dc8b07ac,Branch · Branch · Branch · Creative writing options,2026-06-17T02:25:17.159573+00:00,bbda7f0a-116a-4bf4-8c53-dd488f198436,2026-02-16T18:16:04.250825+00:00,assistant,file_000000009d6871f5acad2f004e4be282,file_000000009d6871f5acad2f004e4be282.dat,6939d6a0-c024-8333-bd11-7146ed4dfdba/audio/0c01ad13-7853-498c-a551-44ff3a2aeb16.wav,,1274478,content_asset_pointer,conversations-004(1).json
6a320588-8108-83ea-a3b6-2fd8dc8b07ac,Branch · Branch · Branch · Creative writing options,2026-06-17T02:25:17.159573+00:00,bc505936-90bf-4eba-bc9b-cef1f2940d87,2026-02-16T18:14:44.464747+00:00,assistant,file_0000000057cc722fb119ecfa1851abeb,file_0000000057cc722fb119ecfa1851abeb.dat,6939d6a0-c024-8333-bd11-7146ed4dfdba/audio/e9f2604a-f184-4c1c-a67a-311046c08007.wav,,446478,content_asset_pointer,conversations-004(1).json
6a320588-8108-83ea-a3b6-2fd8dc8b07ac,Branch · Branch · Branch · Creative writing options,2026-06-17T02:25:17.159573+00:00,bc73259d-4de5-4898-9e00-10787ee3a5ed,2026-01-25T21:13:33.906626+00:00,user,file_00000000b11871f898aecb9ec48a13ed,file_00000000b11871f898aecb9ec48a13ed.dat,64AC5561-4DCA-4C95-A1A1-F2CEB5E98CCF.jpeg,image/jpeg,312771,message_attachment,conversations-004(1).json
6a320588-8108-83ea-a3b6-2fd8dc8b07ac,Branch · Branch · Branch · Creative writing options,2026-06-17T02:25:17.159573+00:00,c39173b3-6b3c-4dae-abf1-1def69bc55bc,2026-06-08T17:14:04.252666+00:00,user,file_000000002ea8722fbcfc264720d02d9c,file_000000002ea8722fbcfc264720d02d9c.dat,7349EE5E-4CA7-4E97-ABFC-9E6C27C865C9.png,image/png,234599,message_attachment,conversations-004(1).json
6a320588-8108-83ea-a3b6-2fd8dc8b07ac,Branch · Branch · Branch · Creative writing options,2026-06-17T02:25:17.159573+00:00,c6c82bb4-dc31-45ba-810d-78293a56b905,2026-04-04T03:58:22.260501+00:00,user,file_00000000c70471f883e0d9a4d6fed442,file_00000000c70471f883e0d9a4d6fed442.dat,647C05A6-EBFD-46A4-8AC1-EEF134555566.jpeg,image/jpeg,348229,message_attachment,conversations-004(1).json
6a320588-8108-83ea-a3b6-2fd8dc8b07ac,Branch · Branch · Branch · Creative writing options,2026-06-17T02:25:17.159573+00:00,cc7cbb13-d311-4ba9-8896-b2258ac5e113,2026-01-26T16:55:08.793727+00:00,user,file_00000000d80c722fbd35416505944cb6,file_00000000d80c722fbd35416505944cb6.dat,58BABE1C-410B-424B-865C-134E0683D673.jpeg,image/jpeg,340318,message_attachment,conversations-004(1).json
6a320588-8108-83ea-a3b6-2fd8dc8b07ac,Branch · Branch · Branch · Creative writing options,2026-06-17T02:25:17.159573+00:00,dc54a77e-aabd-4e7b-84ed-a573d8f08f79,2026-02-01T03:04:46.906368+00:00,user,file_00000000de6c722f95a1dc9404ac1076,file_00000000de6c722f95a1dc9404ac1076.dat,895BC7AD-5C20-49D1-AB8F-A55645FD22C8.jpeg,image/jpeg,105113,message_attachment,conversations-004(1).json
6a320588-8108-83ea-a3b6-2fd8dc8b07ac,Branch · Branch · Branch · Creative writing options,2026-06-17T02:25:17.159573+00:00,e0c6180b-ce64-45a2-92cd-6797a7381d05,2026-04-02T19:03:12.699000+00:00,user,file-BE5rhP73uoUcVRMkNncYa4,file-BE5rhP73uoUcVRMkNncYa4.dat,WET_Project_1.mp4,video/mp4,77295014,local,conversations-004(1).json
6a320588-8108-83ea-a3b6-2fd8dc8b07ac,Branch · Branch · Branch · Creative writing options,2026-06-17T02:25:17.159573+00:00,e3a06c43-3edb-4e04-b00f-e2cf340e26fb,2026-01-25T19:59:18.916913+00:00,user,file_00000000425c722fba20222c0f8a3140,file_00000000425c722fba20222c0f8a3140.dat,BD515075-FBCC-489E-9302-8936A4CABB43.jpeg,image/jpeg,560480,message_attachment,conversations-004(1).json
6a320588-8108-83ea-a3b6-2fd8dc8b07ac,Branch · Branch · Branch · Creative writing options,2026-06-17T02:25:17.159573+00:00,e7fb892e-456b-467d-9e95-21930ded2cb6,2026-01-26T23:28:31.448519+00:00,user,file_000000000b9c722fb8b03e5c35de5196,file_000000000b9c722fb8b03e5c35de5196.dat,48896F16-02E7-404B-B2F9-8C28E450DF68.jpeg,image/jpeg,347137,message_attachment,conversations-004(1).json
6a320588-8108-83ea-a3b6-2fd8dc8b07ac,Branch · Branch · Branch · Creative writing options,2026-06-17T02:25:17.159573+00:00,e9d26b60-6d6a-4535-923b-8e499fc1656a,2026-02-16T18:24:24.317750+00:00,assistant,file_00000000ba68722fa89340150d451997,file_00000000ba68722fa89340150d451997.dat,6939d6a0-c024-8333-bd11-7146ed4dfdba/audio/227fbe8c-a42a-461f-a92f-beea3c98628d.wav,,756078,content_asset_pointer,conversations-004(1).json
6a320862-bb90-83ea-b2dd-2af851c9a742,Branch · Branch · Branch · Branch · Creative writing options,2026-06-17T02:37:30.343220+00:00,00c4aff7-3788-413e-92a3-063c3d9b8134,2026-04-13T18:09:09.387935+00:00,user,file_00000000962c71fd9f1bc5cf175ea7e0,file_00000000962c71fd9f1bc5cf175ea7e0.dat,FF7890B7-84AC-4F2F-912C-47CE896AD29B.jpeg,image/jpeg,811285,message_attachment,conversations-004(1).json
6a320862-bb90-83ea-b2dd-2af851c9a742,Branch · Branch · Branch · Branch · Creative writing options,2026-06-17T02:37:30.343220+00:00,03a5263e-c5a9-4ec4-804c-f732246b6d24,2026-04-02T19:04:05.451000+00:00,user,file-LHE698rJkENdHy9VEF5Fyt,file-LHE698rJkENdHy9VEF5Fyt.dat,WET_Project_1.mp4,video/mp4,77295014,local,conversations-004(1).json
6a320862-bb90-83ea-b2dd-2af851c9a742,Branch · Branch · Branch · Branch · Creative writing options,2026-06-17T02:37:30.343220+00:00,0e0c474c-eaa5-4899-a675-6b86c9912406,2026-01-19T17:00:52.704502+00:00,user,file_00000000f6a071f5b5eef5c74073fd29,file_00000000f6a071f5b5eef5c74073fd29.dat,7465F9D2-FDA1-42A9-8B20-CC718A6C29E8.jpeg,image/jpeg,300187,message_attachment,conversations-004(1).json
6a320862-bb90-83ea-b2dd-2af851c9a742,Branch · Branch · Branch · Branch · Creative writing options,2026-06-17T02:37:30.343220+00:00,11d5da88-87f9-49a0-b3d1-75f44aa4e798,2026-01-24T02:27:04.103512+00:00,user,file_000000006a3071fdac06d6e2e728b412,file_000000006a3071fdac06d6e2e728b412.dat,2EF3538F-7758-4681-BC62-804835870BA9.jpeg,image/jpeg,547774,message_attachment,conversations-004(1).json
6a320862-bb90-83ea-b2dd-2af851c9a742,Branch · Branch · Branch · Branch · Creative writing options,2026-06-17T02:37:30.343220+00:00,21345281-80ce-4a5d-acf8-45af8c74da4c,2026-02-16T18:14:26.042161+00:00,assistant,file_00000000ccd471f5af83705b4d2b5fe3,file_00000000ccd471f5af83705b4d2b5fe3.dat,6939d6a0-c024-8333-bd11-7146ed4dfdba/audio/db862f8d-4001-49b7-8b46-bcae48af2e35.wav,,696078,content_asset_pointer,conversations-004(1).json
6a320862-bb90-83ea-b2dd-2af851c9a742,Branch · Branch · Branch · Branch · Creative writing options,2026-06-17T02:37:30.343220+00:00,2343d200-db2b-40de-8460-7d5f2000b738,2026-03-04T03:46:24.920668+00:00,user,file_000000000ae4722f8cad7971b3a7dc30,file_000000000ae4722f8cad7971b3a7dc30.dat,A35EE3BE-5D9D-4D53-81A6-961F4AF85660.jpeg,image/png,799908,message_attachment,conversations-004(1).json
6a320862-bb90-83ea-b2dd-2af851c9a742,Branch · Branch · Branch · Branch · Creative writing options,2026-06-17T02:37:30.343220+00:00,2343d200-db2b-40de-8460-7d5f2000b738,2026-03-04T03:46:24.920668+00:00,user,file_00000000fc68722f94e584f244a0a0a5,file_00000000fc68722f94e584f244a0a0a5.dat,C9FAD104-BCFE-4B71-8D86-B4257E1478A4.jpeg,image/png,578781,message_attachment,conversations-004(1).json
6a320862-bb90-83ea-b2dd-2af851c9a742,Branch · Branch · Branch · Branch · Creative writing options,2026-06-17T02:37:30.343220+00:00,2435b3a1-527e-40b3-958f-e7f3f6b5948d,2026-02-16T18:14:03.995144+00:00,assistant,file_000000008ba8722f9806d5c9b388bc05,file_000000008ba8722f9806d5c9b388bc05.dat,6939d6a0-c024-8333-bd11-7146ed4dfdba/audio/f186178c-2b06-4f4c-99e3-c7b96598f83c.wav,,2068878,content_asset_pointer,conversations-004(1).json
6a320862-bb90-83ea-b2dd-2af851c9a742,Branch · Branch · Branch · Branch · Creative writing options,2026-06-17T02:37:30.343220+00:00,32421ff9-9eaf-4582-b978-4fcfa15b7d2b,2025-12-11T02:02:03.416066+00:00,user,file_000000000af071fd8d2d084df72df478,file_000000000af071fd8d2d084df72df478.dat,F08BCC33-F8EA-4480-810C-C9687E445F25.jpeg,image/jpeg,168238,message_attachment,conversations-004(1).json
6a320862-bb90-83ea-b2dd-2af851c9a742,Branch · Branch · Branch · Branch · Creative writing options,2026-06-17T02:37:30.343220+00:00,32ac7e70-e815-486a-a621-3a120dbfd8be,2026-04-13T15:16:36.714511+00:00,user,file_00000000e70471fd8994d90adce47bae,file_00000000e70471fd8994d90adce47bae.dat,AFBFC9F6-C63B-4143-AA1B-66D7BCEFC9A4.jpeg,image/jpeg,563138,message_attachment,conversations-004(1).json
6a320862-bb90-83ea-b2dd-2af851c9a742,Branch · Branch · Branch · Branch · Creative writing options,2026-06-17T02:37:30.343220+00:00,331394ea-b1bc-4577-8fbd-9f890002fdb9,2026-06-08T21:00:19.716286+00:00,user,file_000000003a0c722f944b6fbf11ad75ce,file_000000003a0c722f944b6fbf11ad75ce.dat,0A24FAA1-9A9B-40E0-BBAA-0276DF3EFAAC.jpeg,image/jpeg,436382,message_attachment,conversations-004(1).json
6a320862-bb90-83ea-b2dd-2af851c9a742,Branch · Branch · Branch · Branch · Creative writing options,2026-06-17T02:37:30.343220+00:00,3528ccc9-05f1-4f63-aaf3-94f8212afb89,2026-01-25T22:59:43.054775+00:00,user,file_00000000abbc722f86e1462b82cfdb5b,file_00000000abbc722f86e1462b82cfdb5b.dat,BDFCD084-70FB-46CB-A467-9B54879E8237.jpeg,image/jpeg,315539,message_attachment,conversations-004(1).json
6a320862-bb90-83ea-b2dd-2af851c9a742,Branch · Branch · Branch · Branch · Creative writing options,2026-06-17T02:37:30.343220+00:00,36662ef3-b19f-4b55-8c9b-75777e5d6fc6,2026-02-16T18:24:37.256789+00:00,assistant,file_000000004254722f9cfdd78c608543ae,file_000000004254722f9cfdd78c608543ae.dat,6939d6a0-c024-8333-bd11-7146ed4dfdba/audio/80fbfb70-b274-4542-869b-3696fe7a54c6.wav,,393678,content_asset_pointer,conversations-004(1).json
6a320862-bb90-83ea-b2dd-2af851c9a742,Branch · Branch · Branch · Branch · Creative writing options,2026-06-17T02:37:30.343220+00:00,375d886f-6063-4360-92d8-169344421bae,2025-12-13T02:15:37.671527+00:00,user,file_00000000ff90722fb64c4e51bbdf3e2f,file_00000000ff90722fb64c4e51bbdf3e2f.dat,AFFE40BD-D68A-443B-87AF-0B149027DC36.jpeg,image/jpeg,793971,message_attachment,conversations-004(1).json
6a320862-bb90-83ea-b2dd-2af851c9a742,Branch · Branch · Branch · Branch · Creative writing options,2026-06-17T02:37:30.343220+00:00,3f2bba15-a724-4f4f-9e2b-5194f633dd86,2026-02-16T18:21:04.434943+00:00,assistant,file_00000000b66471f5882c514feea40c3e,file_00000000b66471f5882c514feea40c3e.dat,6939d6a0-c024-8333-bd11-7146ed4dfdba/audio/034347cb-f35b-4f6a-ae53-db57ac8f41ae.wav,,391278,content_asset_pointer,conversations-004(1).json
6a320862-bb90-83ea-b2dd-2af851c9a742,Branch · Branch · Branch · Branch · Creative writing options,2026-06-17T02:37:30.343220+00:00,49eb25c1-93bf-47ba-b44e-19d8807213a1,2026-01-25T20:08:07.779892+00:00,user,file_00000000587471f5b27e3bb0d62a3d9d,file_00000000587471f5b27e3bb0d62a3d9d.dat,AB55690E-4FE2-4A10-930B-F44BC59F8924.jpeg,image/jpeg,658939,message_attachment,conversations-004(1).json
6a320862-bb90-83ea-b2dd-2af851c9a742,Branch · Branch · Branch · Branch · Creative writing options,2026-06-17T02:37:30.343220+00:00,77fa9676-95a5-4426-91c9-7949d3e350c0,2026-04-03T02:42:27.236511+00:00,user,file_0000000069cc71f5ba12cc221009ee6d,file_0000000069cc71f5ba12cc221009ee6d.dat,3D8D0F69-78D6-45EF-A960-723C63C3DD38.jpeg,image/jpeg,607212,message_attachment,conversations-004(1).json
6a320862-bb90-83ea-b2dd-2af851c9a742,Branch · Branch · Branch · Branch · Creative writing options,2026-06-17T02:37:30.343220+00:00,79eebea2-f95e-4abe-ab94-b77fde88d237,2026-01-31T02:56:05.595682+00:00,user,file_00000000060071fd8f5f7180b46ea829,file_00000000060071fd8f5f7180b46ea829.dat,17D6081D-F0E1-453E-BC46-D064D653E6BA.jpeg,image/jpeg,231599,message_attachment,conversations-004(1).json
6a320862-bb90-83ea-b2dd-2af851c9a742,Branch · Branch · Branch · Branch · Creative writing options,2026-06-17T02:37:30.343220+00:00,888365e3-7058-4617-9a08-b7aa3cc91797,2026-01-25T17:06:29.135171+00:00,user,file_000000000bbc722fadcc8f5e481b674c,file_000000000bbc722fadcc8f5e481b674c.dat,8D152B54-2D57-46A7-9728-4B4C3B4A1B70.jpeg,image/jpeg,307124,message_attachment,conversations-004(1).json
6a320862-bb90-83ea-b2dd-2af851c9a742,Branch · Branch · Branch · Branch · Creative writing options,2026-06-17T02:37:30.343220+00:00,9b6bb463-140e-43ef-a360-6b8f04ba2dab,2026-01-25T19:16:07.017834+00:00,user,file_00000000c5b8722f8cbd931cdefc672e,file_00000000c5b8722f8cbd931cdefc672e.dat,C40CA539-3888-43F9-9E27-049EEA823323.jpeg,image/jpeg,572123,message_attachment,conversations-004(1).json
6a320862-bb90-83ea-b2dd-2af851c9a742,Branch · Branch · Branch · Branch · Creative writing options,2026-06-17T02:37:30.343220+00:00,9d37c0c1-c517-45b3-92f8-6842bded8ce8,2026-02-16T18:24:59.038156+00:00,assistant,file_000000002f1c71f598df454351bd20e8,file_000000002f1c71f598df454351bd20e8.dat,6939d6a0-c024-8333-bd11-7146ed4dfdba/audio/5cf4b51a-933a-4916-b13e-fd86c80fe29b.wav,,703278,content_asset_pointer,conversations-004(1).json
6a320862-bb90-83ea-b2dd-2af851c9a742,Branch · Branch · Branch · Branch · Creative writing options,2026-06-17T02:37:30.343220+00:00,a11b0ba8-d315-4f01-be84-f97f0b2ab4cc,2026-06-08T17:16:35.636801+00:00,user,file_000000002ea8722fbcfc264720d02d9c,file_000000002ea8722fbcfc264720d02d9c.dat,7349EE5E-4CA7-4E97-ABFC-9E6C27C865C9.png,image/png,234599,message_attachment,conversations-004(1).json
6a320862-bb90-83ea-b2dd-2af851c9a742,Branch · Branch · Branch · Branch · Creative writing options,2026-06-17T02:37:30.343220+00:00,a523bc6a-bfb6-48f4-90ff-754e5b1e981f,2026-04-24T13:01:41.934000+00:00,user,file_0000000002b071f7a75f2c16ba2a1c2e,file_0000000002b071f7a75f2c16ba2a1c2e.dat,8e8bb7c5-db48-4aa7-8f24-b7eb1ff35511.png,image/png,60002,local,conversations-004(1).json
6a320862-bb90-83ea-b2dd-2af851c9a742,Branch · Branch · Branch · Branch · Creative writing options,2026-06-17T02:37:30.343220+00:00,ba01368e-58c9-4408-9e66-9b719b17563f,2026-04-02T15:40:53.378000+00:00,user,file_00000000fab871f58005ab6228724ed2,file_00000000fab871f58005ab6228724ed2.dat,bf869b3b-e6dc-4866-a9d4-a3886a654acd.png,image/png,675990,local,conversations-004(1).json
6a320862-bb90-83ea-b2dd-2af851c9a742,Branch · Branch · Branch · Branch · Creative writing options,2026-06-17T02:37:30.343220+00:00,bbda7f0a-116a-4bf4-8c53-dd488f198436,2026-02-16T18:16:04.250825+00:00,assistant,file_000000009d6871f5acad2f004e4be282,file_000000009d6871f5acad2f004e4be282.dat,6939d6a0-c024-8333-bd11-7146ed4dfdba/audio/0c01ad13-7853-498c-a551-44ff3a2aeb16.wav,,1274478,content_asset_pointer,conversations-004(1).json
6a320862-bb90-83ea-b2dd-2af851c9a742,Branch · Branch · Branch · Branch · Creative writing options,2026-06-17T02:37:30.343220+00:00,bc505936-90bf-4eba-bc9b-cef1f2940d87,2026-02-16T18:14:44.464747+00:00,assistant,file_0000000057cc722fb119ecfa1851abeb,file_0000000057cc722fb119ecfa1851abeb.dat,6939d6a0-c024-8333-bd11-7146ed4dfdba/audio/e9f2604a-f184-4c1c-a67a-311046c08007.wav,,446478,content_asset_pointer,conversations-004(1).json
6a320862-bb90-83ea-b2dd-2af851c9a742,Branch · Branch · Branch · Branch · Creative writing options,2026-06-17T02:37:30.343220+00:00,bc73259d-4de5-4898-9e00-10787ee3a5ed,2026-01-25T21:13:33.906626+00:00,user,file_00000000b11871f898aecb9ec48a13ed,file_00000000b11871f898aecb9ec48a13ed.dat,64AC5561-4DCA-4C95-A1A1-F2CEB5E98CCF.jpeg,image/jpeg,312771,message_attachment,conversations-004(1).json
6a320862-bb90-83ea-b2dd-2af851c9a742,Branch · Branch · Branch · Branch · Creative writing options,2026-06-17T02:37:30.343220+00:00,c39173b3-6b3c-4dae-abf1-1def69bc55bc,2026-06-08T17:14:04.252666+00:00,user,file_000000002ea8722fbcfc264720d02d9c,file_000000002ea8722fbcfc264720d02d9c.dat,7349EE5E-4CA7-4E97-ABFC-9E6C27C865C9.png,image/png,234599,message_attachment,conversations-004(1).json
6a320862-bb90-83ea-b2dd-2af851c9a742,Branch · Branch · Branch · Branch · Creative writing options,2026-06-17T02:37:30.343220+00:00,c6c82bb4-dc31-45ba-810d-78293a56b905,2026-04-04T03:58:22.260501+00:00,user,file_00000000c70471f883e0d9a4d6fed442,file_00000000c70471f883e0d9a4d6fed442.dat,647C05A6-EBFD-46A4-8AC1-EEF134555566.jpeg,image/jpeg,348229,message_attachment,conversations-004(1).json
6a320862-bb90-83ea-b2dd-2af851c9a742,Branch · Branch · Branch · Branch · Creative writing options,2026-06-17T02:37:30.343220+00:00,cc7cbb13-d311-4ba9-8896-b2258ac5e113,2026-01-26T16:55:08.793727+00:00,user,file_00000000d80c722fbd35416505944cb6,file_00000000d80c722fbd35416505944cb6.dat,58BABE1C-410B-424B-865C-134E0683D673.jpeg,image/jpeg,340318,message_attachment,conversations-004(1).json
6a320862-bb90-83ea-b2dd-2af851c9a742,Branch · Branch · Branch · Branch · Creative writing options,2026-06-17T02:37:30.343220+00:00,dc54a77e-aabd-4e7b-84ed-a573d8f08f79,2026-02-01T03:04:46.906368+00:00,user,file_00000000de6c722f95a1dc9404ac1076,file_00000000de6c722f95a1dc9404ac1076.dat,895BC7AD-5C20-49D1-AB8F-A55645FD22C8.jpeg,image/jpeg,105113,message_attachment,conversations-004(1).json
6a320862-bb90-83ea-b2dd-2af851c9a742,Branch · Branch · Branch · Branch · Creative writing options,2026-06-17T02:37:30.343220+00:00,e0c6180b-ce64-45a2-92cd-6797a7381d05,2026-04-02T19:03:12.699000+00:00,user,file-BE5rhP73uoUcVRMkNncYa4,file-BE5rhP73uoUcVRMkNncYa4.dat,WET_Project_1.mp4,video/mp4,77295014,local,conversations-004(1).json
6a320862-bb90-83ea-b2dd-2af851c9a742,Branch · Branch · Branch · Branch · Creative writing options,2026-06-17T02:37:30.343220+00:00,e3a06c43-3edb-4e04-b00f-e2cf340e26fb,2026-01-25T19:59:18.916913+00:00,user,file_00000000425c722fba20222c0f8a3140,file_00000000425c722fba20222c0f8a3140.dat,BD515075-FBCC-489E-9302-8936A4CABB43.jpeg,image/jpeg,560480,message_attachment,conversations-004(1).json
6a320862-bb90-83ea-b2dd-2af851c9a742,Branch · Branch · Branch · Branch · Creative writing options,2026-06-17T02:37:30.343220+00:00,e7fb892e-456b-467d-9e95-21930ded2cb6,2026-01-26T23:28:31.448519+00:00,user,file_000000000b9c722fb8b03e5c35de5196,file_000000000b9c722fb8b03e5c35de5196.dat,48896F16-02E7-404B-B2F9-8C28E450DF68.jpeg,image/jpeg,347137,message_attachment,conversations-004(1).json
6a320862-bb90-83ea-b2dd-2af851c9a742,Branch · Branch · Branch · Branch · Creative writing options,2026-06-17T02:37:30.343220+00:00,e9d26b60-6d6a-4535-923b-8e499fc1656a,2026-02-16T18:24:24.317750+00:00,assistant,file_00000000ba68722fa89340150d451997,file_00000000ba68722fa89340150d451997.dat,6939d6a0-c024-8333-bd11-7146ed4dfdba/audio/227fbe8c-a42a-461f-a92f-beea3c98628d.wav,,756078,content_asset_pointer,conversations-004(1).json
6a3299fd-99a4-83ea-bb01-5a1f8114c582,Branch · Local TAP Drive Setup,2026-06-17T12:58:40.631310+00:00,079f08f2-3262-46ae-a280-c1bc2357cd38,2026-05-05T01:56:11.966253+00:00,assistant,file_000000004e2471f6a2a54641762df8ec,file_000000004e2471f6a2a54641762df8ec.dat,Network chuck__OPENCLAW.txt,,,my_files,conversations-004(1).json
6a3299fd-99a4-83ea-bb01-5a1f8114c582,Branch · Local TAP Drive Setup,2026-06-17T12:58:40.631310+00:00,92887cf0-cbdf-4307-859a-56edcc611dbf,2026-05-05T10:05:43.128977+00:00,assistant,SMtMHZDAzQlG2wit,SMtMHZDAzQlG2wit.dat,Behave,,,content_reference,conversations-004(1).json
6a3299fd-99a4-83ea-bb01-5a1f8114c582,Branch · Local TAP Drive Setup,2026-06-17T12:58:40.631310+00:00,9dd2eacc-d524-4b9c-9b82-23b0ff06a7c2,2026-05-10T00:32:13.076000+00:00,user,file_0000000035b871f58c5e2ae586053dec,file_0000000035b871f58c5e2ae586053dec.dat,Pasted text.txt,,8577,local,conversations-004(1).json
6a3299fd-99a4-83ea-bb01-5a1f8114c582,Branch · Local TAP Drive Setup,2026-06-17T12:58:40.631310+00:00,fa216efe-03c2-4727-b3b5-4969bb9809f8,2026-05-10T00:32:14.947182+00:00,assistant,file_0000000035b871f58c5e2ae586053dec,file_0000000035b871f58c5e2ae586053dec.dat,Pasted text.txt,,,my_files,conversations-004(1).json
6a385d79-eed0-83ea-864e-68c14f8bdf9d,Server Performance Comparison,2026-06-21T21:56:17.669560+00:00,c4d391fc-878c-4daf-9902-2de260212fd0,2026-06-21T21:56:16.520773+00:00,user,file_00000000321871f5900459a6fca9b6fd,file_00000000321871f5900459a6fca9b6fd.dat,97D38CF8-8FCE-46E3-9B69-8EE294F0C728.jpeg,image/jpeg,533285,message_attachment,conversations-004(1).json
6a387924-2464-83ea-9f05-31a3c07a0988,Shirt Design Mockup,2026-06-21T23:53:06.609763+00:00,8f35a98e-dcd5-4f78-aeb6-6825709cbc0e,2026-06-21T23:53:05.603552+00:00,user,file_00000000589471f59bebd23c8a7d3a96,file_00000000589471f59bebd23c8a7d3a96.dat,23A0D86D-8E66-4B95-91A1-1B6083300D7B.jpeg,image/jpeg,416164,message_attachment,conversations-004(1).json
6a387924-2464-83ea-9f05-31a3c07a0988,Shirt Design Mockup,2026-06-21T23:53:06.609763+00:00,8f35a98e-dcd5-4f78-aeb6-6825709cbc0e,2026-06-21T23:53:05.603552+00:00,user,file_0000000040a871f59caa32ad6000ed30,file_0000000040a871f59caa32ad6000ed30.dat,09379A47-10DE-433A-9106-88D89BCD091A.jpeg,image/jpeg,479085,message_attachment,conversations-004(1).json
6a387a25-daac-83ea-8ebf-5a92ba84683d,3D Ankylosaurus Character Design,2026-06-21T23:58:29.420749+00:00,61783e9a-9ce1-4a46-8343-17a8f3cefc42,2026-06-22T00:22:24.944490+00:00,user,file_00000000317471f58961ebb2853fda47,file_00000000317471f58961ebb2853fda47.dat,DEA6913B-FC83-4563-82C9-15C2632D5D46.jpeg,image/jpeg,324294,message_attachment,conversations-004(1).json
6a3b265f-24e4-83ea-b6b3-82cc5ba5df0a,Scheduling Next Week,2026-06-24T00:36:11.251293+00:00,2129fa74-8a37-4595-b69e-fe40b6b428ab,2026-07-01T15:55:56.453313+00:00,assistant,0b0,0b0.dat,Maudslay State Park,,,content_reference,conversations-004(1).json
6a3b265f-24e4-83ea-b6b3-82cc5ba5df0a,Scheduling Next Week,2026-06-24T00:36:11.251293+00:00,2129fa74-8a37-4595-b69e-fe40b6b428ab,2026-07-01T15:55:56.453313+00:00,assistant,0b10,0b10.dat,Old Eastern Marsh Trail,,,content_reference,conversations-004(1).json
6a3b265f-24e4-83ea-b6b3-82cc5ba5df0a,Scheduling Next Week,2026-06-24T00:36:11.251293+00:00,d0ebec97-a978-4ebd-8b8f-8972f270c248,2026-07-01T20:01:39.358323+00:00,assistant,0b0,0b0.dat,Old Eastern Marsh Trail,,,content_reference,conversations-004(1).json
6a3b265f-24e4-83ea-b6b3-82cc5ba5df0a,Scheduling Next Week,2026-06-24T00:36:11.251293+00:00,d0ebec97-a978-4ebd-8b8f-8972f270c248,2026-07-01T20:01:39.358323+00:00,assistant,0b1,0b1.dat,Maudslay State Park,,,content_reference,conversations-004(1).json
6a3b265f-24e4-83ea-b6b3-82cc5ba5df0a,Scheduling Next Week,2026-06-24T00:36:11.251293+00:00,d0ebec97-a978-4ebd-8b8f-8972f270c248,2026-07-01T20:01:39.358323+00:00,assistant,0b17,0b17.dat,Waterfront Promenade Park,,,content_reference,conversations-004(1).json
6a3b265f-24e4-83ea-b6b3-82cc5ba5df0a,Scheduling Next Week,2026-06-24T00:36:11.251293+00:00,d0ebec97-a978-4ebd-8b8f-8972f270c248,2026-07-01T20:01:39.358323+00:00,assistant,0b11,0b11.dat,Newburyport Waterfront,,,content_reference,conversations-004(1).json
6a3b265f-24e4-83ea-b6b3-82cc5ba5df0a,Scheduling Next Week,2026-06-24T00:36:11.251293+00:00,f84f7ea5-ee61-439e-9572-d45ba4beaed7,2026-07-02T02:45:14.012998+00:00,user,file_00000000491871f7b74dcaf68d1a0af7,file_00000000491871f7b74dcaf68d1a0af7.dat,328B380B-0A5C-4DA2-861E-F6EB3B50DDE9.jpeg,image/jpeg,478941,message_attachment,conversations-004(1).json
6a3b29b7-91b8-83ea-ab02-7805049a54de,3D Model Creation Prompt,2026-06-24T00:50:02.325853+00:00,1014f3a7-ae23-4f6f-911d-b55ff2b8e311,2026-06-24T10:36:44.235000+00:00,user,file_0000000035d4722fad8945010ea75a73,file_0000000035d4722fad8945010ea75a73.dat,Dino-purpose fix-2.png,image/png,310704,local,conversations-004(1).json
6a3b29b7-91b8-83ea-ab02-7805049a54de,3D Model Creation Prompt,2026-06-24T00:50:02.325853+00:00,1014f3a7-ae23-4f6f-911d-b55ff2b8e311,2026-06-24T10:36:44.235000+00:00,user,file_00000000168c722fabb82d2359365296,file_00000000168c722fabb82d2359365296.dat,Dino-purpose fix-reference.png,image/png,67003,local,conversations-004(1).json
6a3b29b7-91b8-83ea-ab02-7805049a54de,3D Model Creation Prompt,2026-06-24T00:50:02.325853+00:00,1c712d66-13f5-413a-a03e-5299bd0e796d,2026-06-24T21:46:45.594000+00:00,user,file_000000001874722f898fd6af96cad1b2,file_000000001874722f898fd6af96cad1b2.dat,b8996fac-765a-4963-8597-9966eaf84129.png,image/png,521402,local,conversations-004(1).json
6a3b29b7-91b8-83ea-ab02-7805049a54de,3D Model Creation Prompt,2026-06-24T00:50:02.325853+00:00,1fea5488-a464-4e3f-9490-9be105e076be,2026-06-24T00:50:01.254028+00:00,user,file_00000000d2f871f5afb4d4dd9075f63d,file_00000000d2f871f5afb4d4dd9075f63d.dat,9ED63C60-981C-4734-BCB1-51FF41DD502B.png,image/png,486797,message_attachment,conversations-004(1).json
6a3c66c1-d5c0-83ea-a033-4a87c5ae30f0,Branch · Optmizing,2026-06-24T23:22:44.610910+00:00,031a9af0-e245-4327-9baf-a6bfabe641d6,2026-06-17T22:57:43.980899+00:00,user,file_00000000aa1c71f58320f5a6dc268cbd,file_00000000aa1c71f58320f5a6dc268cbd.dat,IMG_C39146D2-EE2B-40AB-AD10-62A84381E62B.jpeg,image/jpeg,682707,message_attachment,conversations-004(1).json
6a3c66c1-d5c0-83ea-a033-4a87c5ae30f0,Branch · Optmizing,2026-06-24T23:22:44.610910+00:00,03b9185c-2200-49b4-a94e-0b5203bd0101,2026-06-21T03:23:24.249000+00:00,user,file_00000000dc00722fa606abdc001d8cb7,file_00000000dc00722fa606abdc001d8cb7.dat,26b25454-7625-4fae-b183-6286efc80852.csv,text/csv,255580,local,conversations-004(1).json
6a3c66c1-d5c0-83ea-a033-4a87c5ae30f0,Branch · Optmizing,2026-06-24T23:22:44.610910+00:00,03b9185c-2200-49b4-a94e-0b5203bd0101,2026-06-21T03:23:24.249000+00:00,user,file_000000009dd8722fa647ff153e79540a,file_000000009dd8722fa647ff153e79540a.dat,IL2-WW1-ultra 115Rende-pre-2,,212,local,conversations-004(1).json
6a3c66c1-d5c0-83ea-a033-4a87c5ae30f0,Branch · Optmizing,2026-06-24T23:22:44.610910+00:00,03b9185c-2200-49b4-a94e-0b5203bd0101,2026-06-21T03:23:24.249000+00:00,user,file_000000002734722fab6f21eb0b89328f,file_000000002734722fab6f21eb0b89328f.dat,IL2-WW1-ultra 115Render.csv,text/csv,131898,local,conversations-004(1).json
6a3c66c1-d5c0-83ea-a033-4a87c5ae30f0,Branch · Optmizing,2026-06-24T23:22:44.610910+00:00,03fadb17-584a-407b-bd71-331b035057d9,2026-05-31T23:07:03.556997+00:00,user,file_000000008b3c720cbe7d266b5a312e2e,file_000000008b3c720cbe7d266b5a312e2e.dat,83F62FE6-9C3D-45AF-9B2A-91151C742EC8.jpeg,image/jpeg,446690,message_attachment,conversations-004(1).json
6a3c66c1-d5c0-83ea-a033-4a87c5ae30f0,Branch · Optmizing,2026-06-24T23:22:44.610910+00:00,03fadb17-584a-407b-bd71-331b035057d9,2026-05-31T23:07:03.556997+00:00,user,file_00000000e50071f791fc82f0ddf7c99a,file_00000000e50071f791fc82f0ddf7c99a.dat,EB7EE207-BE9E-4C6D-AB8D-8AAFEAE708ED.jpeg,image/jpeg,410669,message_attachment,conversations-004(1).json
6a3c66c1-d5c0-83ea-a033-4a87c5ae30f0,Branch · Optmizing,2026-06-24T23:22:44.610910+00:00,1133081f-a54d-41d7-b96f-cbb0e45d0930,2026-06-21T19:13:26.189000+00:00,user,file_0000000008c071f792e9b77b52c6a933,file_0000000008c071f792e9b77b52c6a933.dat,pmcap-vrserver.exe-260621-133456.csv,text/csv,1119,local,conversations-004(1).json
6a3c66c1-d5c0-83ea-a033-4a87c5ae30f0,Branch · Optmizing,2026-06-24T23:22:44.610910+00:00,2394fcf6-db8f-467a-8479-7d61789d704b,2026-06-23T04:39:15.115000+00:00,user,file_000000003a0071f78ce706c5785a0a35,file_000000003a0071f78ce706c5785a0a35.dat,il2-potato.csv,text/csv,1119,local,conversations-004(1).json
6a3c66c1-d5c0-83ea-a033-4a87c5ae30f0,Branch · Optmizing,2026-06-24T23:22:44.610910+00:00,2394fcf6-db8f-467a-8479-7d61789d704b,2026-06-23T04:39:15.115000+00:00,user,file_000000008d38722f9135e01ab659dcf6,file_000000008d38722f9135e01ab659dcf6.dat,il2-potato-1.csv,text/csv,161,local,conversations-004(1).json
6a3c66c1-d5c0-83ea-a033-4a87c5ae30f0,Branch · Optmizing,2026-06-24T23:22:44.610910+00:00,2ffa176e-790e-455f-bd96-b3fbe14055f7,2026-06-17T20:51:19.220547+00:00,user,file_00000000261471f59b02f0c89a8d05f8,file_00000000261471f59b02f0c89a8d05f8.dat,8C3C1C5B-D675-4D4E-8569-B745F93AB13E.jpeg,image/png,128600,message_attachment,conversations-004(1).json
6a3c66c1-d5c0-83ea-a033-4a87c5ae30f0,Branch · Optmizing,2026-06-24T23:22:44.610910+00:00,2ffa176e-790e-455f-bd96-b3fbe14055f7,2026-06-17T20:51:19.220547+00:00,user,file_000000007b18722fbca6d9ef336d4df5,file_000000007b18722fbca6d9ef336d4df5.dat,67D78784-28EC-443C-B1D6-5DCE46AC3E94.jpeg,image/png,131886,message_attachment,conversations-004(1).json
6a3c66c1-d5c0-83ea-a033-4a87c5ae30f0,Branch · Optmizing,2026-06-24T23:22:44.610910+00:00,2ffa176e-790e-455f-bd96-b3fbe14055f7,2026-06-17T20:51:19.220547+00:00,user,file_00000000d5f471f5ad039fdf129400be,file_00000000d5f471f5ad039fdf129400be.dat,C18F6B1D-7DC9-496D-AF1A-0C7C311DABED.jpeg,image/png,157806,message_attachment,conversations-004(1).json
6a3c66c1-d5c0-83ea-a033-4a87c5ae30f0,Branch · Optmizing,2026-06-24T23:22:44.610910+00:00,2ffa176e-790e-455f-bd96-b3fbe14055f7,2026-06-17T20:51:19.220547+00:00,user,file_0000000056bc722fb32a90fa040d9b72,file_0000000056bc722fb32a90fa040d9b72.dat,F5B08C68-DD36-4B04-90B0-26DF54FBC78D.jpeg,image/png,155695,message_attachment,conversations-004(1).json
6a3c66c1-d5c0-83ea-a033-4a87c5ae30f0,Branch · Optmizing,2026-06-24T23:22:44.610910+00:00,34d5b40b-35fe-4e34-b9fd-5e67f2870bde,2026-06-17T23:00:14.718871+00:00,user,file_000000004620720cac8041e84e4c047f,file_000000004620720cac8041e84e4c047f.dat,IMG_1CE5F0E8-CDF8-46D0-B646-361E35C950A7.jpeg,image/jpeg,632000,message_attachment,conversations-004(1).json
6a3c66c1-d5c0-83ea-a033-4a87c5ae30f0,Branch · Optmizing,2026-06-24T23:22:44.610910+00:00,38a33fb8-f3f7-4adf-938d-545c1c6f5e21,2026-06-22T03:28:56.217000+00:00,user,file_00000000153071f5b18d06872ea643d2,file_00000000153071f5b18d06872ea643d2.dat,pmcap-DCS.exe-260621-152849.csv,text/csv,6339613,local,conversations-004(1).json
6a3c66c1-d5c0-83ea-a033-4a87c5ae30f0,Branch · Optmizing,2026-06-24T23:22:44.610910+00:00,57431f13-2a44-4440-9c71-c0f6ccd42397,2026-06-16T22:01:41.524000+00:00,user,file_00000000e02871f7b316f0828c8866d1,file_00000000e02871f7b316f0828c8866d1.dat,35b272bc-3619-4854-885b-2daea05256b4.png,image/png,69045,local,conversations-004(1).json
6a3c66c1-d5c0-83ea-a033-4a87c5ae30f0,Branch · Optmizing,2026-06-24T23:22:44.610910+00:00,57f5d8d3-0bc1-490f-a251-7ac22a68fdd0,2026-06-21T19:14:14.348000+00:00,user,file_000000002464722fbefa33a4f4d7c60b,file_000000002464722fbefa33a4f4d7c60b.dat,pmcap-Il-2.exe-260621-134903.csv,text/csv,603812,local,conversations-004(1).json
6a3c66c1-d5c0-83ea-a033-4a87c5ae30f0,Branch · Optmizing,2026-06-24T23:22:44.610910+00:00,60ce0c64-1e76-4bb4-8de4-1d4689f5270c,2026-06-21T02:31:04.498000+00:00,user,file_00000000025c722f8f8605e05b0be1cb,file_00000000025c722f8f8605e05b0be1cb.dat,5f519cec-f9cb-42f7-aa37-0adf7c926a25.png,image/png,76654,local,conversations-004(1).json
6a3c66c1-d5c0-83ea-a033-4a87c5ae30f0,Branch · Optmizing,2026-06-24T23:22:44.610910+00:00,691d1fcf-bdae-4099-aab8-1e7c9e1ba084,2026-06-17T20:45:30.061325+00:00,user,file_000000005c58722f9dd0ff6d79bcd974,file_000000005c58722f9dd0ff6d79bcd974.dat,E22BF7A4-2718-4888-A371-97A73B367031.jpeg,image/jpeg,197597,message_attachment,conversations-004(1).json
6a3c66c1-d5c0-83ea-a033-4a87c5ae30f0,Branch · Optmizing,2026-06-24T23:22:44.610910+00:00,691d1fcf-bdae-4099-aab8-1e7c9e1ba084,2026-06-17T20:45:30.061325+00:00,user,file_000000002108722f887683cc32585678,file_000000002108722f887683cc32585678.dat,C493D2AE-70CA-4422-9725-483FDF9D014F.jpeg,image/jpeg,318327,message_attachment,conversations-004(1).json
6a3c66c1-d5c0-83ea-a033-4a87c5ae30f0,Branch · Optmizing,2026-06-24T23:22:44.610910+00:00,7a51bd44-43ca-4628-a212-27d5d3b3ea80,2026-06-21T19:11:35.076000+00:00,user,file_00000000c1d0722f8c4bee826e124c95,file_00000000c1d0722f8c4bee826e124c95.dat,pmcap-vrserver.exe-260621-133456.csv,text/csv,1119,local,conversations-004(1).json
6a3c66c1-d5c0-83ea-a033-4a87c5ae30f0,Branch · Optmizing,2026-06-24T23:22:44.610910+00:00,7a51bd44-43ca-4628-a212-27d5d3b3ea80,2026-06-21T19:11:35.076000+00:00,user,file_000000002d70722fb4044e4c1ee690d9,file_000000002d70722fb4044e4c1ee690d9.dat,pmcap-vrserver.exe-260621-133456-stats.csv,text/csv,161,local,conversations-004(1).json
6a3c66c1-d5c0-83ea-a033-4a87c5ae30f0,Branch · Optmizing,2026-06-24T23:22:44.610910+00:00,9395f9da-3525-482f-9e4a-2ea6aa99117e,2026-06-21T19:13:55.780000+00:00,user,file_00000000160871f79a716ce8e58a1e1a,file_00000000160871f79a716ce8e58a1e1a.dat,pmcap-Il-2.exe-260621-133604-stats.csv,text/csv,212,local,conversations-004(1).json
6a3c66c1-d5c0-83ea-a033-4a87c5ae30f0,Branch · Optmizing,2026-06-24T23:22:44.610910+00:00,a9e20bcd-03f3-49c3-b2a9-59e66e98f39e,2026-06-22T03:20:05.131000+00:00,user,file_0000000043cc720cbedd4c8ccb3773b6,file_0000000043cc720cbedd4c8ccb3773b6.dat,pmcap-DCS.exe-260621-154228.csv,text/csv,7122270,local,conversations-004(1).json
6a3c66c1-d5c0-83ea-a033-4a87c5ae30f0,Branch · Optmizing,2026-06-24T23:22:44.610910+00:00,c8231e07-d01e-4978-8697-ab1b010eb283,2026-06-21T03:27:23.689000+00:00,user,file_000000004978722fb26a0fd865b981e3,file_000000004978722fb26a0fd865b981e3.dat,4c96cafd-b2e0-43f4-812f-9db9f317b34d.csv,text/csv,859494,local,conversations-004(1).json
6a3c66c1-d5c0-83ea-a033-4a87c5ae30f0,Branch · Optmizing,2026-06-24T23:22:44.610910+00:00,c8231e07-d01e-4978-8697-ab1b010eb283,2026-06-21T03:27:23.689000+00:00,user,file_00000000ab18722fb4c7939fb8231e4b,file_00000000ab18722fb4c7939fb8231e4b.dat,IL2-WW1-ultra 115Rende-01.csv,text/csv,859494,local,conversations-004(1).json
6a3c66c1-d5c0-83ea-a033-4a87c5ae30f0,Branch · Optmizing,2026-06-24T23:22:44.610910+00:00,c8231e07-d01e-4978-8697-ab1b010eb283,2026-06-21T03:27:23.689000+00:00,user,file_00000000841c722facb7361f0446ba63,file_00000000841c722facb7361f0446ba63.dat,IL2-WW1-ultra 115Rende-pre-1.csv,text/csv,216,local,conversations-004(1).json
6a3c66c1-d5c0-83ea-a033-4a87c5ae30f0,Branch · Optmizing,2026-06-24T23:22:44.610910+00:00,e8fc07b3-607f-4264-8170-93652c825d7a,2026-06-23T04:39:55.411000+00:00,user,file_000000003f6471f5a5a3cf0344458e76,file_000000003f6471f5a5a3cf0344458e76.dat,il2-potato.csv,text/csv,1119,local,conversations-004(1).json
6a3c8530-21a8-83ea-984c-682190344741,VR Co-Space Anchor Ideas,2026-06-25T01:35:46.383449+00:00,b98a38b1-c971-4fa2-84ac-94181913c90b,2026-06-28T13:23:20.761000+00:00,user,file_00000000aef8720cb96bc38f26323aa0,file_00000000aef8720cb96bc38f26323aa0.dat,a2bde828-53f3-4030-a58f-d4f717a9d23d.png,image/png,232003,local,conversations-004(1).json
6a3e7507-949c-83ea-956c-2b0ec16c2208,Humorous Coworker Response,2026-06-26T12:50:02.651749+00:00,b48887a1-2a6f-4d15-9777-6c81f2f213ac,2026-06-26T12:50:02.442591+00:00,assistant,file_000000008a30720c84f6eac38909363a,file_000000008a30720c84f6eac38909363a.dat,README.txt,,,my_files,conversations-004(1).json
6a3f0c72-7948-83ea-961f-62c39dc065bb,Funny Meme Creation,2026-06-26T23:34:35.852680+00:00,105e6bc9-0336-4225-8de2-12d549e3492d,2026-06-27T12:38:38.964453+00:00,user,file_000000004018722f92842e50b8f756e5,file_000000004018722f92842e50b8f756e5.dat,A7ADFF8C-A285-46EB-9D7B-63E36616806E.jpeg,image/jpeg,857920,message_attachment,conversations-004(1).json
6a3f0c72-7948-83ea-961f-62c39dc065bb,Funny Meme Creation,2026-06-26T23:34:35.852680+00:00,146d2cbd-5bed-4000-b66f-46ad5e415241,2026-06-26T23:46:32.671001+00:00,user,file_00000000ec5871f693eab45ac42fee5e,file_00000000ec5871f693eab45ac42fee5e.dat,5C253DDD-4101-4E14-95EA-B267E44CC5C7.jpeg,image/jpeg,1002654,message_attachment,conversations-004(1).json
6a3f0c72-7948-83ea-961f-62c39dc065bb,Funny Meme Creation,2026-06-26T23:34:35.852680+00:00,146d2cbd-5bed-4000-b66f-46ad5e415241,2026-06-26T23:46:32.671001+00:00,user,file_000000000f6471f693ffddad852a27dd,file_000000000f6471f693ffddad852a27dd.dat,98C64DCF-F989-457B-A730-758190B7EDF3.jpeg,image/png,624802,message_attachment,conversations-004(1).json
6a3f0c72-7948-83ea-961f-62c39dc065bb,Funny Meme Creation,2026-06-26T23:34:35.852680+00:00,2e15a897-cdd5-4cb8-b7d4-657dc38524d1,2026-06-26T23:49:59.076606+00:00,user,file_00000000b39471f686dc4ce3a8608173,file_00000000b39471f686dc4ce3a8608173.dat,BA79F15D-DC56-4E73-B76C-C3BC6678D2E2.jpeg,image/jpeg,1002654,message_attachment,conversations-004(1).json
6a3f0c72-7948-83ea-961f-62c39dc065bb,Funny Meme Creation,2026-06-26T23:34:35.852680+00:00,e4aa3004-53f3-4d2e-a619-ba54a017c2fa,2026-06-26T23:50:14.901755+00:00,user,file_0000000006fc71f6ad2ce578bce09f6b,file_0000000006fc71f6ad2ce578bce09f6b.dat,460BD3B7-21CB-4DD4-83A5-A811DC2CEF88.jpeg,image/png,624802,message_attachment,conversations-004(1).json
6a3f0c72-7948-83ea-961f-62c39dc065bb,Funny Meme Creation,2026-06-26T23:34:35.852680+00:00,f4618493-07d6-44db-8cab-81ebf02e22d3,2026-06-26T23:34:35.062424+00:00,user,file_00000000bbdc71f6887600689e7f4afa,file_00000000bbdc71f6887600689e7f4afa.dat,CEE81C90-9280-4FA9-88D3-8BF137F6B44F.jpeg,image/jpeg,72084,message_attachment,conversations-004(1).json
6a3fc4e4-6a60-83ea-9115-f2400b13e124,WeaselNet Logo Concepts,2026-06-27T12:41:32.509695+00:00,37b57de6-9fda-46ef-bce3-cb30d18892b1,2026-06-27T12:41:31.369979+00:00,user,file_000000005310722faf968a6e5400181c,file_000000005310722faf968a6e5400181c.dat,36186F3E-9078-4DBC-876F-575BA02650DB.jpeg,image/jpeg,857920,message_attachment,conversations-004(1).json
6a3fc4e4-6a60-83ea-9115-f2400b13e124,WeaselNet Logo Concepts,2026-06-27T12:41:32.509695+00:00,4982e7bc-77d2-4047-a5ef-ba8465d94d92,2026-07-05T02:21:05.741000+00:00,user,file_000000006ecc720c8ed6d2ca5344f06a,file_000000006ecc720c8ed6d2ca5344f06a.dat,Historical Archive 0001.md,,342,local,conversations-004(1).json
6a3fc4e4-6a60-83ea-9115-f2400b13e124,WeaselNet Logo Concepts,2026-06-27T12:41:32.509695+00:00,7686269c-d384-4c84-a0d4-3fd63c800e3b,2026-07-05T02:21:06.333258+00:00,assistant,file_000000006ecc720c8ed6d2ca5344f06a,file_000000006ecc720c8ed6d2ca5344f06a.dat,Historical Archive 0001.md,,,my_files,conversations-004(1).json
6a3fc4e4-6a60-83ea-9115-f2400b13e124,WeaselNet Logo Concepts,2026-06-27T12:41:32.509695+00:00,fc488bcb-5782-4612-9f2a-a4692bec68bc,2026-07-06T01:10:58.774370+00:00,assistant,yvgMOAT0aT1ON3SI,yvgMOAT0aT1ON3SI.dat,Helmuth von Moltke the Elder,,,content_reference,conversations-004(1).json
6a3fc4e4-6a60-83ea-9115-f2400b13e124,WeaselNet Logo Concepts,2026-06-27T12:41:32.509695+00:00,fc488bcb-5782-4612-9f2a-a4692bec68bc,2026-07-06T01:10:58.774370+00:00,assistant,qOaeZ8tQMfIhkSnK,qOaeZ8tQMfIhkSnK.dat,Mike Tyson,,,content_reference,conversations-004(1).json
6a3fe8ef-aa68-83ea-9ac6-cc39989e5948,Reversing Ultimate Performance Command,2026-06-27T15:15:57.441019+00:00,cdd3a282-0dc0-48f6-b77d-62d4238f6a01,2026-07-05T00:35:28.164000+00:00,user,file_00000000827c722fb66545072c681f41,file_00000000827c722fb66545072c681f41.dat,DCS-P51D-Quest3-RTX4000Ada-NVidia_AggresiveFan-curve.csv,text/csv,868371,local,conversations-004(1).json
6a3fffcb-6548-83ea-a9fb-e2b521f157a3,Quest 2 Potato Mode,2026-06-27T16:53:23.468267+00:00,04064543-02fd-41fc-9230-c9a31e169fc4,2026-06-27T20:46:41.621000+00:00,user,file_0000000085b8722f86f2661f03e5025c,file_0000000085b8722f86f2661f03e5025c.dat,DCS-P51D-Quest2-RTX4000Ada-HIGH.csv,text/csv,3329824,local,conversations-004(1).json
6a3fffcb-6548-83ea-a9fb-e2b521f157a3,Quest 2 Potato Mode,2026-06-27T16:53:23.468267+00:00,076dfb7e-ec24-42f5-ac83-80b827fe81d1,2026-06-28T23:57:05.686000+00:00,user,file_00000000f5c4720c9788732bab7e1fa3,file_00000000f5c4720c9788732bab7e1fa3.dat,IL-2-P51D-Quest2-RTX4000Ada-Low.csv,text/csv,2946091,local,conversations-004(1).json
6a3fffcb-6548-83ea-a9fb-e2b521f157a3,Quest 2 Potato Mode,2026-06-27T16:53:23.468267+00:00,13d437bb-2493-4d87-a11b-4b7e6dd5988c,2026-06-28T15:45:10.896000+00:00,user,file_00000000d9c8720ca589ec0c65edad4e,file_00000000d9c8720ca589ec0c65edad4e.dat,DCS-P51D-Quest2-RTX4000Ada-LossLess-HIGH.csv,text/csv,1711379,local,conversations-004(1).json
6a3fffcb-6548-83ea-a9fb-e2b521f157a3,Quest 2 Potato Mode,2026-06-27T16:53:23.468267+00:00,2c34ca46-838b-4f8f-845b-afe1004f6027,2026-06-27T16:53:22.617000+00:00,user,file_000000000b14722fb38c087a50c20d2f,file_000000000b14722fb38c087a50c20d2f.dat,PresentMon-2026-06-27T124305.csv,text/csv,7799667,local,conversations-004(1).json
6a3fffcb-6548-83ea-a9fb-e2b521f157a3,Quest 2 Potato Mode,2026-06-27T16:53:23.468267+00:00,4ce30f3d-0a11-4577-b85f-b7ca69bb129a,2026-06-29T21:15:53.489000+00:00,user,file_00000000984c71f587c54bf76968a632,file_00000000984c71f587c54bf76968a632.dat,IL-2-P51D-Quest2-RTX4000Ada-high.csv,text/csv,3916022,local,conversations-004(1).json
6a3fffcb-6548-83ea-a9fb-e2b521f157a3,Quest 2 Potato Mode,2026-06-27T16:53:23.468267+00:00,7118a58a-4178-438a-a155-9c720c0f2dfa,2026-06-29T21:28:34.138000+00:00,user,file_00000000575071f591b4f3a0693810e0,file_00000000575071f591b4f3a0693810e0.dat,IL-2-P51D-Quest2-RTX4000Ada-ultra.csv,text/csv,4564801,local,conversations-004(1).json
6a3fffcb-6548-83ea-a9fb-e2b521f157a3,Quest 2 Potato Mode,2026-06-27T16:53:23.468267+00:00,76202050-309c-463c-a515-fed058f0fbdb,2026-06-27T17:10:45.975000+00:00,user,file_0000000042fc722f83fd73c392878c01,file_0000000042fc722f83fd73c392878c01.dat,PresentMon-2026-06-27T130350.csv,text/csv,2869624,local,conversations-004(1).json
6a3fffcb-6548-83ea-a9fb-e2b521f157a3,Quest 2 Potato Mode,2026-06-27T16:53:23.468267+00:00,88bdd26d-4963-40c9-8a88-2cc4e660f626,2026-06-28T23:44:03.158000+00:00,user,file_000000005d8c722fb3766b8ebf539984,file_000000005d8c722fb3766b8ebf539984.dat,IL-2-P51D-Quest2-RTX4000Ada-Potato.csv,text/csv,5634739,local,conversations-004(1).json
6a3fffcb-6548-83ea-a9fb-e2b521f157a3,Quest 2 Potato Mode,2026-06-27T16:53:23.468267+00:00,9e38cc35-2017-480f-8cde-9342f2bde952,2026-06-27T20:03:29.710000+00:00,user,file_000000008930722fae0ec331ea7a2b9f,file_000000008930722fae0ec331ea7a2b9f.dat,DCS-P51D-Quest2-RTX4000Ada-Low.csv,text/csv,5622081,local,conversations-004(1).json
6a3fffcb-6548-83ea-a9fb-e2b521f157a3,Quest 2 Potato Mode,2026-06-27T16:53:23.468267+00:00,b5191fef-009d-42a2-b360-5b890e76de83,2026-06-29T00:04:40.630000+00:00,user,file_00000000cf08720ca4af80c5256a1cac,file_00000000cf08720ca4af80c5256a1cac.dat,IL-2-P51D-Quest2-RTX4000Ada-Medium.csv,text/csv,1797721,local,conversations-004(1).json
6a3fffcb-6548-83ea-a9fb-e2b521f157a3,Quest 2 Potato Mode,2026-06-27T16:53:23.468267+00:00,ee3c5a83-dd68-4eec-ba7c-378a4dbda253,2026-06-27T21:05:41.635000+00:00,user,file_00000000f008722f9fe219c4d7929ffd,file_00000000f008722f9fe219c4d7929ffd.dat,DCS-P51D-Quest2-RTX4000Ada-ULTRA.csv,text/csv,2433092,local,conversations-004(1).json
6a3fffcb-6548-83ea-a9fb-e2b521f157a3,Quest 2 Potato Mode,2026-06-27T16:53:23.468267+00:00,f151f5dd-0513-47fc-a940-826c8009540f,2026-06-27T20:25:07.492000+00:00,user,file_0000000084dc722f98254a23bd0b3112,file_0000000084dc722f98254a23bd0b3112.dat,DCS-P51D-Quest2-RTX4000Ada-MEDIUM.csv,text/csv,15135957,local,conversations-004(1).json
6a400725-4f34-83ea-a7da-2add52ad04d1,Gpedit.msc Error Explanation,2026-06-27T17:23:58.024586+00:00,5f40f621-8bcd-40c7-a61d-5145ca36e1ca,2026-06-27T17:23:56.750000+00:00,user,file_0000000070f0722f9d75b3149e48d518,file_0000000070f0722f9d75b3149e48d518.dat,ca085b34-b29e-420b-9bcd-921837cda683.png,image/png,8273,local,conversations-004(1).json
6a400725-4f34-83ea-a7da-2add52ad04d1,Gpedit.msc Error Explanation,2026-06-27T17:23:58.024586+00:00,6bdd94a9-9c81-4783-aff1-a0b0b209d440,2026-06-27T19:06:54.428000+00:00,user,file_000000001770722fa48108a4260ef801,file_000000001770722fa48108a4260ef801.dat,bf9919a6-5e6c-4dde-ad14-39183d6f479a.png,image/png,76906,local,conversations-004(1).json
6a400725-4f34-83ea-a7da-2add52ad04d1,Gpedit.msc Error Explanation,2026-06-27T17:23:58.024586+00:00,ff351a0a-a89c-42a3-86a3-87e6f421d271,2026-06-27T17:25:26.812318+00:00,assistant,file_0000000064f071fdb3072dd2a8f1420d,file_0000000064f071fdb3072dd2a8f1420d.dat,it_toolbag_chat_context.md,,,my_files,conversations-004(1).json
6a40723b-6c48-83ea-b725-1c7fa9f058a5,Branch · WeaselNet Logo Concepts,2026-06-28T01:00:45.608746+00:00,37b57de6-9fda-46ef-bce3-cb30d18892b1,2026-06-27T12:41:31.369979+00:00,user,file_000000005310722faf968a6e5400181c,file_000000005310722faf968a6e5400181c.dat,36186F3E-9078-4DBC-876F-575BA02650DB.jpeg,image/jpeg,857920,message_attachment,conversations-004(1).json
6a40723b-6c48-83ea-b725-1c7fa9f058a5,Branch · WeaselNet Logo Concepts,2026-06-28T01:00:45.608746+00:00,9daf64f7-905a-4790-a149-2480544f7900,2026-06-28T03:06:09.689898+00:00,user,file_00000000fa30722f94adcb5a1169ffd4,file_00000000fa30722f94adcb5a1169ffd4.dat,C765965E-FDC4-4DC5-BF96-3E0AD0BFC40A.jpeg,image/jpeg,164594,message_attachment,conversations-004(1).json
6a40723b-6c48-83ea-b725-1c7fa9f058a5,Branch · WeaselNet Logo Concepts,2026-06-28T01:00:45.608746+00:00,c47a5782-45cb-4b24-9185-4afccf33163e,2026-06-28T01:34:10.710609+00:00,user,file_00000000bd2471f591a51fb61586981c,file_00000000bd2471f591a51fb61586981c.dat,FA786D19-0813-40F8-A56D-8639E125CC75.jpeg,image/png,669156,message_attachment,conversations-004(1).json
6a409100-7178-83ea-8960-a320b92b75df,Branch · Branch · WeaselNet Logo Concepts,2026-06-28T03:12:16.875044+00:00,37b57de6-9fda-46ef-bce3-cb30d18892b1,2026-06-27T12:41:31.369979+00:00,user,file_000000005310722faf968a6e5400181c,file_000000005310722faf968a6e5400181c.dat,36186F3E-9078-4DBC-876F-575BA02650DB.jpeg,image/jpeg,857920,message_attachment,conversations-004(1).json
6a409100-7178-83ea-8960-a320b92b75df,Branch · Branch · WeaselNet Logo Concepts,2026-06-28T03:12:16.875044+00:00,9daf64f7-905a-4790-a149-2480544f7900,2026-06-28T03:06:09.689898+00:00,user,file_00000000fa30722f94adcb5a1169ffd4,file_00000000fa30722f94adcb5a1169ffd4.dat,C765965E-FDC4-4DC5-BF96-3E0AD0BFC40A.jpeg,image/jpeg,164594,message_attachment,conversations-004(1).json
6a409100-7178-83ea-8960-a320b92b75df,Branch · Branch · WeaselNet Logo Concepts,2026-06-28T03:12:16.875044+00:00,c47a5782-45cb-4b24-9185-4afccf33163e,2026-06-28T01:34:10.710609+00:00,user,file_00000000bd2471f591a51fb61586981c,file_00000000bd2471f591a51fb61586981c.dat,FA786D19-0813-40F8-A56D-8639E125CC75.jpeg,image/png,669156,message_attachment,conversations-004(1).json
6a412bd7-a2bc-83ea-b19c-1e8d95b32318,Meshy Badge 3D Prompt,2026-06-28T14:13:53.298365+00:00,8b5c1d4f-bb61-40d6-a759-74ebfa4b3bcb,2026-06-28T14:13:51.856000+00:00,user,file_00000000da48722f9bfc094147f082ee,file_00000000da48722f9bfc094147f082ee.dat,WEASEL-001-WEASELNET LOGOs.png,image/png,2993791,local,conversations-004(1).json
6a427835-f5a4-83ea-a116-1f0bb39f9e94,OKRs Creation and Refinement,2026-06-29T13:51:25.033917+00:00,27501454-e2f8-4dc1-be1c-3921c9d461c8,2026-06-29T13:51:22.037000+00:00,user,file_00000000975071f5b3b68a8537f77bdd,file_00000000975071f5b3b68a8537f77bdd.dat,2025-Q4 SwVE OKRs-v19-20260629_154311.pdf,application/pdf,941951,local,conversations-004(1).json
6a427835-f5a4-83ea-a116-1f0bb39f9e94,OKRs Creation and Refinement,2026-06-29T13:51:25.033917+00:00,abf33fb8-8bd3-4004-a105-ed030e8e61e8,2026-06-29T13:51:22.558307+00:00,assistant,file_00000000975071f5b3b68a8537f77bdd,file_00000000975071f5b3b68a8537f77bdd.dat,2025-Q4 SwVE OKRs-v19-20260629_154311.pdf,,,my_files,conversations-004(1).json
6a427835-f5a4-83ea-a116-1f0bb39f9e94,OKRs Creation and Refinement,2026-06-29T13:51:25.033917+00:00,c091d04e-1425-4b04-bde8-e5090a52ef0d,2026-06-29T14:50:07.222837+00:00,assistant,file_00000000975071f5b3b68a8537f77bdd,file_00000000975071f5b3b68a8537f77bdd.dat,2025-Q4 SwVE OKRs-v19-20260629_154311.pdf,,,my_files,conversations-004(1).json
6a42efd0-2540-83ea-80d8-00615ce473c7,Quest 3 Potato Mode,2026-06-29T22:21:16.206553+00:00,04064543-02fd-41fc-9230-c9a31e169fc4,2026-06-27T20:46:41.621000+00:00,user,file_0000000085b8722f86f2661f03e5025c,file_0000000085b8722f86f2661f03e5025c.dat,DCS-P51D-Quest2-RTX4000Ada-HIGH.csv,text/csv,3329824,local,conversations-004(1).json
6a42efd0-2540-83ea-80d8-00615ce473c7,Quest 3 Potato Mode,2026-06-29T22:21:16.206553+00:00,074cd471-a2c1-496e-9069-2afb58c22fbd,2026-06-30T01:01:10.855000+00:00,user,file_00000000b2b071f7916bc7fb495270f3,file_00000000b2b071f7916bc7fb495270f3.dat,DCS-P51D-Quest3-RTX4000Ada-Potato.csv,text/csv,3512156,local,conversations-004(1).json
6a42efd0-2540-83ea-80d8-00615ce473c7,Quest 3 Potato Mode,2026-06-29T22:21:16.206553+00:00,076dfb7e-ec24-42f5-ac83-80b827fe81d1,2026-06-28T23:57:05.686000+00:00,user,file_00000000f5c4720c9788732bab7e1fa3,file_00000000f5c4720c9788732bab7e1fa3.dat,IL-2-P51D-Quest2-RTX4000Ada-Low.csv,text/csv,2946091,local,conversations-004(1).json
6a42efd0-2540-83ea-80d8-00615ce473c7,Quest 3 Potato Mode,2026-06-29T22:21:16.206553+00:00,13d437bb-2493-4d87-a11b-4b7e6dd5988c,2026-06-28T15:45:10.896000+00:00,user,file_00000000d9c8720ca589ec0c65edad4e,file_00000000d9c8720ca589ec0c65edad4e.dat,DCS-P51D-Quest2-RTX4000Ada-LossLess-HIGH.csv,text/csv,1711379,local,conversations-004(1).json
6a42efd0-2540-83ea-80d8-00615ce473c7,Quest 3 Potato Mode,2026-06-29T22:21:16.206553+00:00,14393c18-ffb0-4c0e-98f6-1ac677aee21d,2026-06-30T01:28:11.701000+00:00,user,file_00000000e13c722f95566857b43683ba,file_00000000e13c722f95566857b43683ba.dat,DCS-P51D-Quest3-RTX4000Ada-MEDIUM.csv,text/csv,8978350,local,conversations-004(1).json
6a42efd0-2540-83ea-80d8-00615ce473c7,Quest 3 Potato Mode,2026-06-29T22:21:16.206553+00:00,2a7054df-1eff-4153-9cb4-a9908b006358,2026-07-03T17:47:19.419000+00:00,user,file_000000007ac471f5999739398fa6a295,file_000000007ac471f5999739398fa6a295.dat,IL-2-P51D-Quest3-RTX4000Ada-HIGH.csv,text/csv,16865046,local,conversations-004(1).json
6a42efd0-2540-83ea-80d8-00615ce473c7,Quest 3 Potato Mode,2026-06-29T22:21:16.206553+00:00,2c34ca46-838b-4f8f-845b-afe1004f6027,2026-06-27T16:53:22.617000+00:00,user,file_000000000b14722fb38c087a50c20d2f,file_000000000b14722fb38c087a50c20d2f.dat,PresentMon-2026-06-27T124305.csv,text/csv,7799667,local,conversations-004(1).json
6a42efd0-2540-83ea-80d8-00615ce473c7,Quest 3 Potato Mode,2026-06-29T22:21:16.206553+00:00,3474c6b5-5b5c-4032-a6e0-ac18c56369d2,2026-07-03T17:56:21.043000+00:00,user,file_000000008ea871f5979d30eeaf5cd3b0,file_000000008ea871f5979d30eeaf5cd3b0.dat,IL-2-P51D-Quest3-RTX4000Ada-ULTRA.csv,text/csv,3733397,local,conversations-004(1).json
6a42efd0-2540-83ea-80d8-00615ce473c7,Quest 3 Potato Mode,2026-06-29T22:21:16.206553+00:00,4ce30f3d-0a11-4577-b85f-b7ca69bb129a,2026-06-29T21:15:53.489000+00:00,user,file_00000000984c71f587c54bf76968a632,file_00000000984c71f587c54bf76968a632.dat,IL-2-P51D-Quest2-RTX4000Ada-high.csv,text/csv,3916022,local,conversations-004(1).json
6a42efd0-2540-83ea-80d8-00615ce473c7,Quest 3 Potato Mode,2026-06-29T22:21:16.206553+00:00,7118a58a-4178-438a-a155-9c720c0f2dfa,2026-06-29T21:28:34.138000+00:00,user,file_00000000575071f591b4f3a0693810e0,file_00000000575071f591b4f3a0693810e0.dat,IL-2-P51D-Quest2-RTX4000Ada-ultra.csv,text/csv,4564801,local,conversations-004(1).json
6a42efd0-2540-83ea-80d8-00615ce473c7,Quest 3 Potato Mode,2026-06-29T22:21:16.206553+00:00,76202050-309c-463c-a515-fed058f0fbdb,2026-06-27T17:10:45.975000+00:00,user,file_0000000042fc722f83fd73c392878c01,file_0000000042fc722f83fd73c392878c01.dat,PresentMon-2026-06-27T130350.csv,text/csv,2869624,local,conversations-004(1).json
6a42efd0-2540-83ea-80d8-00615ce473c7,Quest 3 Potato Mode,2026-06-29T22:21:16.206553+00:00,88bdd26d-4963-40c9-8a88-2cc4e660f626,2026-06-28T23:44:03.158000+00:00,user,file_000000005d8c722fb3766b8ebf539984,file_000000005d8c722fb3766b8ebf539984.dat,IL-2-P51D-Quest2-RTX4000Ada-Potato.csv,text/csv,5634739,local,conversations-004(1).json
6a42efd0-2540-83ea-80d8-00615ce473c7,Quest 3 Potato Mode,2026-06-29T22:21:16.206553+00:00,9e38cc35-2017-480f-8cde-9342f2bde952,2026-06-27T20:03:29.710000+00:00,user,file_000000008930722fae0ec331ea7a2b9f,file_000000008930722fae0ec331ea7a2b9f.dat,DCS-P51D-Quest2-RTX4000Ada-Low.csv,text/csv,5622081,local,conversations-004(1).json
6a42efd0-2540-83ea-80d8-00615ce473c7,Quest 3 Potato Mode,2026-06-29T22:21:16.206553+00:00,a100707e-15c0-4747-9721-af8282737747,2026-07-03T18:26:16.868000+00:00,user,file_00000000fb0871f58b881d44f3178b31,file_00000000fb0871f58b881d44f3178b31.dat,IL-2-P51D-Quest3-RTX4000Ada-God-Mode.csv,text/csv,3878920,local,conversations-004(1).json
6a42efd0-2540-83ea-80d8-00615ce473c7,Quest 3 Potato Mode,2026-06-29T22:21:16.206553+00:00,b348c401-0e0d-41ea-8a05-e6a11ad4e910,2026-06-30T01:16:06.596000+00:00,user,file_0000000093b8720cb0721210406e4de3,file_0000000093b8720cb0721210406e4de3.dat,DCS-P51D-Quest3-RTX4000Ada-LOW.csv,text/csv,11911528,local,conversations-004(1).json
6a42efd0-2540-83ea-80d8-00615ce473c7,Quest 3 Potato Mode,2026-06-29T22:21:16.206553+00:00,b5191fef-009d-42a2-b360-5b890e76de83,2026-06-29T00:04:40.630000+00:00,user,file_00000000cf08720ca4af80c5256a1cac,file_00000000cf08720ca4af80c5256a1cac.dat,IL-2-P51D-Quest2-RTX4000Ada-Medium.csv,text/csv,1797721,local,conversations-004(1).json
6a42efd0-2540-83ea-80d8-00615ce473c7,Quest 3 Potato Mode,2026-06-29T22:21:16.206553+00:00,ee3c5a83-dd68-4eec-ba7c-378a4dbda253,2026-06-27T21:05:41.635000+00:00,user,file_00000000f008722f9fe219c4d7929ffd,file_00000000f008722f9fe219c4d7929ffd.dat,DCS-P51D-Quest2-RTX4000Ada-ULTRA.csv,text/csv,2433092,local,conversations-004(1).json
6a42efd0-2540-83ea-80d8-00615ce473c7,Quest 3 Potato Mode,2026-06-29T22:21:16.206553+00:00,f151f5dd-0513-47fc-a940-826c8009540f,2026-06-27T20:25:07.492000+00:00,user,file_0000000084dc722f98254a23bd0b3112,file_0000000084dc722f98254a23bd0b3112.dat,DCS-P51D-Quest2-RTX4000Ada-MEDIUM.csv,text/csv,15135957,local,conversations-004(1).json
6a42efd0-2540-83ea-80d8-00615ce473c7,Quest 3 Potato Mode,2026-06-29T22:21:16.206553+00:00,f3ddc81e-0c55-41c1-a6be-172e98f6301c,2026-07-03T18:38:12.988417+00:00,user,file_0000000028f4720cb0e9ef741a5eadcb,file_0000000028f4720cb0e9ef741a5eadcb.dat,450E528C-6992-44A8-97EF-CDEAB4D6CFB7.jpeg,image/png,230769,message_attachment,conversations-004(1).json
6a46c87a-98d8-83ea-b20d-f5087856bd40,Branch · Scheduling Next Week,2026-07-02T20:22:22.036461+00:00,2129fa74-8a37-4595-b69e-fe40b6b428ab,2026-07-01T15:55:56.453313+00:00,assistant,0b0,0b0.dat,Maudslay State Park,,,content_reference,conversations-004(1).json
6a46c87a-98d8-83ea-b20d-f5087856bd40,Branch · Scheduling Next Week,2026-07-02T20:22:22.036461+00:00,2129fa74-8a37-4595-b69e-fe40b6b428ab,2026-07-01T15:55:56.453313+00:00,assistant,0b10,0b10.dat,Old Eastern Marsh Trail,,,content_reference,conversations-004(1).json
6a46c87a-98d8-83ea-b20d-f5087856bd40,Branch · Scheduling Next Week,2026-07-02T20:22:22.036461+00:00,d0ebec97-a978-4ebd-8b8f-8972f270c248,2026-07-01T20:01:39.358323+00:00,assistant,0b0,0b0.dat,Old Eastern Marsh Trail,,,content_reference,conversations-004(1).json
6a46c87a-98d8-83ea-b20d-f5087856bd40,Branch · Scheduling Next Week,2026-07-02T20:22:22.036461+00:00,d0ebec97-a978-4ebd-8b8f-8972f270c248,2026-07-01T20:01:39.358323+00:00,assistant,0b1,0b1.dat,Maudslay State Park,,,content_reference,conversations-004(1).json
6a46c87a-98d8-83ea-b20d-f5087856bd40,Branch · Scheduling Next Week,2026-07-02T20:22:22.036461+00:00,d0ebec97-a978-4ebd-8b8f-8972f270c248,2026-07-01T20:01:39.358323+00:00,assistant,0b17,0b17.dat,Waterfront Promenade Park,,,content_reference,conversations-004(1).json
6a46c87a-98d8-83ea-b20d-f5087856bd40,Branch · Scheduling Next Week,2026-07-02T20:22:22.036461+00:00,d0ebec97-a978-4ebd-8b8f-8972f270c248,2026-07-01T20:01:39.358323+00:00,assistant,0b11,0b11.dat,Newburyport Waterfront,,,content_reference,conversations-004(1).json
6a46c87a-98d8-83ea-b20d-f5087856bd40,Branch · Scheduling Next Week,2026-07-02T20:22:22.036461+00:00,f84f7ea5-ee61-439e-9572-d45ba4beaed7,2026-07-02T02:45:14.012998+00:00,user,file_00000000491871f7b74dcaf68d1a0af7,file_00000000491871f7b74dcaf68d1a0af7.dat,328B380B-0A5C-4DA2-861E-F6EB3B50DDE9.jpeg,image/jpeg,478941,message_attachment,conversations-004(1).json
6a480ce2-0c94-83ea-93e0-bc26a0a3c825,VR-fov reduction,2026-07-03T19:28:58.927532+00:00,41946692-106f-4a72-ac80-3c491d74c22a,2026-07-03T21:50:36.708000+00:00,user,file_00000000daa871f59f2aabc089e42a01,file_00000000daa871f59f2aabc089e42a01.dat,IL-2-P51D-Quest3-RTX4000Ada-XXX.csv,text/csv,5218596,local,conversations-004(1).json
6a480ce2-0c94-83ea-93e0-bc26a0a3c825,VR-fov reduction,2026-07-03T19:28:58.927532+00:00,f3bcb072-340d-4f7b-a66d-dcd64eefb1c9,2026-07-03T22:29:05.580000+00:00,user,file_0000000065bc71f590cde4f1bb5b2cff,file_0000000065bc71f590cde4f1bb5b2cff.dat,IL-2-P51D-Quest3-RTX4000Ada-80percentFOV-80percenRender.csv,text/csv,9937761,local,conversations-004(1).json
6a4871b1-a6d4-83ea-9f17-64dd949da184,Branch · Copilot Enterprise Automation,2026-07-04T02:36:37.881520+00:00,0c991272-93ba-47a2-ad19-e6827305bbda,2026-07-06T13:17:54.863639+00:00,assistant,file_00000000952c722f9e01f3f600146ad3,file_00000000952c722f9e01f3f600146ad3.dat,Pasted markdown.md,,,my_files,conversations-004(1).json
6a4871b1-a6d4-83ea-9f17-64dd949da184,Branch · Copilot Enterprise Automation,2026-07-04T02:36:37.881520+00:00,1b089a7f-4486-4626-9406-1f108f4c3711,2026-07-06T18:31:28.008453+00:00,assistant,file_000000004988720c849496bdeb4af421,file_000000004988720c849496bdeb4af421.dat,TAP_PR.txt,,,my_files,conversations-004(1).json
6a4871b1-a6d4-83ea-9f17-64dd949da184,Branch · Copilot Enterprise Automation,2026-07-04T02:36:37.881520+00:00,5c7a1e21-ddde-4873-8358-1472a1e95cb3,2026-07-06T18:31:24.278000+00:00,user,file_000000004988720c849496bdeb4af421,file_000000004988720c849496bdeb4af421.dat,TAP_PR.txt,text/plain,7023,local,conversations-004(1).json
6a4871b1-a6d4-83ea-9f17-64dd949da184,Branch · Copilot Enterprise Automation,2026-07-04T02:36:37.881520+00:00,93906ae1-f698-4953-ac3b-43751bc54128,2026-07-06T13:17:53.306000+00:00,user,file_00000000952c722f9e01f3f600146ad3,file_00000000952c722f9e01f3f600146ad3.dat,Pasted markdown.md,text/markdown,12492,local,conversations-004(1).json
6a4871b1-a6d4-83ea-9f17-64dd949da184,Branch · Copilot Enterprise Automation,2026-07-04T02:36:37.881520+00:00,99cf583c-083f-432b-a224-44dbe8f23a75,2026-07-09T12:03:46.504000+00:00,user,file_00000000c04871f5a88544c231ee82d9,file_00000000c04871f5a88544c231ee82d9.dat,17a28516-62d8-4919-baaf-04a3999f884b.png,image/png,42171,local,conversations-004(1).json
6a49040d-ebc4-83ea-aea3-89cc4b632c7f,Branch · WeaselNet Logo Concepts,2026-07-04T13:01:04.582855+00:00,15e901d1-e891-47b5-82af-3074510d18f8,2026-07-05T16:06:33.258660+00:00,user,file_00000000f474722fb89ecedd62773f38,file_00000000f474722fb89ecedd62773f38.dat,69A52455-1847-475A-B359-5733744A22BE.jpeg,image/jpeg,609572,message_attachment,conversations-004(1).json
6a49040d-ebc4-83ea-aea3-89cc4b632c7f,Branch · WeaselNet Logo Concepts,2026-07-04T13:01:04.582855+00:00,15e901d1-e891-47b5-82af-3074510d18f8,2026-07-05T16:06:33.258660+00:00,user,file_000000006b3071f592d2156e8579497c,file_000000006b3071f592d2156e8579497c.dat,BC5782A9-A20F-40D3-8663-2BEC91ECB734.jpeg,image/png,687536,message_attachment,conversations-004(1).json
6a49040d-ebc4-83ea-aea3-89cc4b632c7f,Branch · WeaselNet Logo Concepts,2026-07-04T13:01:04.582855+00:00,37b57de6-9fda-46ef-bce3-cb30d18892b1,2026-06-27T12:41:31.369979+00:00,user,file_000000005310722faf968a6e5400181c,file_000000005310722faf968a6e5400181c.dat,36186F3E-9078-4DBC-876F-575BA02650DB.jpeg,image/jpeg,857920,message_attachment,conversations-004(1).json
6a49040d-ebc4-83ea-aea3-89cc4b632c7f,Branch · WeaselNet Logo Concepts,2026-07-04T13:01:04.582855+00:00,3cca9b78-c131-4cd8-987f-1cb44d1e04b0,2026-07-05T01:43:50.754000+00:00,user,file_000000001bac722fbacd879562fd4a91,file_000000001bac722fbacd879562fd4a91.dat,Meet your co-worker giraffe-2.png,image/png,2952107,local,conversations-004(1).json
6a49040d-ebc4-83ea-aea3-89cc4b632c7f,Branch · WeaselNet Logo Concepts,2026-07-04T13:01:04.582855+00:00,c3445448-4ba4-4b98-8642-df28df35e8c6,2026-07-05T16:06:46.673972+00:00,user,file_00000000f474722fb89ecedd62773f38,file_00000000f474722fb89ecedd62773f38.dat,69A52455-1847-475A-B359-5733744A22BE.jpeg,image/jpeg,609572,message_attachment,conversations-004(1).json
6a49040d-ebc4-83ea-aea3-89cc4b632c7f,Branch · WeaselNet Logo Concepts,2026-07-04T13:01:04.582855+00:00,c3445448-4ba4-4b98-8642-df28df35e8c6,2026-07-05T16:06:46.673972+00:00,user,file_000000006b3071f592d2156e8579497c,file_000000006b3071f592d2156e8579497c.dat,BC5782A9-A20F-40D3-8663-2BEC91ECB734.jpeg,image/png,687536,message_attachment,conversations-004(1).json
6a498c6a-aa24-83ea-8e4c-134b9c0194c4,Zombie Survival Game Ideas,2026-07-04T22:45:27.753684+00:00,cd73b526-d6e7-4e43-b1ab-f76637b65c96,2026-07-04T22:45:26.738270+00:00,user,file_000000002530722fadfbd6dc0982c559,file_000000002530722fadfbd6dc0982c559.dat,437EC8FF-8694-49B7-8792-35E5283FB52E.jpeg,image/jpeg,254015,message_attachment,conversations-004(1).json
6a49d4a9-bcd4-83ea-b15f-4079858a3dc8,Network Latency and Settings,2026-07-05T03:51:46.929624+00:00,45912aab-94bc-492f-9dd5-1c9ea9ba0d1a,2026-07-05T03:51:46.963000+00:00,user,file_000000000b2c720cace9f57147163379,file_000000000b2c720cace9f57147163379.dat,bccc5421-da69-4c63-aeb8-d5424892342a.png,image/png,28687,local,conversations-004(1).json
6a49d4a9-bcd4-83ea-b15f-4079858a3dc8,Network Latency and Settings,2026-07-05T03:51:46.929624+00:00,65a0a3d9-2a8c-4c6b-bd77-9a12ce21a61b,2026-07-07T23:25:59.568000+00:00,user,file_000000004068722fbab840136ac65150,file_000000004068722fbab840136ac65150.dat,il-2.-P51D-Quest3-RTX4000Ada-XXX.csv,text/csv,2914845,local,conversations-004(1).json
6a49d4a9-bcd4-83ea-b15f-4079858a3dc8,Network Latency and Settings,2026-07-05T03:51:46.929624+00:00,9d25a14e-e9f1-4750-b2b2-2dd13454b3e4,2026-07-08T00:04:28.848000+00:00,user,file_000000008cb0720c88909c82b1d2e33a,file_000000008cb0720c88909c82b1d2e33a.dat,DCS-P51D-Quest3-RTX4000Ada-Networklockedat5GFPSMaxx40.csv,text/csv,4808775,local,conversations-004(1).json
6a49d4a9-bcd4-83ea-b15f-4079858a3dc8,Network Latency and Settings,2026-07-05T03:51:46.929624+00:00,f9b06d1e-a933-4882-9a3a-e38495693ae5,2026-07-07T00:37:46.411000+00:00,user,file_0000000041fc71f7bb81680e80c7b92a,file_0000000041fc71f7bb81680e80c7b92a.dat,DCS-P51D-Quest3-RTX4000Ada-NVidia_AggresiveFan-curve.csv,text/csv,868371,local,conversations-004(1).json
6a4d175e-f360-83ea-975b-b6803fbbfc86,Data Parsing and GPU Analysis,2026-07-07T15:13:46.695793+00:00,224d26d8-6647-4782-a7d3-58bff22c3f2d,2026-07-07T15:13:46.078000+00:00,user,file_000000003d78722fbf88cb32ab2a34ab,file_000000003d78722fbf88cb32ab2a34ab.dat,PresentMon-2026-07-06T095158.csv,text/csv,80989160,local,conversations-004(1).json
6a4e7195-9898-83ea-bea4-3da580c1116a,Performance Testing Tools,2026-07-08T15:52:11.251649+00:00,db0d7ff5-2324-4e7c-bb63-f0979f95ae9e,2026-07-08T15:52:10.821000+00:00,user,file_000000004038722fbc1e69ffc2e76e5f,file_000000004038722fbc1e69ffc2e76e5f.dat,PresentMon-2026-07-07_HUB-P12.csv,text/csv,13490484,local,conversations-004(1).json
6a4e7195-9898-83ea-bea4-3da580c1116a,Performance Testing Tools,2026-07-08T15:52:11.251649+00:00,db0d7ff5-2324-4e7c-bb63-f0979f95ae9e,2026-07-08T15:52:10.821000+00:00,user,file_00000000fd98720c8a02ee655eba1c91,file_00000000fd98720c8a02ee655eba1c91.dat,monitor-hub-p12.CSV,text/csv,901870,local,conversations-004(1).json
6a4fa243-7eec-83ea-ae1b-5d4e580b93d9,Mid-year review assistance,2026-07-09T13:29:40.404876+00:00,00e3fee4-27cc-4aec-ab80-4f0b377300a9,2026-07-09T14:25:01.691000+00:00,user,file_000000009444722f8700fb9fb9a19029,file_000000009444722f8700fb9fb9a19029.dat,c9570123-45e1-4ceb-8517-2a86ba0f3f6f.png,image/png,42198,local,conversations-004(1).json
6a4fa243-7eec-83ea-ae1b-5d4e580b93d9,Mid-year review assistance,2026-07-09T13:29:40.404876+00:00,2e41dd4f-4af5-4318-94b4-e5f30e32802e,2026-07-09T14:23:51.546000+00:00,user,file_00000000709c720c8700d645f569d202,file_00000000709c720c8700d645f569d202.dat,4cd93417-0ee2-44ce-a5fc-0a44723d5b89.png,image/png,35341,local,conversations-004(1).json
6a4fa243-7eec-83ea-ae1b-5d4e580b93d9,Mid-year review assistance,2026-07-09T13:29:40.404876+00:00,3d8ceafc-b772-4094-8243-cfdb76674eda,2026-07-09T14:23:58.764000+00:00,user,file_000000008604720c9e74cca296941988,file_000000008604720c9e74cca296941988.dat,6d779b94-f6ce-4393-901d-28515c6642e1.png,image/png,39976,local,conversations-004(1).json
6a4fa243-7eec-83ea-ae1b-5d4e580b93d9,Mid-year review assistance,2026-07-09T13:29:40.404876+00:00,640296c9-1a4f-4619-b249-c0567ee5a5ce,2026-07-09T13:34:14.149000+00:00,user,file_000000004818720c8d879d5aec6eb81e,file_000000004818720c8d879d5aec6eb81e.dat,d5db6f46-3028-4414-b9fb-66e15774b8d5.png,image/png,31892,local,conversations-004(1).json
6a4fa243-7eec-83ea-ae1b-5d4e580b93d9,Mid-year review assistance,2026-07-09T13:29:40.404876+00:00,640296c9-1a4f-4619-b249-c0567ee5a5ce,2026-07-09T13:34:14.149000+00:00,user,file_0000000053e4720ca62f09c1f98857f5,file_0000000053e4720ca62f09c1f98857f5.dat,f7a68bdb-8e49-4882-bf56-a90d5fe54715.png,image/png,8454,local,conversations-004(1).json
6a4fa243-7eec-83ea-ae1b-5d4e580b93d9,Mid-year review assistance,2026-07-09T13:29:40.404876+00:00,640296c9-1a4f-4619-b249-c0567ee5a5ce,2026-07-09T13:34:14.149000+00:00,user,file_00000000fa64720c860d1a2f9c6ebab2,file_00000000fa64720c860d1a2f9c6ebab2.dat,cc814575-9596-473b-bdad-9cfb3bddc443.png,image/png,24831,local,conversations-004(1).json
80b5b0a9-786f-42b6-8422-eaa9d90f5ca8,Cartoon Girl Illustration,2024-01-31T12:42:36.060460+00:00,aaa24ca7-dba7-44d6-89c8-f203a4258b91,2024-01-31T12:42:36.061340+00:00,user,file-1Eb5pm91NJn6LdW0gvGmvOTU,file-1Eb5pm91NJn6LdW0gvGmvOTU.dat,WIN_20240130_08_32_44_Pro.jpg,image/jpeg,157444,message_attachment,conversations-004(1).json
8212127e-da07-42ad-872d-4f2af492b5d3,"Jaguar Tattoo, Minimalist Style",2024-02-23T02:00:38.731557+00:00,d4dcc8f5-913d-492b-a90d-d1ecfdbfcae4,2024-02-23T02:22:20.279547+00:00,user,file-10iXw18mziHOVlBPbx0raMsf,file-10iXw18mziHOVlBPbx0raMsf.dat,IMG_6837.jpeg,,873120,message_attachment,conversations-004(1).json
82d6dd78-87c3-400b-af2a-2a4afd3dec9b,TypeScript POM Template for Virtual Keyboard Testing,2023-11-16T18:45:19.522533+00:00,aaa2bd86-0fd1-4457-b55a-5a6d7a5b6979,2023-11-16T18:45:19.523775+00:00,user,file-0tBWQ54UW6E3htuz7rTSEiyF,file-0tBWQ54UW6E3htuz7rTSEiyF.dat,virtualKeyboard.tsx.docx,application/vnd.openxmlformats-officedocument.wordprocessingml.document,18652,message_attachment,conversations-004(1).json
87d18bce-cc7c-4ecc-9d8d-26feecf1f4ea,Similar style chair modeled,2024-03-01T18:15:22.000704+00:00,aaa25876-36fe-4959-9688-22f2a8bdb789,2024-03-01T18:15:22.001167+00:00,user,file-9cZwkB5ND1aLUXqW4uFyKKcS,file-9cZwkB5ND1aLUXqW4uFyKKcS.dat,image.png,image/png,360616,message_attachment,conversations-004(1).json
928610c6-b977-4851-a2e3-8704807ab15a,Pixar-style Cartoonification of User,2024-01-31T12:36:48.810599+00:00,eec21f3d-1aaf-41e3-8972-65b998bf84c3,2024-01-31T12:37:06.280039+00:00,user,file-J8VuM3CJIjED5CXoysz0NVrA,file-J8VuM3CJIjED5CXoysz0NVrA.dat,IMG_6906.jpeg,,496762,message_attachment,conversations-005(1).json
935c9b63-04da-4b83-916a-2c3390e6bcde,Test Engineer's Key Accomplishments,2024-05-21T21:26:40.632219+00:00,aaa23768-61d0-4b09-b3d0-daffc484f68e,2024-05-22T19:07:54.311750+00:00,user,file-L8YYVnWGCFRtdIyRjxi6h3VC,file-L8YYVnWGCFRtdIyRjxi6h3VC.dat,Resume.pdf,application/pdf,70799,message_attachment,conversations-005(1).json
935c9b63-04da-4b83-916a-2c3390e6bcde,Test Engineer's Key Accomplishments,2024-05-21T21:26:40.632219+00:00,aaa2fbe7-3171-4bf0-aea2-5c829e5640bd,2024-05-24T15:28:04.795296+00:00,user,file-oW0kxMZFtxm9ekpIYGsXfsNP,file-oW0kxMZFtxm9ekpIYGsXfsNP.dat,Joshua-Morel Resume.pdf,application/pdf,67387,message_attachment,conversations-005(1).json
935c9b63-04da-4b83-916a-2c3390e6bcde,Test Engineer's Key Accomplishments,2024-05-21T21:26:40.632219+00:00,aaa2fbe7-3171-4bf0-aea2-5c829e5640bd,2024-05-24T15:28:04.795296+00:00,user,file-hbfCNkcRBh3whMzQCJGeKyvV,file-hbfCNkcRBh3whMzQCJGeKyvV.dat,MEdtronic description.rtf,application/rtf,7874,message_attachment,conversations-005(1).json
9b01b26a-f772-4fb6-a5d9-d9327ab7ef6f,Analyze Financial Statement: Company?,2024-05-30T09:54:50.708835+00:00,40269247-b8b4-4185-b989-b8d5687af02f,2024-05-30T09:55:38.911413+00:00,user,file-QxSoIv6EuMVzBNLBsm0w61tz,file-QxSoIv6EuMVzBNLBsm0w61tz.dat,Globus Medical Reports First Quarter 2024 Results.pdf,application/pdf,96678,message_attachment,conversations-005(1).json
9f9c9727-ee16-4692-bd32-923216dbb4bf,Spring Palette Suits You,2024-04-06T03:21:16.939855+00:00,e30ebd98-0ed7-4004-8d49-dd8f26253d88,2024-04-06T03:21:16.940504+00:00,user,file-Jg6fxYM9JKepqOpRuAlYTFsP,file-Jg6fxYM9JKepqOpRuAlYTFsP.dat,C7201D3B-EAC3-45E0-8790-412622A792ED.jpeg,,506994,message_attachment,conversations-005(1).json
ad9251f8-7a3d-4aea-8118-3452d9375934,Pixar-style superhero transformation,2024-01-30T02:10:50.461285+00:00,61723a0b-b6b1-4ebe-803a-4e1b681d6919,2024-01-30T02:10:50.462403+00:00,user,file-gO0O9R1hu6pn8CwEJ2U4U3LP,file-gO0O9R1hu6pn8CwEJ2U4U3LP.dat,IMG_6880.jpeg,,762474,message_attachment,conversations-005(1).json
b0e77d77-b049-43ec-98f1-9ce62d7d6e2e,Create STL from Photo,2024-07-05T18:09:37.558140+00:00,aaa282df-95f3-476a-ab31-dca1bf519ea3,2024-07-05T18:11:18.570828+00:00,user,file-3LRpHWXqWpt6NZnSqFpUyyN2,file-3LRpHWXqWpt6NZnSqFpUyyN2.dat,tiger.fbx,,168448,message_attachment,conversations-005(1).json
b0e77d77-b049-43ec-98f1-9ce62d7d6e2e,Create STL from Photo,2024-07-05T18:09:37.558140+00:00,aaa2fd17-5053-4533-8e56-31ec3af4427a,2024-07-05T18:09:38.647000+00:00,user,file-qwyq58OQbtoKUcteglIypLcb,file-qwyq58OQbtoKUcteglIypLcb.dat,image.png,image/png,1149334,message_attachment,conversations-005(1).json
bbebd4cd-a5c3-4d6f-bebf-d445ecf66846,4K ToggleSwitch Styling,2024-02-27T18:43:39.176343+00:00,aaa25270-b950-4b44-a9f8-a331d1097ec6,2024-02-27T18:46:25.863688+00:00,user,file-dbjINxpeyM8IHbDQfncPOfBG,file-dbjINxpeyM8IHbDQfncPOfBG.dat,image.png,image/png,11674,message_attachment,conversations-005(1).json
c2018ca1-e979-4358-b910-9d1de5cf0d96,RAD Gain Calibration Interface,2024-03-06T17:23:41.936578+00:00,aaa20da0-31eb-4988-b408-e4bdf4b62eb7,2024-03-06T18:16:24.142931+00:00,user,file-yxCDv1Bb3X7gtfwgeKjvZBNK,file-yxCDv1Bb3X7gtfwgeKjvZBNK.dat,requirements.png,image/png,149274,message_attachment,conversations-005(1).json
c2018ca1-e979-4358-b910-9d1de5cf0d96,RAD Gain Calibration Interface,2024-03-06T17:23:41.936578+00:00,aaa2592e-879b-498b-875e-d030742c8dcc,2024-03-06T18:06:14.872060+00:00,user,file-m8Mt8osXafdUazZUZFDtFnCS,file-m8Mt8osXafdUazZUZFDtFnCS.dat,image (3).png,image/png,411516,message_attachment,conversations-005(1).json
c2018ca1-e979-4358-b910-9d1de5cf0d96,RAD Gain Calibration Interface,2024-03-06T17:23:41.936578+00:00,aaa2592e-879b-498b-875e-d030742c8dcc,2024-03-06T18:06:14.872060+00:00,user,file-Jg15NHDJze5Tf2IPbw2vo0JU,file-Jg15NHDJze5Tf2IPbw2vo0JU.dat,image.png,image/png,562777,message_attachment,conversations-005(1).json
c2018ca1-e979-4358-b910-9d1de5cf0d96,RAD Gain Calibration Interface,2024-03-06T17:23:41.936578+00:00,aaa2592e-879b-498b-875e-d030742c8dcc,2024-03-06T18:06:14.872060+00:00,user,file-gpXlAui2bZ71AsRmprfG97zk,file-gpXlAui2bZ71AsRmprfG97zk.dat,r.png,image/png,514824,message_attachment,conversations-005(1).json
c2018ca1-e979-4358-b910-9d1de5cf0d96,RAD Gain Calibration Interface,2024-03-06T17:23:41.936578+00:00,aaa2592e-879b-498b-875e-d030742c8dcc,2024-03-06T18:06:14.872060+00:00,user,file-vNWaZLiSgpd2gLMDH7Si8GKw,file-vNWaZLiSgpd2gLMDH7Si8GKw.dat,requirements.png,image/png,149274,message_attachment,conversations-005(1).json
c2018ca1-e979-4358-b910-9d1de5cf0d96,RAD Gain Calibration Interface,2024-03-06T17:23:41.936578+00:00,aaa2592e-879b-498b-875e-d030742c8dcc,2024-03-06T18:06:14.872060+00:00,user,file-cnyd5cudHgfsnObjHcaJkCni,file-cnyd5cudHgfsnObjHcaJkCni.dat,image (1).png,image/png,503530,message_attachment,conversations-005(1).json
c2018ca1-e979-4358-b910-9d1de5cf0d96,RAD Gain Calibration Interface,2024-03-06T17:23:41.936578+00:00,aaa2592e-879b-498b-875e-d030742c8dcc,2024-03-06T18:06:14.872060+00:00,user,file-FaAShu3FKlhf1iisn6qHg0UA,file-FaAShu3FKlhf1iisn6qHg0UA.dat,image (2).png,image/png,411516,message_attachment,conversations-005(1).json
c2018ca1-e979-4358-b910-9d1de5cf0d96,RAD Gain Calibration Interface,2024-03-06T17:23:41.936578+00:00,aaa2e964-851f-4701-9403-3f92bb16563a,2024-03-06T17:23:41.937221+00:00,user,file-AyATILF74MZdBpwOP2zLaVKW,file-AyATILF74MZdBpwOP2zLaVKW.dat,image.png,image/png,520404,message_attachment,conversations-005(1).json
c496ed3a-04ea-4c85-91e7-77f9c9ce5713,Pixar-style superhero girl illustration,2024-01-30T02:05:12.554220+00:00,7c842e34-09b3-434e-a951-c7e36ad1554f,2024-01-30T02:05:12.555389+00:00,user,file-cGmwUSUEJChzNJGLZWKTs9Ae,file-cGmwUSUEJChzNJGLZWKTs9Ae.dat,IMG_6878.jpeg,,564357,message_attachment,conversations-005(1).json
c496ed3a-04ea-4c85-91e7-77f9c9ce5713,Pixar-style superhero girl illustration,2024-01-30T02:05:12.554220+00:00,a5f2fbf6-c00f-4846-b9f5-b368e8cc65dd,2024-01-30T02:28:41.473145+00:00,user,file-S27eeGd02CaocSgLdBf2s8Qx,file-S27eeGd02CaocSgLdBf2s8Qx.dat,IMG_6878.jpeg,,564357,message_attachment,conversations-005(1).json
c496ed3a-04ea-4c85-91e7-77f9c9ce5713,Pixar-style superhero girl illustration,2024-01-30T02:05:12.554220+00:00,ad224ec6-d4e4-4a3c-aa45-ae3e98d4fd8f,2024-01-30T02:48:36.025580+00:00,user,file-IVXRArtimbHR83sDnqdQiqe0,file-IVXRArtimbHR83sDnqdQiqe0.dat,IMG_2314.jpeg,,378696,message_attachment,conversations-005(1).json
c496ed3a-04ea-4c85-91e7-77f9c9ce5713,Pixar-style superhero girl illustration,2024-01-30T02:05:12.554220+00:00,c5351e23-4c7c-4a5e-b9c1-cfb964501e81,2024-01-30T02:44:16.184140+00:00,user,file-5KVPxYp9999gyTWzDwJ2oX33,file-5KVPxYp9999gyTWzDwJ2oX33.dat,IMG_2314.jpeg,,378696,message_attachment,conversations-005(1).json
c496ed3a-04ea-4c85-91e7-77f9c9ce5713,Pixar-style superhero girl illustration,2024-01-30T02:05:12.554220+00:00,cd243c1f-4cae-4268-93cd-05f1dad299ad,2024-01-30T02:15:22.500425+00:00,user,file-HZsmokUBoti0L5M2t2meYk6w,file-HZsmokUBoti0L5M2t2meYk6w.dat,IMG_6880.jpeg,,762474,message_attachment,conversations-005(1).json
c496ed3a-04ea-4c85-91e7-77f9c9ce5713,Pixar-style superhero girl illustration,2024-01-30T02:05:12.554220+00:00,e205429d-4456-46bd-bfe5-010c4221972b,2024-01-30T03:11:53.956929+00:00,user,file-OMCiQTZzjjPZV0X0kXO2UQS5,file-OMCiQTZzjjPZV0X0kXO2UQS5.dat,IMG_2039.jpeg,,120920,message_attachment,conversations-005(1).json
c496ed3a-04ea-4c85-91e7-77f9c9ce5713,Pixar-style superhero girl illustration,2024-01-30T02:05:12.554220+00:00,f6dc2203-1ba9-4e97-9399-390f2416573d,2024-01-30T02:50:05.438416+00:00,user,file-Di0bBiZm83l78lROA4MQeiO7,file-Di0bBiZm83l78lROA4MQeiO7.dat,IMG_2039.jpeg,,120920,message_attachment,conversations-005(1).json
c6c378ed-eaff-4c48-8855-54459744faae,Greek Statue of LinkedIn User,2023-11-17T22:20:53.764055+00:00,22809900-47a4-4150-862e-3572e34779b6,2023-11-17T22:25:45.825859+00:00,user,file-fqXEHWpnG8OHF0XCRmdHCJxb,file-fqXEHWpnG8OHF0XCRmdHCJxb.dat,IMG_5770.jpeg,,455434,message_attachment,conversations-005(1).json
c6c378ed-eaff-4c48-8855-54459744faae,Greek Statue of LinkedIn User,2023-11-17T22:20:53.764055+00:00,8fca172a-8e95-4150-a34a-588374124745,2023-11-17T22:28:34.228203+00:00,user,file-92WDgs9XqQpDm8bADSxVeUAO,file-92WDgs9XqQpDm8bADSxVeUAO.dat,photo-5B3E7295-F54B-4554-9FFA-2410AF727CCA.png,,959631,message_attachment,conversations-005(1).json
c6c378ed-eaff-4c48-8855-54459744faae,Greek Statue of LinkedIn User,2023-11-17T22:20:53.764055+00:00,8fca172a-8e95-4150-a34a-588374124745,2023-11-17T22:28:34.228203+00:00,user,file-vSIMWrHCC7WNgLfZr7XGkRyz,file-vSIMWrHCC7WNgLfZr7XGkRyz.dat,IMG_6364.jpeg,,377308,message_attachment,conversations-005(1).json
c6c378ed-eaff-4c48-8855-54459744faae,Greek Statue of LinkedIn User,2023-11-17T22:20:53.764055+00:00,c25356a7-1249-46b1-8eab-c24e39c7dc33,2023-11-17T22:20:53.764568+00:00,user,file-73lzaef7bITIIrPf96HFc67v,file-73lzaef7bITIIrPf96HFc67v.dat,IMG_6227.jpeg,,453498,message_attachment,conversations-005(1).json
d993201e-5c44-800e-965f-59438025f204,Describe picnic table,2025-10-10T23:50:36.616145+00:00,49481f48-f567-acbb-a914-20912df33ce1,2025-10-10T23:50:21.985535+00:00,user,file-6JDM4QgVRwQwzhT6Yrpdfe,file-6JDM4QgVRwQwzhT6Yrpdfe.dat,untitled.jpg,image/jpeg,306363,message_attachment,conversations-005(1).json
ec56d8be-85c5-4e6b-9315-900de52a9787,Position Interview Assistance,2024-05-30T10:23:23.645673+00:00,aaa24b86-fd82-4d07-a8c9-47fe2c769799,2024-05-30T11:00:55.184029+00:00,user,file-Yz4XrCTg29FJziqqz4NOOWDv,file-Yz4XrCTg29FJziqqz4NOOWDv.dat,JoshuaMorels-Resume.pdf,application/pdf,67382,message_attachment,conversations-005(1).json
ec56d8be-85c5-4e6b-9315-900de52a9787,Position Interview Assistance,2024-05-30T10:23:23.645673+00:00,aaa278dc-fc18-4ca7-bc0f-f33cc4789d92,2024-05-30T10:30:28.785753+00:00,user,file-mNkHwINJXOdphCnD3JoG9gtU,file-mNkHwINJXOdphCnD3JoG9gtU.dat,Senior SQA job description.pdf,application/pdf,160037,message_attachment,conversations-005(1).json
f121a59e-8f40-4f51-8cd4-2e0439ed5db7,Create WinUI 3 DatePicker,2024-03-19T12:09:18.871059+00:00,aaa279ed-f938-4ed5-a3dc-9382612dc1dc,2024-03-19T12:09:18.871697+00:00,user,file-rouJg3fDpVHtMVos6mJYJeqk,file-rouJg3fDpVHtMVos6mJYJeqk.dat,image.png,image/png,25338,message_attachment,conversations-006(1).json
f80ce050-b076-4c11-8366-005cddf728b3,Logo on Wall Request,2023-11-01T21:07:41.392850+00:00,1ad1108d-28e9-4794-8cfe-be4d65a6c25e,2023-11-01T21:07:41.393433+00:00,user,file-29KcaQ58yVJiWvWq8YftaSMt,file-29KcaQ58yVJiWvWq8YftaSMt.dat,IMG_6227.jpeg,,,content_asset_pointer,conversations-006(1).json
f80ce050-b076-4c11-8366-005cddf728b3,Logo on Wall Request,2023-11-01T21:07:41.392850+00:00,1ad1108d-28e9-4794-8cfe-be4d65a6c25e,2023-11-01T21:07:41.393433+00:00,user,file-JvTneFrLsFjqqgkuEdtGsG9K,file-JvTneFrLsFjqqgkuEdtGsG9K.dat,Resized_20230814_170843.jpeg,,,content_asset_pointer,conversations-006(1).json
